Domain Code,Domain,Area Code (M49),Area,Element Code,Element,Item Code (CPC),Item,Year Code,Year,Unit,Value,Flag,Flag Description,Note
"QCL","Crops and livestock products","356","India","5312","Area harvested","01371","Almonds, in shell","2010","2010","ha","","M","Missing value; data cannot exist",""
"QCL","Crops and livestock products","356","India","5510","Production","01371","Almonds, in shell","2010","2010","t","","M","Missing value; data cannot exist",""
"QCL","Crops and livestock products","356","India","5312","Area harvested","01371","Almonds, in shell","2011","2011","ha","23000","A","Official value",""
"QCL","Crops and livestock products","356","India","5412","Yield","01371","Almonds, in shell","2011","2011","kg/ha","608.7","A","Official value",""
"QCL","Crops and livestock products","356","India","5510","Production","01371","Almonds, in shell","2011","2011","t","14000","A","Official value",""
"QCL","Crops and livestock products","356","India","5312","Area harvested","01371","Almonds, in shell","2012","2012","ha","22000","A","Official value",""
"QCL","Crops and livestock products","356","India","5412","Yield","01371","Almonds, in shell","2012","2012","kg/ha","181.8","A","Official value",""
"QCL","Crops and livestock products","356","India","5510","Production","01371","Almonds, in shell","2012","2012","t","4000","A","Official value",""
"QCL","Crops and livestock products","356","India","5312","Area harvested","01371","Almonds, in shell","2013","2013","ha","21000","A","Official value",""
"QCL","Crops and livestock products","356","India","5412","Yield","01371","Almonds, in shell","2013","2013","kg/ha","428.6","A","Official value",""
"QCL","Crops and livestock products","356","India","5510","Production","01371","Almonds, in shell","2013","2013","t","9000","A","Official value",""
"QCL","Crops and livestock products","356","India","5312","Area harvested","01371","Almonds, in shell","2014","2014","ha","21000","A","Official value",""
"QCL","Crops and livestock products","356","India","5412","Yield","01371","Almonds, in shell","2014","2014","kg/ha","619","A","Official value",""
"QCL","Crops and livestock products","356","India","5510","Production","01371","Almonds, in shell","2014","2014","t","13000","A","Official value",""
"QCL","Crops and livestock products","356","India","5312","Area harvested","01371","Almonds, in shell","2015","2015","ha","21000","A","Official value",""
"QCL","Crops and livestock products","356","India","5412","Yield","01371","Almonds, in shell","2015","2015","kg/ha","476.2","A","Official value",""
"QCL","Crops and livestock products","356","India","5510","Production","01371","Almonds, in shell","2015","2015","t","10000","A","Official value",""
"QCL","Crops and livestock products","356","India","5312","Area harvested","01371","Almonds, in shell","2016","2016","ha","11685","A","Official value",""
"QCL","Crops and livestock products","356","India","5412","Yield","01371","Almonds, in shell","2016","2016","kg/ha","678.9","A","Official value",""
"QCL","Crops and livestock products","356","India","5510","Production","01371","Almonds, in shell","2016","2016","t","7933","A","Official value",""
"QCL","Crops and livestock products","356","India","5312","Area harvested","01371","Almonds, in shell","2017","2017","ha","12075","A","Official value",""
"QCL","Crops and livestock products","356","India","5412","Yield","01371","Almonds, in shell","2017","2017","kg/ha","584.8","A","Official value",""
"QCL","Crops and livestock products","356","India","5510","Production","01371","Almonds, in shell","2017","2017","t","7061","A","Official value",""
"QCL","Crops and livestock products","356","India","5312","Area harvested","01371","Almonds, in shell","2018","2018","ha","10584","A","Official value",""
"QCL","Crops and livestock products","356","India","5412","Yield","01371","Almonds, in shell","2018","2018","kg/ha","1293.3","A","Official value",""
"QCL","Crops and livestock products","356","India","5510","Production","01371","Almonds, in shell","2018","2018","t","13688","A","Official value",""
"QCL","Crops and livestock products","356","India","5312","Area harvested","01371","Almonds, in shell","2019","2019","ha","10432","A","Official value",""
"QCL","Crops and livestock products","356","India","5412","Yield","01371","Almonds, in shell","2019","2019","kg/ha","1051.3","A","Official value",""
"QCL","Crops and livestock products","356","India","5510","Production","01371","Almonds, in shell","2019","2019","t","10967","A","Official value",""
"QCL","Crops and livestock products","356","India","5312","Area harvested","01371","Almonds, in shell","2020","2020","ha","8954","A","Official value",""
"QCL","Crops and livestock products","356","India","5412","Yield","01371","Almonds, in shell","2020","2020","kg/ha","1214.4","A","Official value",""
"QCL","Crops and livestock products","356","India","5510","Production","01371","Almonds, in shell","2020","2020","t","10874","A","Official value",""
"QCL","Crops and livestock products","356","India","5312","Area harvested","01371","Almonds, in shell","2021","2021","ha","10156","A","Official value",""
"QCL","Crops and livestock products","356","India","5412","Yield","01371","Almonds, in shell","2021","2021","kg/ha","1110.9","A","Official value",""
"QCL","Crops and livestock products","356","India","5510","Production","01371","Almonds, in shell","2021","2021","t","11282","A","Official value",""
"QCL","Crops and livestock products","356","India","5312","Area harvested","01371","Almonds, in shell","2022","2022","ha","10282","A","Official value",""
"QCL","Crops and livestock products","356","India","5412","Yield","01371","Almonds, in shell","2022","2022","kg/ha","1171.6","A","Official value",""
"QCL","Crops and livestock products","356","India","5510","Production","01371","Almonds, in shell","2022","2022","t","12046","A","Official value",""
"QCL","Crops and livestock products","356","India","5312","Area harvested","01371","Almonds, in shell","2023","2023","ha","9944","A","Official value",""
"QCL","Crops and livestock products","356","India","5412","Yield","01371","Almonds, in shell","2023","2023","kg/ha","1252.5","A","Official value",""
"QCL","Crops and livestock products","356","India","5510","Production","01371","Almonds, in shell","2023","2023","t","12455","A","Official value",""
"QCL","Crops and livestock products","356","India","5312","Area harvested","01654","Anise, badian, coriander, cumin, caraway, fennel and juniper berries, raw","2000","2000","ha","680770","A","Official value",""
"QCL","Crops and livestock products","356","India","5412","Yield","01654","Anise, badian, coriander, cumin, caraway, fennel and juniper berries, raw","2000","2000","kg/ha","483.9","A","Official value",""
"QCL","Crops and livestock products","356","India","5510","Production","01654","Anise, badian, coriander, cumin, caraway, fennel and juniper berries, raw","2000","2000","t","329410","A","Official value",""
"QCL","Crops and livestock products","356","India","5312","Area harvested","01654","Anise, badian, coriander, cumin, caraway, fennel and juniper berries, raw","2001","2001","ha","695230","A","Official value",""
"QCL","Crops and livestock products","356","India","5412","Yield","01654","Anise, badian, coriander, cumin, caraway, fennel and juniper berries, raw","2001","2001","kg/ha","572.4","A","Official value",""
"QCL","Crops and livestock products","356","India","5510","Production","01654","Anise, badian, coriander, cumin, caraway, fennel and juniper berries, raw","2001","2001","t","397930","A","Official value",""
"QCL","Crops and livestock products","356","India","5312","Area harvested","01654","Anise, badian, coriander, cumin, caraway, fennel and juniper berries, raw","2002","2002","ha","995760","A","Official value",""
"QCL","Crops and livestock products","356","India","5412","Yield","01654","Anise, badian, coriander, cumin, caraway, fennel and juniper berries, raw","2002","2002","kg/ha","566.8","A","Official value",""
"QCL","Crops and livestock products","356","India","5510","Production","01654","Anise, badian, coriander, cumin, caraway, fennel and juniper berries, raw","2002","2002","t","564350","A","Official value",""
"QCL","Crops and livestock products","356","India","5312","Area harvested","01654","Anise, badian, coriander, cumin, caraway, fennel and juniper berries, raw","2003","2003","ha","830060","A","Official value",""
"QCL","Crops and livestock products","356","India","5412","Yield","01654","Anise, badian, coriander, cumin, caraway, fennel and juniper berries, raw","2003","2003","kg/ha","405.5","A","Official value",""
"QCL","Crops and livestock products","356","India","5510","Production","01654","Anise, badian, coriander, cumin, caraway, fennel and juniper berries, raw","2003","2003","t","336550","A","Official value",""
"QCL","Crops and livestock products","356","India","5312","Area harvested","01654","Anise, badian, coriander, cumin, caraway, fennel and juniper berries, raw","2004","2004","ha","956770","A","Official value",""
"QCL","Crops and livestock products","356","India","5412","Yield","01654","Anise, badian, coriander, cumin, caraway, fennel and juniper berries, raw","2004","2004","kg/ha","673.5","A","Official value",""
"QCL","Crops and livestock products","356","India","5510","Production","01654","Anise, badian, coriander, cumin, caraway, fennel and juniper berries, raw","2004","2004","t","644340","A","Official value",""
"QCL","Crops and livestock products","356","India","5312","Area harvested","01654","Anise, badian, coriander, cumin, caraway, fennel and juniper berries, raw","2005","2005","ha","685140","A","Official value",""
"QCL","Crops and livestock products","356","India","5412","Yield","01654","Anise, badian, coriander, cumin, caraway, fennel and juniper berries, raw","2005","2005","kg/ha","619.4","A","Official value",""
"QCL","Crops and livestock products","356","India","5510","Production","01654","Anise, badian, coriander, cumin, caraway, fennel and juniper berries, raw","2005","2005","t","424400","A","Official value",""
"QCL","Crops and livestock products","356","India","5312","Area harvested","01654","Anise, badian, coriander, cumin, caraway, fennel and juniper berries, raw","2006","2006","ha","732890","A","Official value",""
"QCL","Crops and livestock products","356","India","5412","Yield","01654","Anise, badian, coriander, cumin, caraway, fennel and juniper berries, raw","2006","2006","kg/ha","605","A","Official value",""
"QCL","Crops and livestock products","356","India","5510","Production","01654","Anise, badian, coriander, cumin, caraway, fennel and juniper berries, raw","2006","2006","t","443400","A","Official value",""
"QCL","Crops and livestock products","356","India","5312","Area harvested","01654","Anise, badian, coriander, cumin, caraway, fennel and juniper berries, raw","2007","2007","ha","732830","A","Official value",""
"QCL","Crops and livestock products","356","India","5412","Yield","01654","Anise, badian, coriander, cumin, caraway, fennel and juniper berries, raw","2007","2007","kg/ha","585.7","A","Official value",""
"QCL","Crops and livestock products","356","India","5510","Production","01654","Anise, badian, coriander, cumin, caraway, fennel and juniper berries, raw","2007","2007","t","429230","A","Official value",""
"QCL","Crops and livestock products","356","India","5312","Area harvested","01654","Anise, badian, coriander, cumin, caraway, fennel and juniper berries, raw","2010","2010","ha","787680","A","Official value",""
"QCL","Crops and livestock products","356","India","5412","Yield","01654","Anise, badian, coriander, cumin, caraway, fennel and juniper berries, raw","2010","2010","kg/ha","570.8","A","Official value",""
"QCL","Crops and livestock products","356","India","5510","Production","01654","Anise, badian, coriander, cumin, caraway, fennel and juniper berries, raw","2010","2010","t","449600","A","Official value",""
"QCL","Crops and livestock products","356","India","5312","Area harvested","01654","Anise, badian, coriander, cumin, caraway, fennel and juniper berries, raw","2011","2011","ha","1099600","A","Official value",""
"QCL","Crops and livestock products","356","India","5412","Yield","01654","Anise, badian, coriander, cumin, caraway, fennel and juniper berries, raw","2011","2011","kg/ha","819.9","A","Official value",""
"QCL","Crops and livestock products","356","India","5510","Production","01654","Anise, badian, coriander, cumin, caraway, fennel and juniper berries, raw","2011","2011","t","901600","A","Official value",""
"QCL","Crops and livestock products","356","India","5312","Area harvested","01654","Anise, badian, coriander, cumin, caraway, fennel and juniper berries, raw","2012","2012","ha","1252000","A","Official value",""
"QCL","Crops and livestock products","356","India","5412","Yield","01654","Anise, badian, coriander, cumin, caraway, fennel and juniper berries, raw","2012","2012","kg/ha","854.6","A","Official value",""
"QCL","Crops and livestock products","356","India","5510","Production","01654","Anise, badian, coriander, cumin, caraway, fennel and juniper berries, raw","2012","2012","t","1070000","A","Official value",""
"QCL","Crops and livestock products","356","India","5312","Area harvested","01654","Anise, badian, coriander, cumin, caraway, fennel and juniper berries, raw","2013","2013","ha","1237000","A","Official value",""
"QCL","Crops and livestock products","356","India","5412","Yield","01654","Anise, badian, coriander, cumin, caraway, fennel and juniper berries, raw","2013","2013","kg/ha","857.7","A","Official value",""
"QCL","Crops and livestock products","356","India","5510","Production","01654","Anise, badian, coriander, cumin, caraway, fennel and juniper berries, raw","2013","2013","t","1061000","A","Official value",""
"QCL","Crops and livestock products","356","India","5312","Area harvested","01654","Anise, badian, coriander, cumin, caraway, fennel and juniper berries, raw","2014","2014","ha","1360190","A","Official value",""
"QCL","Crops and livestock products","356","India","5412","Yield","01654","Anise, badian, coriander, cumin, caraway, fennel and juniper berries, raw","2014","2014","kg/ha","659.9","A","Official value",""
"QCL","Crops and livestock products","356","India","5510","Production","01654","Anise, badian, coriander, cumin, caraway, fennel and juniper berries, raw","2014","2014","t","897620","A","Official value",""
"QCL","Crops and livestock products","356","India","5312","Area harvested","01654","Anise, badian, coriander, cumin, caraway, fennel and juniper berries, raw","2015","2015","ha","1482000","A","Official value",""
"QCL","Crops and livestock products","356","India","5412","Yield","01654","Anise, badian, coriander, cumin, caraway, fennel and juniper berries, raw","2015","2015","kg/ha","680.2","A","Official value",""
"QCL","Crops and livestock products","356","India","5510","Production","01654","Anise, badian, coriander, cumin, caraway, fennel and juniper berries, raw","2015","2015","t","1008000","A","Official value",""
"QCL","Crops and livestock products","356","India","5312","Area harvested","01654","Anise, badian, coriander, cumin, caraway, fennel and juniper berries, raw","2016","2016","ha","1465550","A","Official value",""
"QCL","Crops and livestock products","356","India","5412","Yield","01654","Anise, badian, coriander, cumin, caraway, fennel and juniper berries, raw","2016","2016","kg/ha","830.8","A","Official value",""
"QCL","Crops and livestock products","356","India","5510","Production","01654","Anise, badian, coriander, cumin, caraway, fennel and juniper berries, raw","2016","2016","t","1217610","A","Official value",""
"QCL","Crops and livestock products","356","India","5312","Area harvested","01654","Anise, badian, coriander, cumin, caraway, fennel and juniper berries, raw","2017","2017","ha","1546000","A","Official value",""
"QCL","Crops and livestock products","356","India","5412","Yield","01654","Anise, badian, coriander, cumin, caraway, fennel and juniper berries, raw","2017","2017","kg/ha","989","A","Official value",""
"QCL","Crops and livestock products","356","India","5510","Production","01654","Anise, badian, coriander, cumin, caraway, fennel and juniper berries, raw","2017","2017","t","1529000","A","Official value",""
"QCL","Crops and livestock products","356","India","5312","Area harvested","01654","Anise, badian, coriander, cumin, caraway, fennel and juniper berries, raw","2018","2018","ha","1564000","A","Official value",""
"QCL","Crops and livestock products","356","India","5412","Yield","01654","Anise, badian, coriander, cumin, caraway, fennel and juniper berries, raw","2018","2018","kg/ha","961","A","Official value",""
"QCL","Crops and livestock products","356","India","5510","Production","01654","Anise, badian, coriander, cumin, caraway, fennel and juniper berries, raw","2018","2018","t","1503000","A","Official value",""
"QCL","Crops and livestock products","356","India","5312","Area harvested","01654","Anise, badian, coriander, cumin, caraway, fennel and juniper berries, raw","2019","2019","ha","1587000","A","Official value",""
"QCL","Crops and livestock products","356","India","5412","Yield","01654","Anise, badian, coriander, cumin, caraway, fennel and juniper berries, raw","2019","2019","kg/ha","912.4","A","Official value",""
"QCL","Crops and livestock products","356","India","5510","Production","01654","Anise, badian, coriander, cumin, caraway, fennel and juniper berries, raw","2019","2019","t","1448000","A","Official value",""
"QCL","Crops and livestock products","356","India","5312","Area harvested","01654","Anise, badian, coriander, cumin, caraway, fennel and juniper berries, raw","2020","2020","ha","1888000","A","Official value",""
"QCL","Crops and livestock products","356","India","5412","Yield","01654","Anise, badian, coriander, cumin, caraway, fennel and juniper berries, raw","2020","2020","kg/ha","928.5","A","Official value",""
"QCL","Crops and livestock products","356","India","5510","Production","01654","Anise, badian, coriander, cumin, caraway, fennel and juniper berries, raw","2020","2020","t","1753000","A","Official value",""
"QCL","Crops and livestock products","356","India","5312","Area harvested","01654","Anise, badian, coriander, cumin, caraway, fennel and juniper berries, raw","2021","2021","ha","1826000","A","Official value",""
"QCL","Crops and livestock products","356","India","5412","Yield","01654","Anise, badian, coriander, cumin, caraway, fennel and juniper berries, raw","2021","2021","kg/ha","998.4","A","Official value",""
"QCL","Crops and livestock products","356","India","5510","Production","01654","Anise, badian, coriander, cumin, caraway, fennel and juniper berries, raw","2021","2021","t","1823000","A","Official value",""
"QCL","Crops and livestock products","356","India","5312","Area harvested","01654","Anise, badian, coriander, cumin, caraway, fennel and juniper berries, raw","2022","2022","ha","1487207","A","Official value",""
"QCL","Crops and livestock products","356","India","5412","Yield","01654","Anise, badian, coriander, cumin, caraway, fennel and juniper berries, raw","2022","2022","kg/ha","945.4","A","Official value",""
"QCL","Crops and livestock products","356","India","5510","Production","01654","Anise, badian, coriander, cumin, caraway, fennel and juniper berries, raw","2022","2022","t","1406040","A","Official value",""
"QCL","Crops and livestock products","356","India","5312","Area harvested","01654","Anise, badian, coriander, cumin, caraway, fennel and juniper berries, raw","2023","2023","ha","1736508","A","Official value",""
"QCL","Crops and livestock products","356","India","5412","Yield","01654","Anise, badian, coriander, cumin, caraway, fennel and juniper berries, raw","2023","2023","kg/ha","980.8","A","Official value",""
"QCL","Crops and livestock products","356","India","5510","Production","01654","Anise, badian, coriander, cumin, caraway, fennel and juniper berries, raw","2023","2023","t","1703183","A","Official value",""
"QCL","Crops and livestock products","356","India","5312","Area harvested","01341","Apples","2000","2000","ha","230000","A","Official value",""
"QCL","Crops and livestock products","356","India","5412","Yield","01341","Apples","2000","2000","kg/ha","4565.2","A","Official value",""
"QCL","Crops and livestock products","356","India","5510","Production","01341","Apples","2000","2000","t","1050000","A","Official value",""
"QCL","Crops and livestock products","356","India","5312","Area harvested","01341","Apples","2001","2001","ha","240000","A","Official value",""
"QCL","Crops and livestock products","356","India","5412","Yield","01341","Apples","2001","2001","kg/ha","5125","A","Official value",""
"QCL","Crops and livestock products","356","India","5510","Production","01341","Apples","2001","2001","t","1230000","A","Official value",""
"QCL","Crops and livestock products","356","India","5312","Area harvested","01341","Apples","2002","2002","ha","240000","A","Official value",""
"QCL","Crops and livestock products","356","India","5412","Yield","01341","Apples","2002","2002","kg/ha","4833.3","A","Official value",""
"QCL","Crops and livestock products","356","India","5510","Production","01341","Apples","2002","2002","t","1160000","A","Official value",""
"QCL","Crops and livestock products","356","India","5312","Area harvested","01341","Apples","2003","2003","ha","250000","A","Official value",""
"QCL","Crops and livestock products","356","India","5412","Yield","01341","Apples","2003","2003","kg/ha","5880","A","Official value",""
"QCL","Crops and livestock products","356","India","5510","Production","01341","Apples","2003","2003","t","1470000","A","Official value",""
"QCL","Crops and livestock products","356","India","5312","Area harvested","01341","Apples","2004","2004","ha","201200","A","Official value",""
"QCL","Crops and livestock products","356","India","5412","Yield","01341","Apples","2004","2004","kg/ha","7562.6","A","Official value",""
"QCL","Crops and livestock products","356","India","5510","Production","01341","Apples","2004","2004","t","1521600","A","Official value",""
"QCL","Crops and livestock products","356","India","5312","Area harvested","01341","Apples","2005","2005","ha","230700","A","Official value",""
"QCL","Crops and livestock products","356","India","5412","Yield","01341","Apples","2005","2005","kg/ha","7537.9","A","Official value",""
"QCL","Crops and livestock products","356","India","5510","Production","01341","Apples","2005","2005","t","1739000","A","Official value",""
"QCL","Crops and livestock products","356","India","5312","Area harvested","01341","Apples","2006","2006","ha","226600","A","Official value",""
"QCL","Crops and livestock products","356","India","5412","Yield","01341","Apples","2006","2006","kg/ha","8005.3","A","Official value",""
"QCL","Crops and livestock products","356","India","5510","Production","01341","Apples","2006","2006","t","1814000","A","Official value",""
"QCL","Crops and livestock products","356","India","5312","Area harvested","01341","Apples","2007","2007","ha","252000","A","Official value",""
"QCL","Crops and livestock products","356","India","5412","Yield","01341","Apples","2007","2007","kg/ha","6444.4","A","Official value",""
"QCL","Crops and livestock products","356","India","5510","Production","01341","Apples","2007","2007","t","1624000","A","Official value",""
"QCL","Crops and livestock products","356","India","5312","Area harvested","01341","Apples","2010","2010","ha","282900","A","Official value",""
"QCL","Crops and livestock products","356","India","5412","Yield","01341","Apples","2010","2010","kg/ha","6282.1","A","Official value",""
"QCL","Crops and livestock products","356","India","5510","Production","01341","Apples","2010","2010","t","1777200","A","Official value",""
"QCL","Crops and livestock products","356","India","5312","Area harvested","01341","Apples","2011","2011","ha","289100","A","Official value",""
"QCL","Crops and livestock products","356","India","5412","Yield","01341","Apples","2011","2011","kg/ha","10000","A","Official value",""
"QCL","Crops and livestock products","356","India","5510","Production","01341","Apples","2011","2011","t","2891000","A","Official value",""
"QCL","Crops and livestock products","356","India","5312","Area harvested","01341","Apples","2012","2012","ha","321900","A","Official value",""
"QCL","Crops and livestock products","356","India","5412","Yield","01341","Apples","2012","2012","kg/ha","6845","A","Official value",""
"QCL","Crops and livestock products","356","India","5510","Production","01341","Apples","2012","2012","t","2203400","A","Official value",""
"QCL","Crops and livestock products","356","India","5312","Area harvested","01341","Apples","2013","2013","ha","312000","A","Official value",""
"QCL","Crops and livestock products","356","India","5412","Yield","01341","Apples","2013","2013","kg/ha","6137.8","A","Official value",""
"QCL","Crops and livestock products","356","India","5510","Production","01341","Apples","2013","2013","t","1915000","A","Official value",""
"QCL","Crops and livestock products","356","India","5312","Area harvested","01341","Apples","2014","2014","ha","313040","A","Official value",""
"QCL","Crops and livestock products","356","India","5412","Yield","01341","Apples","2014","2014","kg/ha","7978.8","A","Official value",""
"QCL","Crops and livestock products","356","India","5510","Production","01341","Apples","2014","2014","t","2497680","A","Official value",""
"QCL","Crops and livestock products","356","India","5312","Area harvested","01341","Apples","2015","2015","ha","319000","A","Official value",""
"QCL","Crops and livestock products","356","India","5412","Yield","01341","Apples","2015","2015","kg/ha","6689.7","A","Official value",""
"QCL","Crops and livestock products","356","India","5510","Production","01341","Apples","2015","2015","t","2134000","A","Official value",""
"QCL","Crops and livestock products","356","India","5312","Area harvested","01341","Apples","2016","2016","ha","277000","A","Official value",""
"QCL","Crops and livestock products","356","India","5412","Yield","01341","Apples","2016","2016","kg/ha","9101.1","A","Official value",""
"QCL","Crops and livestock products","356","India","5510","Production","01341","Apples","2016","2016","t","2521000","A","Official value",""
"QCL","Crops and livestock products","356","India","5312","Area harvested","01341","Apples","2017","2017","ha","305000","A","Official value",""
"QCL","Crops and livestock products","356","India","5412","Yield","01341","Apples","2017","2017","kg/ha","7426.2","A","Official value",""
"QCL","Crops and livestock products","356","India","5510","Production","01341","Apples","2017","2017","t","2265000","A","Official value",""
"QCL","Crops and livestock products","356","India","5312","Area harvested","01341","Apples","2018","2018","ha","301000","A","Official value",""
"QCL","Crops and livestock products","356","India","5412","Yield","01341","Apples","2018","2018","kg/ha","7730.9","A","Official value",""
"QCL","Crops and livestock products","356","India","5510","Production","01341","Apples","2018","2018","t","2327000","A","Official value",""
"QCL","Crops and livestock products","356","India","5312","Area harvested","01341","Apples","2019","2019","ha","308000","A","Official value",""
"QCL","Crops and livestock products","356","India","5412","Yield","01341","Apples","2019","2019","kg/ha","7519.5","A","Official value",""
"QCL","Crops and livestock products","356","India","5510","Production","01341","Apples","2019","2019","t","2316000","A","Official value",""
"QCL","Crops and livestock products","356","India","5312","Area harvested","01341","Apples","2020","2020","ha","310000","A","Official value",""
"QCL","Crops and livestock products","356","India","5412","Yield","01341","Apples","2020","2020","kg/ha","9077.4","A","Official value",""
"QCL","Crops and livestock products","356","India","5510","Production","01341","Apples","2020","2020","t","2814000","A","Official value",""
"QCL","Crops and livestock products","356","India","5312","Area harvested","01341","Apples","2021","2021","ha","313000","A","Official value",""
"QCL","Crops and livestock products","356","India","5412","Yield","01341","Apples","2021","2021","kg/ha","7271.6","A","Official value",""
"QCL","Crops and livestock products","356","India","5510","Production","01341","Apples","2021","2021","t","2276000","A","Official value",""
"QCL","Crops and livestock products","356","India","5312","Area harvested","01341","Apples","2022","2022","ha","315000","A","Official value",""
"QCL","Crops and livestock products","356","India","5412","Yield","01341","Apples","2022","2022","kg/ha","8219","A","Official value",""
"QCL","Crops and livestock products","356","India","5510","Production","01341","Apples","2022","2022","t","2589000","A","Official value",""
"QCL","Crops and livestock products","356","India","5312","Area harvested","01341","Apples","2023","2023","ha","304000","A","Official value",""
"QCL","Crops and livestock products","356","India","5412","Yield","01341","Apples","2023","2023","kg/ha","9460.5","A","Official value",""
"QCL","Crops and livestock products","356","India","5510","Production","01341","Apples","2023","2023","t","2876000","A","Official value",""
"QCL","Crops and livestock products","356","India","5312","Area harvested","01343","Apricots","2000","2000","ha","3466","I","Value imputed by a receiving agency",""
"QCL","Crops and livestock products","356","India","5412","Yield","01343","Apricots","2000","2000","kg/ha","2856.4","E","Estimated value",""
"QCL","Crops and livestock products","356","India","5510","Production","01343","Apricots","2000","2000","t","9900","X","Value from external organization","Unofficial figure"
"QCL","Crops and livestock products","356","India","5312","Area harvested","01343","Apricots","2001","2001","ha","3514","I","Value imputed by a receiving agency",""
"QCL","Crops and livestock products","356","India","5412","Yield","01343","Apricots","2001","2001","kg/ha","2846","E","Estimated value",""
"QCL","Crops and livestock products","356","India","5510","Production","01343","Apricots","2001","2001","t","10000","E","Estimated value",""
"QCL","Crops and livestock products","356","India","5312","Area harvested","01343","Apricots","2002","2002","ha","3603","I","Value imputed by a receiving agency",""
"QCL","Crops and livestock products","356","India","5412","Yield","01343","Apricots","2002","2002","kg/ha","2835.5","E","Estimated value",""
"QCL","Crops and livestock products","356","India","5510","Production","01343","Apricots","2002","2002","t","10216.5","I","Value imputed by a receiving agency",""
"QCL","Crops and livestock products","356","India","5312","Area harvested","01343","Apricots","2003","2003","ha","3727","I","Value imputed by a receiving agency",""
"QCL","Crops and livestock products","356","India","5412","Yield","01343","Apricots","2003","2003","kg/ha","2825.1","E","Estimated value",""
"QCL","Crops and livestock products","356","India","5510","Production","01343","Apricots","2003","2003","t","10530.11","I","Value imputed by a receiving agency",""
"QCL","Crops and livestock products","356","India","5312","Area harvested","01343","Apricots","2004","2004","ha","3868","I","Value imputed by a receiving agency",""
"QCL","Crops and livestock products","356","India","5412","Yield","01343","Apricots","2004","2004","kg/ha","2820.4","E","Estimated value",""
"QCL","Crops and livestock products","356","India","5510","Production","01343","Apricots","2004","2004","t","10908.12","I","Value imputed by a receiving agency",""
"QCL","Crops and livestock products","356","India","5312","Area harvested","01343","Apricots","2005","2005","ha","4016","I","Value imputed by a receiving agency",""
"QCL","Crops and livestock products","356","India","5412","Yield","01343","Apricots","2005","2005","kg/ha","2821.6","E","Estimated value",""
"QCL","Crops and livestock products","356","India","5510","Production","01343","Apricots","2005","2005","t","11331.71","I","Value imputed by a receiving agency",""
"QCL","Crops and livestock products","356","India","5312","Area harvested","01343","Apricots","2006","2006","ha","4197","I","Value imputed by a receiving agency",""
"QCL","Crops and livestock products","356","India","5412","Yield","01343","Apricots","2006","2006","kg/ha","2822.8","E","Estimated value",""
"QCL","Crops and livestock products","356","India","5510","Production","01343","Apricots","2006","2006","t","11847.26","I","Value imputed by a receiving agency",""
"QCL","Crops and livestock products","356","India","5312","Area harvested","01343","Apricots","2007","2007","ha","4361","I","Value imputed by a receiving agency",""
"QCL","Crops and livestock products","356","India","5412","Yield","01343","Apricots","2007","2007","kg/ha","2824","E","Estimated value",""
"QCL","Crops and livestock products","356","India","5510","Production","01343","Apricots","2007","2007","t","12316.64","I","Value imputed by a receiving agency",""
"QCL","Crops and livestock products","356","India","5312","Area harvested","01343","Apricots","2010","2010","ha","4826","I","Value imputed by a receiving agency",""
"QCL","Crops and livestock products","356","India","5412","Yield","01343","Apricots","2010","2010","kg/ha","2827.5","E","Estimated value",""
"QCL","Crops and livestock products","356","India","5510","Production","01343","Apricots","2010","2010","t","13644.71","I","Value imputed by a receiving agency",""
"QCL","Crops and livestock products","356","India","5312","Area harvested","01343","Apricots","2011","2011","ha","4924","I","Value imputed by a receiving agency",""
"QCL","Crops and livestock products","356","India","5412","Yield","01343","Apricots","2011","2011","kg/ha","2828.7","E","Estimated value",""
"QCL","Crops and livestock products","356","India","5510","Production","01343","Apricots","2011","2011","t","13929.03","I","Value imputed by a receiving agency",""
"QCL","Crops and livestock products","356","India","5312","Area harvested","01343","Apricots","2012","2012","ha","5000","E","Estimated value",""
"QCL","Crops and livestock products","356","India","5412","Yield","01343","Apricots","2012","2012","kg/ha","2829.9","E","Estimated value",""
"QCL","Crops and livestock products","356","India","5510","Production","01343","Apricots","2012","2012","t","14149.27","I","Value imputed by a receiving agency",""
"QCL","Crops and livestock products","356","India","5312","Area harvested","01343","Apricots","2013","2013","ha","5000","E","Estimated value",""
"QCL","Crops and livestock products","356","India","5412","Yield","01343","Apricots","2013","2013","kg/ha","2831","E","Estimated value",""
"QCL","Crops and livestock products","356","India","5510","Production","01343","Apricots","2013","2013","t","14155.16","I","Value imputed by a receiving agency",""
"QCL","Crops and livestock products","356","India","5312","Area harvested","01343","Apricots","2014","2014","ha","5000","E","Estimated value",""
"QCL","Crops and livestock products","356","India","5412","Yield","01343","Apricots","2014","2014","kg/ha","2823.1","E","Estimated value",""
"QCL","Crops and livestock products","356","India","5510","Production","01343","Apricots","2014","2014","t","14115.7","I","Value imputed by a receiving agency",""
"QCL","Crops and livestock products","356","India","5312","Area harvested","01343","Apricots","2015","2015","ha","5014","I","Value imputed by a receiving agency",""
"QCL","Crops and livestock products","356","India","5412","Yield","01343","Apricots","2015","2015","kg/ha","2814.7","E","Estimated value",""
"QCL","Crops and livestock products","356","India","5510","Production","01343","Apricots","2015","2015","t","14113.22","I","Value imputed by a receiving agency",""
"QCL","Crops and livestock products","356","India","5312","Area harvested","01343","Apricots","2016","2016","ha","5419","I","Value imputed by a receiving agency",""
"QCL","Crops and livestock products","356","India","5412","Yield","01343","Apricots","2016","2016","kg/ha","2818.9","E","Estimated value",""
"QCL","Crops and livestock products","356","India","5510","Production","01343","Apricots","2016","2016","t","15274.89","I","Value imputed by a receiving agency",""
"QCL","Crops and livestock products","356","India","5312","Area harvested","01343","Apricots","2017","2017","ha","5496","I","Value imputed by a receiving agency",""
"QCL","Crops and livestock products","356","India","5412","Yield","01343","Apricots","2017","2017","kg/ha","2826","E","Estimated value",""
"QCL","Crops and livestock products","356","India","5510","Production","01343","Apricots","2017","2017","t","15531.76","I","Value imputed by a receiving agency",""
"QCL","Crops and livestock products","356","India","5312","Area harvested","01343","Apricots","2018","2018","ha","5603","I","Value imputed by a receiving agency",""
"QCL","Crops and livestock products","356","India","5412","Yield","01343","Apricots","2018","2018","kg/ha","2825.9","E","Estimated value",""
"QCL","Crops and livestock products","356","India","5510","Production","01343","Apricots","2018","2018","t","15832.74","I","Value imputed by a receiving agency",""
"QCL","Crops and livestock products","356","India","5312","Area harvested","01343","Apricots","2019","2019","ha","5709","I","Value imputed by a receiving agency",""
"QCL","Crops and livestock products","356","India","5412","Yield","01343","Apricots","2019","2019","kg/ha","2825.8","E","Estimated value",""
"QCL","Crops and livestock products","356","India","5510","Production","01343","Apricots","2019","2019","t","16133.71","I","Value imputed by a receiving agency",""
"QCL","Crops and livestock products","356","India","5312","Area harvested","01343","Apricots","2020","2020","ha","5603","E","Estimated value",""
"QCL","Crops and livestock products","356","India","5412","Yield","01343","Apricots","2020","2020","kg/ha","2825.9","E","Estimated value",""
"QCL","Crops and livestock products","356","India","5510","Production","01343","Apricots","2020","2020","t","15832.74","E","Estimated value",""
"QCL","Crops and livestock products","356","India","5312","Area harvested","01343","Apricots","2021","2021","ha","5638","E","Estimated value",""
"QCL","Crops and livestock products","356","India","5412","Yield","01343","Apricots","2021","2021","kg/ha","2825.9","E","Estimated value",""
"QCL","Crops and livestock products","356","India","5510","Production","01343","Apricots","2021","2021","t","15933.06","E","Estimated value",""
"QCL","Crops and livestock products","356","India","5312","Area harvested","01343","Apricots","2022","2022","ha","5650","E","Estimated value",""
"QCL","Crops and livestock products","356","India","5412","Yield","01343","Apricots","2022","2022","kg/ha","2825.9","E","Estimated value",""
"QCL","Crops and livestock products","356","India","5510","Production","01343","Apricots","2022","2022","t","15966.5","E","Estimated value",""
"QCL","Crops and livestock products","356","India","5312","Area harvested","01343","Apricots","2023","2023","ha","5630","E","Estimated value",""
"QCL","Crops and livestock products","356","India","5412","Yield","01343","Apricots","2023","2023","kg/ha","2825.9","E","Estimated value",""
"QCL","Crops and livestock products","356","India","5510","Production","01343","Apricots","2023","2023","t","15910.77","E","Estimated value",""
"QCL","Crops and livestock products","356","India","5312","Area harvested","01379.01","Areca nuts","2000","2000","ha","290000","A","Official value",""
"QCL","Crops and livestock products","356","India","5412","Yield","01379.01","Areca nuts","2000","2000","kg/ha","1137.9","A","Official value",""
"QCL","Crops and livestock products","356","India","5510","Production","01379.01","Areca nuts","2000","2000","t","330000","A","Official value",""
"QCL","Crops and livestock products","356","India","5312","Area harvested","01379.01","Areca nuts","2001","2001","ha","290000","A","Official value",""
"QCL","Crops and livestock products","356","India","5412","Yield","01379.01","Areca nuts","2001","2001","kg/ha","1137.9","A","Official value",""
"QCL","Crops and livestock products","356","India","5510","Production","01379.01","Areca nuts","2001","2001","t","330000","A","Official value",""
"QCL","Crops and livestock products","356","India","5312","Area harvested","01379.01","Areca nuts","2002","2002","ha","290000","A","Official value",""
"QCL","Crops and livestock products","356","India","5412","Yield","01379.01","Areca nuts","2002","2002","kg/ha","1379.3","A","Official value",""
"QCL","Crops and livestock products","356","India","5510","Production","01379.01","Areca nuts","2002","2002","t","400000","A","Official value",""
"QCL","Crops and livestock products","356","India","5312","Area harvested","01379.01","Areca nuts","2003","2003","ha","353400","A","Official value",""
"QCL","Crops and livestock products","356","India","5412","Yield","01379.01","Areca nuts","2003","2003","kg/ha","1176.9","A","Official value",""
"QCL","Crops and livestock products","356","India","5510","Production","01379.01","Areca nuts","2003","2003","t","415900","A","Official value",""
"QCL","Crops and livestock products","356","India","5312","Area harvested","01379.01","Areca nuts","2004","2004","ha","365000","A","Official value",""
"QCL","Crops and livestock products","356","India","5412","Yield","01379.01","Areca nuts","2004","2004","kg/ha","1203.3","A","Official value",""
"QCL","Crops and livestock products","356","India","5510","Production","01379.01","Areca nuts","2004","2004","t","439200","A","Official value",""
"QCL","Crops and livestock products","356","India","5312","Area harvested","01379.01","Areca nuts","2005","2005","ha","364300","A","Official value",""
"QCL","Crops and livestock products","356","India","5412","Yield","01379.01","Areca nuts","2005","2005","kg/ha","1242.7","A","Official value",""
"QCL","Crops and livestock products","356","India","5510","Production","01379.01","Areca nuts","2005","2005","t","452700","A","Official value",""
"QCL","Crops and livestock products","356","India","5312","Area harvested","01379.01","Areca nuts","2006","2006","ha","381100","A","Official value",""
"QCL","Crops and livestock products","356","India","5412","Yield","01379.01","Areca nuts","2006","2006","kg/ha","1267.6","A","Official value",""
"QCL","Crops and livestock products","356","India","5510","Production","01379.01","Areca nuts","2006","2006","t","483100","A","Official value",""
"QCL","Crops and livestock products","356","India","5312","Area harvested","01379.01","Areca nuts","2007","2007","ha","382700","A","Official value",""
"QCL","Crops and livestock products","356","India","5412","Yield","01379.01","Areca nuts","2007","2007","kg/ha","1262.9","A","Official value",""
"QCL","Crops and livestock products","356","India","5510","Production","01379.01","Areca nuts","2007","2007","t","483300","A","Official value",""
"QCL","Crops and livestock products","356","India","5312","Area harvested","01379.01","Areca nuts","2010","2010","ha","400100","A","Official value",""
"QCL","Crops and livestock products","356","India","5412","Yield","01379.01","Areca nuts","2010","2010","kg/ha","1194.7","A","Official value",""
"QCL","Crops and livestock products","356","India","5510","Production","01379.01","Areca nuts","2010","2010","t","478000","A","Official value",""
"QCL","Crops and livestock products","356","India","5312","Area harvested","01379.01","Areca nuts","2011","2011","ha","400100","A","Official value",""
"QCL","Crops and livestock products","356","India","5412","Yield","01379.01","Areca nuts","2011","2011","kg/ha","1194.7","A","Official value",""
"QCL","Crops and livestock products","356","India","5510","Production","01379.01","Areca nuts","2011","2011","t","478000","A","Official value",""
"QCL","Crops and livestock products","356","India","5312","Area harvested","01379.01","Areca nuts","2012","2012","ha","464000","A","Official value",""
"QCL","Crops and livestock products","356","India","5412","Yield","01379.01","Areca nuts","2012","2012","kg/ha","1467.7","A","Official value",""
"QCL","Crops and livestock products","356","India","5510","Production","01379.01","Areca nuts","2012","2012","t","681000","A","Official value",""
"QCL","Crops and livestock products","356","India","5312","Area harvested","01379.01","Areca nuts","2013","2013","ha","446000","A","Official value",""
"QCL","Crops and livestock products","356","India","5412","Yield","01379.01","Areca nuts","2013","2013","kg/ha","1365.5","A","Official value",""
"QCL","Crops and livestock products","356","India","5510","Production","01379.01","Areca nuts","2013","2013","t","609000","A","Official value",""
"QCL","Crops and livestock products","356","India","5312","Area harvested","01379.01","Areca nuts","2014","2014","ha","452000","A","Official value",""
"QCL","Crops and livestock products","356","India","5412","Yield","01379.01","Areca nuts","2014","2014","kg/ha","1376.1","A","Official value",""
"QCL","Crops and livestock products","356","India","5510","Production","01379.01","Areca nuts","2014","2014","t","622000","A","Official value",""
"QCL","Crops and livestock products","356","India","5312","Area harvested","01379.01","Areca nuts","2015","2015","ha","450000","A","Official value",""
"QCL","Crops and livestock products","356","India","5412","Yield","01379.01","Areca nuts","2015","2015","kg/ha","1660","A","Official value",""
"QCL","Crops and livestock products","356","India","5510","Production","01379.01","Areca nuts","2015","2015","t","747000","A","Official value",""
"QCL","Crops and livestock products","356","India","5312","Area harvested","01379.01","Areca nuts","2016","2016","ha","474000","A","Official value",""
"QCL","Crops and livestock products","356","India","5412","Yield","01379.01","Areca nuts","2016","2016","kg/ha","1506.3","A","Official value",""
"QCL","Crops and livestock products","356","India","5510","Production","01379.01","Areca nuts","2016","2016","t","714000","A","Official value",""
"QCL","Crops and livestock products","356","India","5312","Area harvested","01379.01","Areca nuts","2017","2017","ha","455000","A","Official value",""
"QCL","Crops and livestock products","356","India","5412","Yield","01379.01","Areca nuts","2017","2017","kg/ha","1589","A","Official value",""
"QCL","Crops and livestock products","356","India","5510","Production","01379.01","Areca nuts","2017","2017","t","723000","A","Official value",""
"QCL","Crops and livestock products","356","India","5312","Area harvested","01379.01","Areca nuts","2018","2018","ha","497000","A","Official value",""
"QCL","Crops and livestock products","356","India","5412","Yield","01379.01","Areca nuts","2018","2018","kg/ha","1676.1","A","Official value",""
"QCL","Crops and livestock products","356","India","5510","Production","01379.01","Areca nuts","2018","2018","t","833000","A","Official value",""
"QCL","Crops and livestock products","356","India","5312","Area harvested","01379.01","Areca nuts","2019","2019","ha","522000","A","Official value",""
"QCL","Crops and livestock products","356","India","5412","Yield","01379.01","Areca nuts","2019","2019","kg/ha","1726.1","A","Official value",""
"QCL","Crops and livestock products","356","India","5510","Production","01379.01","Areca nuts","2019","2019","t","901000","A","Official value",""
"QCL","Crops and livestock products","356","India","5312","Area harvested","01379.01","Areca nuts","2020","2020","ha","747000","A","Official value",""
"QCL","Crops and livestock products","356","India","5412","Yield","01379.01","Areca nuts","2020","2020","kg/ha","1850.1","A","Official value",""
"QCL","Crops and livestock products","356","India","5510","Production","01379.01","Areca nuts","2020","2020","t","1382000","A","Official value",""
"QCL","Crops and livestock products","356","India","5312","Area harvested","01379.01","Areca nuts","2021","2021","ha","794000","A","Official value",""
"QCL","Crops and livestock products","356","India","5412","Yield","01379.01","Areca nuts","2021","2021","kg/ha","1968.5","A","Official value",""
"QCL","Crops and livestock products","356","India","5510","Production","01379.01","Areca nuts","2021","2021","t","1563000","A","Official value",""
"QCL","Crops and livestock products","356","India","5312","Area harvested","01379.01","Areca nuts","2022","2022","ha","849000","A","Official value",""
"QCL","Crops and livestock products","356","India","5412","Yield","01379.01","Areca nuts","2022","2022","kg/ha","1962.3","A","Official value",""
"QCL","Crops and livestock products","356","India","5510","Production","01379.01","Areca nuts","2022","2022","t","1666000","A","Official value",""
"QCL","Crops and livestock products","356","India","5312","Area harvested","01379.01","Areca nuts","2023","2023","ha","938000","A","Official value",""
"QCL","Crops and livestock products","356","India","5412","Yield","01379.01","Areca nuts","2023","2023","kg/ha","1459.5","A","Official value",""
"QCL","Crops and livestock products","356","India","5510","Production","01379.01","Areca nuts","2023","2023","t","1369000","A","Official value",""
"QCL","Crops and livestock products","356","India","5312","Area harvested","01312","Bananas","2000","2000","ha","469700","A","Official value",""
"QCL","Crops and livestock products","356","India","5412","Yield","01312","Bananas","2000","2000","kg/ha","30098.6","A","Official value",""
"QCL","Crops and livestock products","356","India","5510","Production","01312","Bananas","2000","2000","t","14137300","A","Official value",""
"QCL","Crops and livestock products","356","India","5312","Area harvested","01312","Bananas","2001","2001","ha","466200","A","Official value",""
"QCL","Crops and livestock products","356","India","5412","Yield","01312","Bananas","2001","2001","kg/ha","30480.3","A","Official value",""
"QCL","Crops and livestock products","356","India","5510","Production","01312","Bananas","2001","2001","t","14209900","A","Official value",""
"QCL","Crops and livestock products","356","India","5312","Area harvested","01312","Bananas","2002","2002","ha","475300","A","Official value",""
"QCL","Crops and livestock products","356","India","5412","Yield","01312","Bananas","2002","2002","kg/ha","27991.6","A","Official value",""
"QCL","Crops and livestock products","356","India","5510","Production","01312","Bananas","2002","2002","t","13304400","A","Official value",""
"QCL","Crops and livestock products","356","India","5312","Area harvested","01312","Bananas","2003","2003","ha","498600","A","Official value",""
"QCL","Crops and livestock products","356","India","5412","Yield","01312","Bananas","2003","2003","kg/ha","27791","A","Official value",""
"QCL","Crops and livestock products","356","India","5510","Production","01312","Bananas","2003","2003","t","13856600","A","Official value",""
"QCL","Crops and livestock products","356","India","5312","Area harvested","01312","Bananas","2004","2004","ha","589600","A","Official value",""
"QCL","Crops and livestock products","356","India","5412","Yield","01312","Bananas","2004","2004","kg/ha","28399.8","A","Official value",""
"QCL","Crops and livestock products","356","India","5510","Production","01312","Bananas","2004","2004","t","16744500","A","Official value",""
"QCL","Crops and livestock products","356","India","5312","Area harvested","01312","Bananas","2005","2005","ha","569500","A","Official value",""
"QCL","Crops and livestock products","356","India","5412","Yield","01312","Bananas","2005","2005","kg/ha","33165.6","A","Official value",""
"QCL","Crops and livestock products","356","India","5510","Production","01312","Bananas","2005","2005","t","18887800","A","Official value",""
"QCL","Crops and livestock products","356","India","5312","Area harvested","01312","Bananas","2006","2006","ha","604200","A","Official value",""
"QCL","Crops and livestock products","356","India","5412","Yield","01312","Bananas","2006","2006","kg/ha","34753.1","A","Official value",""
"QCL","Crops and livestock products","356","India","5510","Production","01312","Bananas","2006","2006","t","20997800","A","Official value",""
"QCL","Crops and livestock products","356","India","5312","Area harvested","01312","Bananas","2007","2007","ha","658000","A","Official value",""
"QCL","Crops and livestock products","356","India","5412","Yield","01312","Bananas","2007","2007","kg/ha","36205.2","A","Official value",""
"QCL","Crops and livestock products","356","India","5510","Production","01312","Bananas","2007","2007","t","23823000","A","Official value",""
"QCL","Crops and livestock products","356","India","5312","Area harvested","01312","Bananas","2010","2010","ha","830000","A","Official value",""
"QCL","Crops and livestock products","356","India","5412","Yield","01312","Bananas","2010","2010","kg/ha","35879.5","A","Official value",""
"QCL","Crops and livestock products","356","India","5510","Production","01312","Bananas","2010","2010","t","29780000","A","Official value",""
"QCL","Crops and livestock products","356","India","5312","Area harvested","01312","Bananas","2011","2011","ha","796500","A","Official value",""
"QCL","Crops and livestock products","356","India","5412","Yield","01312","Bananas","2011","2011","kg/ha","35725.2","A","Official value",""
"QCL","Crops and livestock products","356","India","5510","Production","01312","Bananas","2011","2011","t","28455100","A","Official value",""
"QCL","Crops and livestock products","356","India","5312","Area harvested","01312","Bananas","2012","2012","ha","776000","A","Official value",""
"QCL","Crops and livestock products","356","India","5412","Yield","01312","Bananas","2012","2012","kg/ha","34161.1","A","Official value",""
"QCL","Crops and livestock products","356","India","5510","Production","01312","Bananas","2012","2012","t","26509000","A","Official value",""
"QCL","Crops and livestock products","356","India","5312","Area harvested","01312","Bananas","2013","2013","ha","796000","A","Official value",""
"QCL","Crops and livestock products","356","India","5412","Yield","01312","Bananas","2013","2013","kg/ha","34642","A","Official value",""
"QCL","Crops and livestock products","356","India","5510","Production","01312","Bananas","2013","2013","t","27575000","A","Official value",""
"QCL","Crops and livestock products","356","India","5312","Area harvested","01312","Bananas","2014","2014","ha","802570","A","Official value",""
"QCL","Crops and livestock products","356","India","5412","Yield","01312","Bananas","2014","2014","kg/ha","37036.7","A","Official value",""
"QCL","Crops and livestock products","356","India","5510","Production","01312","Bananas","2014","2014","t","29724550","A","Official value",""
"QCL","Crops and livestock products","356","India","5312","Area harvested","01312","Bananas","2015","2015","ha","822000","A","Official value",""
"QCL","Crops and livestock products","356","India","5412","Yield","01312","Bananas","2015","2015","kg/ha","35548.7","A","Official value",""
"QCL","Crops and livestock products","356","India","5510","Production","01312","Bananas","2015","2015","t","29221000","A","Official value",""
"QCL","Crops and livestock products","356","India","5312","Area harvested","01312","Bananas","2016","2016","ha","841000","A","Official value",""
"QCL","Crops and livestock products","356","India","5412","Yield","01312","Bananas","2016","2016","kg/ha","34643.3","A","Official value",""
"QCL","Crops and livestock products","356","India","5510","Production","01312","Bananas","2016","2016","t","29135000","A","Official value",""
"QCL","Crops and livestock products","356","India","5312","Area harvested","01312","Bananas","2017","2017","ha","860000","A","Official value",""
"QCL","Crops and livestock products","356","India","5412","Yield","01312","Bananas","2017","2017","kg/ha","35438.4","A","Official value",""
"QCL","Crops and livestock products","356","India","5510","Production","01312","Bananas","2017","2017","t","30477000","A","Official value",""
"QCL","Crops and livestock products","356","India","5312","Area harvested","01312","Bananas","2018","2018","ha","884000","A","Official value",""
"QCL","Crops and livestock products","356","India","5412","Yield","01312","Bananas","2018","2018","kg/ha","34850.7","A","Official value",""
"QCL","Crops and livestock products","356","India","5510","Production","01312","Bananas","2018","2018","t","30808000","A","Official value",""
"QCL","Crops and livestock products","356","India","5312","Area harvested","01312","Bananas","2019","2019","ha","866000","A","Official value",""
"QCL","Crops and livestock products","356","India","5412","Yield","01312","Bananas","2019","2019","kg/ha","35173.2","A","Official value",""
"QCL","Crops and livestock products","356","India","5510","Production","01312","Bananas","2019","2019","t","30460000","A","Official value",""
"QCL","Crops and livestock products","356","India","5312","Area harvested","01312","Bananas","2020","2020","ha","897000","A","Official value",""
"QCL","Crops and livestock products","356","India","5412","Yield","01312","Bananas","2020","2020","kg/ha","36340","A","Official value",""
"QCL","Crops and livestock products","356","India","5510","Production","01312","Bananas","2020","2020","t","32597000","A","Official value",""
"QCL","Crops and livestock products","356","India","5312","Area harvested","01312","Bananas","2021","2021","ha","924000","A","Official value",""
"QCL","Crops and livestock products","356","India","5412","Yield","01312","Bananas","2021","2021","kg/ha","35781.4","A","Official value",""
"QCL","Crops and livestock products","356","India","5510","Production","01312","Bananas","2021","2021","t","33062000","A","Official value",""
"QCL","Crops and livestock products","356","India","5312","Area harvested","01312","Bananas","2022","2022","ha","963000","A","Official value",""
"QCL","Crops and livestock products","356","India","5412","Yield","01312","Bananas","2022","2022","kg/ha","35854.6","A","Official value",""
"QCL","Crops and livestock products","356","India","5510","Production","01312","Bananas","2022","2022","t","34528000","A","Official value",""
"QCL","Crops and livestock products","356","India","5312","Area harvested","01312","Bananas","2023","2023","ha","994000","A","Official value",""
"QCL","Crops and livestock products","356","India","5412","Yield","01312","Bananas","2023","2023","kg/ha","36835","A","Official value",""
"QCL","Crops and livestock products","356","India","5510","Production","01312","Bananas","2023","2023","t","36614000","A","Official value",""
"QCL","Crops and livestock products","356","India","5312","Area harvested","0115","Barley","2000","2000","ha","724500","A","Official value",""
"QCL","Crops and livestock products","356","India","5412","Yield","0115","Barley","2000","2000","kg/ha","1997.2","A","Official value",""
"QCL","Crops and livestock products","356","India","5510","Production","0115","Barley","2000","2000","t","1447000","A","Official value",""
"QCL","Crops and livestock products","356","India","5312","Area harvested","0115","Barley","2001","2001","ha","777500","A","Official value",""
"QCL","Crops and livestock products","356","India","5412","Yield","0115","Barley","2001","2001","kg/ha","1840","A","Official value",""
"QCL","Crops and livestock products","356","India","5510","Production","0115","Barley","2001","2001","t","1430600","A","Official value",""
"QCL","Crops and livestock products","356","India","5312","Area harvested","0115","Barley","2002","2002","ha","659500","A","Official value",""
"QCL","Crops and livestock products","356","India","5412","Yield","0115","Barley","2002","2002","kg/ha","2160","A","Official value",""
"QCL","Crops and livestock products","356","India","5510","Production","0115","Barley","2002","2002","t","1424500","A","Official value",""
"QCL","Crops and livestock products","356","India","5312","Area harvested","0115","Barley","2003","2003","ha","701600","A","Official value",""
"QCL","Crops and livestock products","356","India","5412","Yield","0115","Barley","2003","2003","kg/ha","2006","A","Official value",""
"QCL","Crops and livestock products","356","India","5510","Production","0115","Barley","2003","2003","t","1407400","A","Official value",""
"QCL","Crops and livestock products","356","India","5312","Area harvested","0115","Barley","2004","2004","ha","657000","A","Official value",""
"QCL","Crops and livestock products","356","India","5412","Yield","0115","Barley","2004","2004","kg/ha","1975","A","Official value",""
"QCL","Crops and livestock products","356","India","5510","Production","0115","Barley","2004","2004","t","1297600","A","Official value",""
"QCL","Crops and livestock products","356","India","5312","Area harvested","0115","Barley","2005","2005","ha","616500","A","Official value",""
"QCL","Crops and livestock products","356","India","5412","Yield","0115","Barley","2005","2005","kg/ha","1958","A","Official value",""
"QCL","Crops and livestock products","356","India","5510","Production","0115","Barley","2005","2005","t","1207100","A","Official value",""
"QCL","Crops and livestock products","356","India","5312","Area harvested","0115","Barley","2006","2006","ha","629900","A","Official value",""
"QCL","Crops and livestock products","356","India","5412","Yield","0115","Barley","2006","2006","kg/ha","1937.8","A","Official value",""
"QCL","Crops and livestock products","356","India","5510","Production","0115","Barley","2006","2006","t","1220600","A","Official value",""
"QCL","Crops and livestock products","356","India","5312","Area harvested","0115","Barley","2007","2007","ha","646200","A","Official value",""
"QCL","Crops and livestock products","356","India","5412","Yield","0115","Barley","2007","2007","kg/ha","2058.2","A","Official value",""
"QCL","Crops and livestock products","356","India","5510","Production","0115","Barley","2007","2007","t","1330000","A","Official value",""
"QCL","Crops and livestock products","356","India","5312","Area harvested","0115","Barley","2010","2010","ha","623800","A","Official value",""
"QCL","Crops and livestock products","356","India","5412","Yield","0115","Barley","2010","2010","kg/ha","2171.7","A","Official value",""
"QCL","Crops and livestock products","356","India","5510","Production","0115","Barley","2010","2010","t","1354700","A","Official value",""
"QCL","Crops and livestock products","356","India","5312","Area harvested","0115","Barley","2011","2011","ha","705400","A","Official value",""
"QCL","Crops and livestock products","356","India","5412","Yield","0115","Barley","2011","2011","kg/ha","2357.4","A","Official value",""
"QCL","Crops and livestock products","356","India","5510","Production","0115","Barley","2011","2011","t","1662900","A","Official value",""
"QCL","Crops and livestock products","356","India","5312","Area harvested","0115","Barley","2012","2012","ha","643000","A","Official value",""
"QCL","Crops and livestock products","356","India","5412","Yield","0115","Barley","2012","2012","kg/ha","2519.4","A","Official value",""
"QCL","Crops and livestock products","356","India","5510","Production","0115","Barley","2012","2012","t","1620000","A","Official value",""
"QCL","Crops and livestock products","356","India","5312","Area harvested","0115","Barley","2013","2013","ha","695000","A","Official value",""
"QCL","Crops and livestock products","356","India","5412","Yield","0115","Barley","2013","2013","kg/ha","2518","A","Official value",""
"QCL","Crops and livestock products","356","India","5510","Production","0115","Barley","2013","2013","t","1750000","A","Official value",""
"QCL","Crops and livestock products","356","India","5312","Area harvested","0115","Barley","2014","2014","ha","673500","A","Official value",""
"QCL","Crops and livestock products","356","India","5412","Yield","0115","Barley","2014","2014","kg/ha","2717.1","A","Official value",""
"QCL","Crops and livestock products","356","India","5510","Production","0115","Barley","2014","2014","t","1830000","A","Official value",""
"QCL","Crops and livestock products","356","India","5312","Area harvested","0115","Barley","2015","2015","ha","707000","A","Official value",""
"QCL","Crops and livestock products","356","India","5412","Yield","0115","Barley","2015","2015","kg/ha","2281.5","A","Official value",""
"QCL","Crops and livestock products","356","India","5510","Production","0115","Barley","2015","2015","t","1613000","A","Official value",""
"QCL","Crops and livestock products","356","India","5312","Area harvested","0115","Barley","2016","2016","ha","590000","A","Official value",""
"QCL","Crops and livestock products","356","India","5412","Yield","0115","Barley","2016","2016","kg/ha","2440.7","A","Official value",""
"QCL","Crops and livestock products","356","India","5510","Production","0115","Barley","2016","2016","t","1440000","A","Official value",""
"QCL","Crops and livestock products","356","India","5312","Area harvested","0115","Barley","2017","2017","ha","656250","A","Official value",""
"QCL","Crops and livestock products","356","India","5412","Yield","0115","Barley","2017","2017","kg/ha","2662.8","A","Official value",""
"QCL","Crops and livestock products","356","India","5510","Production","0115","Barley","2017","2017","t","1747450","A","Official value",""
"QCL","Crops and livestock products","356","India","5312","Area harvested","0115","Barley","2018","2018","ha","660800","A","Official value",""
"QCL","Crops and livestock products","356","India","5412","Yield","0115","Barley","2018","2018","kg/ha","2694.9","A","Official value",""
"QCL","Crops and livestock products","356","India","5510","Production","0115","Barley","2018","2018","t","1780810","A","Official value",""
"QCL","Crops and livestock products","356","India","5312","Area harvested","0115","Barley","2019","2019","ha","575600","A","Official value",""
"QCL","Crops and livestock products","356","India","5412","Yield","0115","Barley","2019","2019","kg/ha","2837.2","A","Official value",""
"QCL","Crops and livestock products","356","India","5510","Production","0115","Barley","2019","2019","t","1633070","A","Official value",""
"QCL","Crops and livestock products","356","India","5312","Area harvested","0115","Barley","2020","2020","ha","589570","A","Official value",""
"QCL","Crops and livestock products","356","India","5412","Yield","0115","Barley","2020","2020","kg/ha","2920.5","A","Official value",""
"QCL","Crops and livestock products","356","India","5510","Production","0115","Barley","2020","2020","t","1721830","A","Official value",""
"QCL","Crops and livestock products","356","India","5312","Area harvested","0115","Barley","2021","2021","ha","592470","A","Official value",""
"QCL","Crops and livestock products","356","India","5412","Yield","0115","Barley","2021","2021","kg/ha","2795.7","A","Official value",""
"QCL","Crops and livestock products","356","India","5510","Production","0115","Barley","2021","2021","t","1656340","A","Official value",""
"QCL","Crops and livestock products","356","India","5312","Area harvested","0115","Barley","2022","2022","ha","453320","A","Official value",""
"QCL","Crops and livestock products","356","India","5412","Yield","0115","Barley","2022","2022","kg/ha","3025.1","A","Official value",""
"QCL","Crops and livestock products","356","India","5510","Production","0115","Barley","2022","2022","t","1371360","A","Official value",""
"QCL","Crops and livestock products","356","India","5312","Area harvested","0115","Barley","2023","2023","ha","628325","A","Official value",""
"QCL","Crops and livestock products","356","India","5412","Yield","0115","Barley","2023","2023","kg/ha","3044.5","A","Official value",""
"QCL","Crops and livestock products","356","India","5510","Production","0115","Barley","2023","2023","t","1912919.44","A","Official value",""
"QCL","Crops and livestock products","356","India","5312","Area harvested","01701","Beans, dry","2000","2000","ha","9948700","A","Official value",""
"QCL","Crops and livestock products","356","India","5412","Yield","01701","Beans, dry","2000","2000","kg/ha","463.1","A","Official value",""
"QCL","Crops and livestock products","356","India","5510","Production","01701","Beans, dry","2000","2000","t","4606800","A","Official value",""
"QCL","Crops and livestock products","356","India","5312","Area harvested","01701","Beans, dry","2001","2001","ha","9767100","A","Official value",""
"QCL","Crops and livestock products","356","India","5412","Yield","01701","Beans, dry","2001","2001","kg/ha","454.1","A","Official value",""
"QCL","Crops and livestock products","356","India","5510","Production","01701","Beans, dry","2001","2001","t","4435000","A","Official value",""
"QCL","Crops and livestock products","356","India","5312","Area harvested","01701","Beans, dry","2002","2002","ha","9324700","A","Official value",""
"QCL","Crops and livestock products","356","India","5412","Yield","01701","Beans, dry","2002","2002","kg/ha","434.1","A","Official value",""
"QCL","Crops and livestock products","356","India","5510","Production","01701","Beans, dry","2002","2002","t","4047700","A","Official value",""
"QCL","Crops and livestock products","356","India","5312","Area harvested","01701","Beans, dry","2003","2003","ha","10766300","A","Official value",""
"QCL","Crops and livestock products","356","India","5412","Yield","01701","Beans, dry","2003","2003","kg/ha","526.9","A","Official value",""
"QCL","Crops and livestock products","356","India","5510","Production","01701","Beans, dry","2003","2003","t","5672300","A","Official value",""
"QCL","Crops and livestock products","356","India","5312","Area harvested","01701","Beans, dry","2004","2004","ha","10419500","A","Official value",""
"QCL","Crops and livestock products","356","India","5412","Yield","01701","Beans, dry","2004","2004","kg/ha","418","A","Official value",""
"QCL","Crops and livestock products","356","India","5510","Production","01701","Beans, dry","2004","2004","t","4355600","A","Official value",""
"QCL","Crops and livestock products","356","India","5312","Area harvested","01701","Beans, dry","2005","2005","ha","9566000","A","Official value",""
"QCL","Crops and livestock products","356","India","5412","Yield","01701","Beans, dry","2005","2005","kg/ha","426","A","Official value",""
"QCL","Crops and livestock products","356","India","5510","Production","01701","Beans, dry","2005","2005","t","4075400","A","Official value",""
"QCL","Crops and livestock products","356","India","5312","Area harvested","01701","Beans, dry","2006","2006","ha","9615400","A","Official value",""
"QCL","Crops and livestock products","356","India","5412","Yield","01701","Beans, dry","2006","2006","kg/ha","463.3","A","Official value",""
"QCL","Crops and livestock products","356","India","5510","Production","01701","Beans, dry","2006","2006","t","4454720","A","Official value",""
"QCL","Crops and livestock products","356","India","5312","Area harvested","01701","Beans, dry","2007","2007","ha","10572500","A","Official value",""
"QCL","Crops and livestock products","356","India","5412","Yield","01701","Beans, dry","2007","2007","kg/ha","518.6","A","Official value",""
"QCL","Crops and livestock products","356","India","5510","Production","01701","Beans, dry","2007","2007","t","5482500","A","Official value",""
"QCL","Crops and livestock products","356","India","5312","Area harvested","01701","Beans, dry","2010","2010","ha","10240275","A","Official value",""
"QCL","Crops and livestock products","356","India","5412","Yield","01701","Beans, dry","2010","2010","kg/ha","606.4","A","Official value",""
"QCL","Crops and livestock products","356","India","5510","Production","01701","Beans, dry","2010","2010","t","6209347.27","A","Official value",""
"QCL","Crops and livestock products","356","India","5312","Area harvested","01701","Beans, dry","2011","2011","ha","9755328","A","Official value",""
"QCL","Crops and livestock products","356","India","5412","Yield","01701","Beans, dry","2011","2011","kg/ha","549.5","A","Official value",""
"QCL","Crops and livestock products","356","India","5510","Production","01701","Beans, dry","2011","2011","t","5360099.17","A","Official value",""
"QCL","Crops and livestock products","356","India","5312","Area harvested","01701","Beans, dry","2012","2012","ha","8716135","A","Official value",""
"QCL","Crops and livestock products","356","India","5412","Yield","01701","Beans, dry","2012","2012","kg/ha","592.4","A","Official value",""
"QCL","Crops and livestock products","356","India","5510","Production","01701","Beans, dry","2012","2012","t","5163550.92","A","Official value",""
"QCL","Crops and livestock products","356","India","5312","Area harvested","01701","Beans, dry","2013","2013","ha","9021480","A","Official value",""
"QCL","Crops and livestock products","356","India","5412","Yield","01701","Beans, dry","2013","2013","kg/ha","585.6","A","Official value",""
"QCL","Crops and livestock products","356","India","5510","Production","01701","Beans, dry","2013","2013","t","5283381.99","A","Official value",""
"QCL","Crops and livestock products","356","India","5312","Area harvested","01701","Beans, dry","2014","2014","ha","8799189","A","Official value",""
"QCL","Crops and livestock products","356","India","5412","Yield","01701","Beans, dry","2014","2014","kg/ha","641.1","A","Official value",""
"QCL","Crops and livestock products","356","India","5510","Production","01701","Beans, dry","2014","2014","t","5641486","A","Official value",""
"QCL","Crops and livestock products","356","India","5312","Area harvested","01701","Beans, dry","2015","2015","ha","10210401","A","Official value",""
"QCL","Crops and livestock products","356","India","5412","Yield","01701","Beans, dry","2015","2015","kg/ha","589.9","A","Official value",""
"QCL","Crops and livestock products","356","India","5510","Production","01701","Beans, dry","2015","2015","t","6023531.63","A","Official value",""
"QCL","Crops and livestock products","356","India","5312","Area harvested","01701","Beans, dry","2016","2016","ha","12045276","A","Official value",""
"QCL","Crops and livestock products","356","India","5412","Yield","01701","Beans, dry","2016","2016","kg/ha","620","A","Official value",""
"QCL","Crops and livestock products","356","India","5510","Production","01701","Beans, dry","2016","2016","t","7468601.53","A","Official value",""
"QCL","Crops and livestock products","356","India","5312","Area harvested","01701","Beans, dry","2017","2017","ha","12432165","A","Official value",""
"QCL","Crops and livestock products","356","India","5412","Yield","01701","Beans, dry","2017","2017","kg/ha","640.4","A","Official value",""
"QCL","Crops and livestock products","356","India","5510","Production","01701","Beans, dry","2017","2017","t","7961142.08","A","Official value",""
"QCL","Crops and livestock products","356","India","5312","Area harvested","01701","Beans, dry","2018","2018","ha","13225137","A","Official value",""
"QCL","Crops and livestock products","356","India","5412","Yield","01701","Beans, dry","2018","2018","kg/ha","596.2","A","Official value",""
"QCL","Crops and livestock products","356","India","5510","Production","01701","Beans, dry","2018","2018","t","7885365.98","A","Official value",""
"QCL","Crops and livestock products","356","India","5312","Area harvested","01701","Beans, dry","2019","2019","ha","11812814","A","Official value",""
"QCL","Crops and livestock products","356","India","5412","Yield","01701","Beans, dry","2019","2019","kg/ha","579.7","A","Official value",""
"QCL","Crops and livestock products","356","India","5510","Production","01701","Beans, dry","2019","2019","t","6847843.72","A","Official value",""
"QCL","Crops and livestock products","356","India","5312","Area harvested","01701","Beans, dry","2020","2020","ha","11559011","A","Official value",""
"QCL","Crops and livestock products","356","India","5412","Yield","01701","Beans, dry","2020","2020","kg/ha","625.1","A","Official value",""
"QCL","Crops and livestock products","356","India","5510","Production","01701","Beans, dry","2020","2020","t","7225166.79","A","Official value",""
"QCL","Crops and livestock products","356","India","5312","Area harvested","01701","Beans, dry","2021","2021","ha","12469911","A","Official value",""
"QCL","Crops and livestock products","356","India","5412","Yield","01701","Beans, dry","2021","2021","kg/ha","597.8","A","Official value",""
"QCL","Crops and livestock products","356","India","5510","Production","01701","Beans, dry","2021","2021","t","7454701.48","A","Official value",""
"QCL","Crops and livestock products","356","India","5312","Area harvested","01701","Beans, dry","2022","2022","ha","11725112","A","Official value",""
"QCL","Crops and livestock products","356","India","5412","Yield","01701","Beans, dry","2022","2022","kg/ha","730.4","A","Official value",""
"QCL","Crops and livestock products","356","India","5510","Production","01701","Beans, dry","2022","2022","t","8564105.78","A","Official value",""
"QCL","Crops and livestock products","356","India","5312","Area harvested","01701","Beans, dry","2023","2023","ha","11354281","A","Official value",""
"QCL","Crops and livestock products","356","India","5412","Yield","01701","Beans, dry","2023","2023","kg/ha","719.4","A","Official value",""
"QCL","Crops and livestock products","356","India","5510","Production","01701","Beans, dry","2023","2023","t","8168142.7","A","Official value",""
"QCL","Crops and livestock products","356","India","5510","Production","24310.01","Beer of barley, malted","2000","2000","t","363247","A","Official value",""
"QCL","Crops and livestock products","356","India","5510","Production","24310.01","Beer of barley, malted","2001","2001","t","289001","A","Official value",""
"QCL","Crops and livestock products","356","India","5510","Production","24310.01","Beer of barley, malted","2002","2002","t","235180","A","Official value",""
"QCL","Crops and livestock products","356","India","5510","Production","24310.01","Beer of barley, malted","2003","2003","t","269840","A","Official value",""
"QCL","Crops and livestock products","356","India","5510","Production","24310.01","Beer of barley, malted","2004","2004","t","369732","A","Official value",""
"QCL","Crops and livestock products","356","India","5510","Production","24310.01","Beer of barley, malted","2005","2005","t","270492","A","Official value",""
"QCL","Crops and livestock products","356","India","5510","Production","24310.01","Beer of barley, malted","2006","2006","t","295515","A","Official value",""
"QCL","Crops and livestock products","356","India","5510","Production","24310.01","Beer of barley, malted","2007","2007","t","372194","A","Official value",""
"QCL","Crops and livestock products","356","India","5510","Production","24310.01","Beer of barley, malted","2010","2010","t","528976","A","Official value",""
"QCL","Crops and livestock products","356","India","5510","Production","24310.01","Beer of barley, malted","2011","2011","t","594500","X","Value from external organization","Unofficial figure"
"QCL","Crops and livestock products","356","India","5510","Production","24310.01","Beer of barley, malted","2012","2012","t","538600","X","Value from external organization","Unofficial figure"
"QCL","Crops and livestock products","356","India","5510","Production","24310.01","Beer of barley, malted","2013","2013","t","520600","X","Value from external organization","Unofficial figure"
"QCL","Crops and livestock products","356","India","5510","Production","24310.01","Beer of barley, malted","2014","2014","t","2000000","X","Value from external organization","Unofficial figure"
"QCL","Crops and livestock products","356","India","5510","Production","24310.01","Beer of barley, malted","2015","2015","t","2120000","X","Value from external organization","Unofficial figure"
"QCL","Crops and livestock products","356","India","5510","Production","24310.01","Beer of barley, malted","2016","2016","t","2210000","X","Value from external organization","Unofficial figure"
"QCL","Crops and livestock products","356","India","5510","Production","24310.01","Beer of barley, malted","2017","2017","t","2250000","X","Value from external organization","Unofficial figure"
"QCL","Crops and livestock products","356","India","5510","Production","24310.01","Beer of barley, malted","2018","2018","t","2360000","X","Value from external organization","Unofficial figure"
"QCL","Crops and livestock products","356","India","5510","Production","24310.01","Beer of barley, malted","2019","2019","t","2400000","X","Value from external organization","Unofficial figure"
"QCL","Crops and livestock products","356","India","5510","Production","24310.01","Beer of barley, malted","2020","2020","t","1423000","X","Value from external organization","Unofficial figure"
"QCL","Crops and livestock products","356","India","5510","Production","24310.01","Beer of barley, malted","2021","2021","t","2204400","X","Value from external organization","Unofficial figure"
"QCL","Crops and livestock products","356","India","5510","Production","24310.01","Beer of barley, malted","2022","2022","t","2551700","X","Value from external organization","Unofficial figure"
"QCL","Crops and livestock products","356","India","5510","Production","24310.01","Beer of barley, malted","2023","2023","t","2933500","X","Value from external organization","Unofficial figure"
"QCL","Crops and livestock products","356","India","5312","Area harvested","01212","Cabbages","2000","2000","ha","258300","A","Official value",""
"QCL","Crops and livestock products","356","India","5412","Yield","01212","Cabbages","2000","2000","kg/ha","22878","A","Official value",""
"QCL","Crops and livestock products","356","India","5510","Production","01212","Cabbages","2000","2000","t","5909400","A","Official value",""
"QCL","Crops and livestock products","356","India","5312","Area harvested","01212","Cabbages","2001","2001","ha","245400","A","Official value",""
"QCL","Crops and livestock products","356","India","5412","Yield","01212","Cabbages","2001","2001","kg/ha","22438.9","A","Official value",""
"QCL","Crops and livestock products","356","India","5510","Production","01212","Cabbages","2001","2001","t","5506500","A","Official value",""
"QCL","Crops and livestock products","356","India","5312","Area harvested","01212","Cabbages","2002","2002","ha","258100","A","Official value",""
"QCL","Crops and livestock products","356","India","5412","Yield","01212","Cabbages","2002","2002","kg/ha","22000","A","Official value",""
"QCL","Crops and livestock products","356","India","5510","Production","01212","Cabbages","2002","2002","t","5678200","A","Official value",""
"QCL","Crops and livestock products","356","India","5312","Area harvested","01212","Cabbages","2003","2003","ha","233800","A","Official value",""
"QCL","Crops and livestock products","356","India","5412","Yield","01212","Cabbages","2003","2003","kg/ha","23062.4","A","Official value",""
"QCL","Crops and livestock products","356","India","5510","Production","01212","Cabbages","2003","2003","t","5392000","A","Official value",""
"QCL","Crops and livestock products","356","India","5312","Area harvested","01212","Cabbages","2004","2004","ha","255100","A","Official value",""
"QCL","Crops and livestock products","356","India","5412","Yield","01212","Cabbages","2004","2004","kg/ha","21931","A","Official value",""
"QCL","Crops and livestock products","356","India","5510","Production","01212","Cabbages","2004","2004","t","5594600","A","Official value",""
"QCL","Crops and livestock products","356","India","5312","Area harvested","01212","Cabbages","2005","2005","ha","287800","A","Official value",""
"QCL","Crops and livestock products","356","India","5412","Yield","01212","Cabbages","2005","2005","kg/ha","21242.2","A","Official value",""
"QCL","Crops and livestock products","356","India","5510","Production","01212","Cabbages","2005","2005","t","6113500","A","Official value",""
"QCL","Crops and livestock products","356","India","5312","Area harvested","01212","Cabbages","2006","2006","ha","253500","A","Official value",""
"QCL","Crops and livestock products","356","India","5412","Yield","01212","Cabbages","2006","2006","kg/ha","22237.9","A","Official value",""
"QCL","Crops and livestock products","356","India","5510","Production","01212","Cabbages","2006","2006","t","5637300","A","Official value",""
"QCL","Crops and livestock products","356","India","5312","Area harvested","01212","Cabbages","2007","2007","ha","249000","A","Official value",""
"QCL","Crops and livestock products","356","India","5412","Yield","01212","Cabbages","2007","2007","kg/ha","22425.7","A","Official value",""
"QCL","Crops and livestock products","356","India","5510","Production","01212","Cabbages","2007","2007","t","5584000","A","Official value",""
"QCL","Crops and livestock products","356","India","5312","Area harvested","01212","Cabbages","2010","2010","ha","300500","A","Official value",""
"QCL","Crops and livestock products","356","India","5412","Yield","01212","Cabbages","2010","2010","kg/ha","24230.9","A","Official value",""
"QCL","Crops and livestock products","356","India","5510","Production","01212","Cabbages","2010","2010","t","7281400","A","Official value",""
"QCL","Crops and livestock products","356","India","5312","Area harvested","01212","Cabbages","2011","2011","ha","369000","A","Official value",""
"QCL","Crops and livestock products","356","India","5412","Yield","01212","Cabbages","2011","2011","kg/ha","21542","A","Official value",""
"QCL","Crops and livestock products","356","India","5510","Production","01212","Cabbages","2011","2011","t","7949000","A","Official value",""
"QCL","Crops and livestock products","356","India","5312","Area harvested","01212","Cabbages","2012","2012","ha","390000","A","Official value",""
"QCL","Crops and livestock products","356","India","5412","Yield","01212","Cabbages","2012","2012","kg/ha","21569.2","A","Official value",""
"QCL","Crops and livestock products","356","India","5510","Production","01212","Cabbages","2012","2012","t","8412000","A","Official value",""
"QCL","Crops and livestock products","356","India","5312","Area harvested","01212","Cabbages","2013","2013","ha","372000","A","Official value",""
"QCL","Crops and livestock products","356","India","5412","Yield","01212","Cabbages","2013","2013","kg/ha","22940.9","A","Official value",""
"QCL","Crops and livestock products","356","India","5510","Production","01212","Cabbages","2013","2013","t","8534000","A","Official value",""
"QCL","Crops and livestock products","356","India","5312","Area harvested","01212","Cabbages","2014","2014","ha","400140","A","Official value",""
"QCL","Crops and livestock products","356","India","5412","Yield","01212","Cabbages","2014","2014","kg/ha","22590.1","A","Official value",""
"QCL","Crops and livestock products","356","India","5510","Production","01212","Cabbages","2014","2014","t","9039220","A","Official value",""
"QCL","Crops and livestock products","356","India","5312","Area harvested","01212","Cabbages","2015","2015","ha","386000","A","Official value",""
"QCL","Crops and livestock products","356","India","5412","Yield","01212","Cabbages","2015","2015","kg/ha","22240.9","A","Official value",""
"QCL","Crops and livestock products","356","India","5510","Production","01212","Cabbages","2015","2015","t","8585000","A","Official value",""
"QCL","Crops and livestock products","356","India","5312","Area harvested","01212","Cabbages","2016","2016","ha","394000","A","Official value",""
"QCL","Crops and livestock products","356","India","5412","Yield","01212","Cabbages","2016","2016","kg/ha","22350.3","A","Official value",""
"QCL","Crops and livestock products","356","India","5510","Production","01212","Cabbages","2016","2016","t","8806000","A","Official value",""
"QCL","Crops and livestock products","356","India","5312","Area harvested","01212","Cabbages","2017","2017","ha","395000","A","Official value",""
"QCL","Crops and livestock products","356","India","5412","Yield","01212","Cabbages","2017","2017","kg/ha","22296.2","A","Official value",""
"QCL","Crops and livestock products","356","India","5510","Production","01212","Cabbages","2017","2017","t","8807000","A","Official value",""
"QCL","Crops and livestock products","356","India","5312","Area harvested","01212","Cabbages","2018","2018","ha","399000","A","Official value",""
"QCL","Crops and livestock products","356","India","5412","Yield","01212","Cabbages","2018","2018","kg/ha","22649.1","A","Official value",""
"QCL","Crops and livestock products","356","India","5510","Production","01212","Cabbages","2018","2018","t","9037000","A","Official value",""
"QCL","Crops and livestock products","356","India","5312","Area harvested","01212","Cabbages","2019","2019","ha","400000","A","Official value",""
"QCL","Crops and livestock products","356","India","5412","Yield","01212","Cabbages","2019","2019","kg/ha","22817.5","A","Official value",""
"QCL","Crops and livestock products","356","India","5510","Production","01212","Cabbages","2019","2019","t","9127000","A","Official value",""
"QCL","Crops and livestock products","356","India","5312","Area harvested","01212","Cabbages","2020","2020","ha","401000","A","Official value",""
"QCL","Crops and livestock products","356","India","5412","Yield","01212","Cabbages","2020","2020","kg/ha","23122.2","A","Official value",""
"QCL","Crops and livestock products","356","India","5510","Production","01212","Cabbages","2020","2020","t","9272000","A","Official value",""
"QCL","Crops and livestock products","356","India","5312","Area harvested","01212","Cabbages","2021","2021","ha","412000","A","Official value",""
"QCL","Crops and livestock products","356","India","5412","Yield","01212","Cabbages","2021","2021","kg/ha","23203.9","A","Official value",""
"QCL","Crops and livestock products","356","India","5510","Production","01212","Cabbages","2021","2021","t","9560000","A","Official value",""
"QCL","Crops and livestock products","356","India","5312","Area harvested","01212","Cabbages","2022","2022","ha","423000","A","Official value",""
"QCL","Crops and livestock products","356","India","5412","Yield","01212","Cabbages","2022","2022","kg/ha","23227","A","Official value",""
"QCL","Crops and livestock products","356","India","5510","Production","01212","Cabbages","2022","2022","t","9825000","A","Official value",""
"QCL","Crops and livestock products","356","India","5312","Area harvested","01212","Cabbages","2023","2023","ha","433000","A","Official value",""
"QCL","Crops and livestock products","356","India","5412","Yield","01212","Cabbages","2023","2023","kg/ha","23207.9","A","Official value",""
"QCL","Crops and livestock products","356","India","5510","Production","01212","Cabbages","2023","2023","t","10049000","A","Official value",""
"QCL","Crops and livestock products","356","India","5312","Area harvested","01229","Cantaloupes and other melons","2000","2000","ha","31500","E","Estimated value",""
"QCL","Crops and livestock products","356","India","5412","Yield","01229","Cantaloupes and other melons","2000","2000","kg/ha","20476.2","E","Estimated value",""
"QCL","Crops and livestock products","356","India","5510","Production","01229","Cantaloupes and other melons","2000","2000","t","645000","E","Estimated value",""
"QCL","Crops and livestock products","356","India","5312","Area harvested","01229","Cantaloupes and other melons","2001","2001","ha","31261","I","Value imputed by a receiving agency",""
"QCL","Crops and livestock products","356","India","5412","Yield","01229","Cantaloupes and other melons","2001","2001","kg/ha","21021.3","E","Estimated value",""
"QCL","Crops and livestock products","356","India","5510","Production","01229","Cantaloupes and other melons","2001","2001","t","657153.03","I","Value imputed by a receiving agency",""
"QCL","Crops and livestock products","356","India","5312","Area harvested","01229","Cantaloupes and other melons","2002","2002","ha","31557","I","Value imputed by a receiving agency",""
"QCL","Crops and livestock products","356","India","5412","Yield","01229","Cantaloupes and other melons","2002","2002","kg/ha","21085.7","E","Estimated value",""
"QCL","Crops and livestock products","356","India","5510","Production","01229","Cantaloupes and other melons","2002","2002","t","665402.67","I","Value imputed by a receiving agency",""
"QCL","Crops and livestock products","356","India","5312","Area harvested","01229","Cantaloupes and other melons","2003","2003","ha","31771","I","Value imputed by a receiving agency",""
"QCL","Crops and livestock products","356","India","5412","Yield","01229","Cantaloupes and other melons","2003","2003","kg/ha","21217.1","E","Estimated value",""
"QCL","Crops and livestock products","356","India","5510","Production","01229","Cantaloupes and other melons","2003","2003","t","674080.08","I","Value imputed by a receiving agency",""
"QCL","Crops and livestock products","356","India","5312","Area harvested","01229","Cantaloupes and other melons","2004","2004","ha","35533","I","Value imputed by a receiving agency",""
"QCL","Crops and livestock products","356","India","5412","Yield","01229","Cantaloupes and other melons","2004","2004","kg/ha","21347","E","Estimated value",""
"QCL","Crops and livestock products","356","India","5510","Production","01229","Cantaloupes and other melons","2004","2004","t","758528.68","I","Value imputed by a receiving agency",""
"QCL","Crops and livestock products","356","India","5312","Area harvested","01229","Cantaloupes and other melons","2005","2005","ha","36925","I","Value imputed by a receiving agency",""
"QCL","Crops and livestock products","356","India","5412","Yield","01229","Cantaloupes and other melons","2005","2005","kg/ha","21454.1","E","Estimated value",""
"QCL","Crops and livestock products","356","India","5510","Production","01229","Cantaloupes and other melons","2005","2005","t","792199.13","I","Value imputed by a receiving agency",""
"QCL","Crops and livestock products","356","India","5312","Area harvested","01229","Cantaloupes and other melons","2006","2006","ha","38025","I","Value imputed by a receiving agency",""
"QCL","Crops and livestock products","356","India","5412","Yield","01229","Cantaloupes and other melons","2006","2006","kg/ha","21549.9","E","Estimated value",""
"QCL","Crops and livestock products","356","India","5510","Production","01229","Cantaloupes and other melons","2006","2006","t","819427","I","Value imputed by a receiving agency",""
"QCL","Crops and livestock products","356","India","5312","Area harvested","01229","Cantaloupes and other melons","2007","2007","ha","39160","I","Value imputed by a receiving agency",""
"QCL","Crops and livestock products","356","India","5412","Yield","01229","Cantaloupes and other melons","2007","2007","kg/ha","21647.3","E","Estimated value",""
"QCL","Crops and livestock products","356","India","5510","Production","01229","Cantaloupes and other melons","2007","2007","t","847701.58","I","Value imputed by a receiving agency",""
"QCL","Crops and livestock products","356","India","5312","Area harvested","01229","Cantaloupes and other melons","2010","2010","ha","42469","I","Value imputed by a receiving agency",""
"QCL","Crops and livestock products","356","India","5412","Yield","01229","Cantaloupes and other melons","2010","2010","kg/ha","21938.1","E","Estimated value",""
"QCL","Crops and livestock products","356","India","5510","Production","01229","Cantaloupes and other melons","2010","2010","t","931687.99","I","Value imputed by a receiving agency",""
"QCL","Crops and livestock products","356","India","5312","Area harvested","01229","Cantaloupes and other melons","2011","2011","ha","39500","A","Official value",""
"QCL","Crops and livestock products","356","India","5412","Yield","01229","Cantaloupes and other melons","2011","2011","kg/ha","18731.6","A","Official value",""
"QCL","Crops and livestock products","356","India","5510","Production","01229","Cantaloupes and other melons","2011","2011","t","739900","A","Official value",""
"QCL","Crops and livestock products","356","India","5312","Area harvested","01229","Cantaloupes and other melons","2012","2012","ha","38000","A","Official value",""
"QCL","Crops and livestock products","356","India","5412","Yield","01229","Cantaloupes and other melons","2012","2012","kg/ha","20815.8","A","Official value",""
"QCL","Crops and livestock products","356","India","5510","Production","01229","Cantaloupes and other melons","2012","2012","t","791000","A","Official value",""
"QCL","Crops and livestock products","356","India","5312","Area harvested","01229","Cantaloupes and other melons","2013","2013","ha","42000","A","Official value",""
"QCL","Crops and livestock products","356","India","5412","Yield","01229","Cantaloupes and other melons","2013","2013","kg/ha","20666.7","A","Official value",""
"QCL","Crops and livestock products","356","India","5510","Production","01229","Cantaloupes and other melons","2013","2013","t","868000","A","Official value",""
"QCL","Crops and livestock products","356","India","5312","Area harvested","01229","Cantaloupes and other melons","2014","2014","ha","37000","A","Official value",""
"QCL","Crops and livestock products","356","India","5412","Yield","01229","Cantaloupes and other melons","2014","2014","kg/ha","20567.6","A","Official value",""
"QCL","Crops and livestock products","356","India","5510","Production","01229","Cantaloupes and other melons","2014","2014","t","761000","A","Official value",""
"QCL","Crops and livestock products","356","India","5312","Area harvested","01229","Cantaloupes and other melons","2015","2015","ha","42000","A","Official value",""
"QCL","Crops and livestock products","356","India","5412","Yield","01229","Cantaloupes and other melons","2015","2015","kg/ha","20547.6","A","Official value",""
"QCL","Crops and livestock products","356","India","5510","Production","01229","Cantaloupes and other melons","2015","2015","t","863000","A","Official value",""
"QCL","Crops and livestock products","356","India","5312","Area harvested","01229","Cantaloupes and other melons","2016","2016","ha","45000","A","Official value",""
"QCL","Crops and livestock products","356","India","5412","Yield","01229","Cantaloupes and other melons","2016","2016","kg/ha","20777.8","A","Official value",""
"QCL","Crops and livestock products","356","India","5510","Production","01229","Cantaloupes and other melons","2016","2016","t","935000","A","Official value",""
"QCL","Crops and livestock products","356","India","5312","Area harvested","01229","Cantaloupes and other melons","2017","2017","ha","50000","A","Official value",""
"QCL","Crops and livestock products","356","India","5412","Yield","01229","Cantaloupes and other melons","2017","2017","kg/ha","21940","A","Official value",""
"QCL","Crops and livestock products","356","India","5510","Production","01229","Cantaloupes and other melons","2017","2017","t","1097000","A","Official value",""
"QCL","Crops and livestock products","356","India","5312","Area harvested","01229","Cantaloupes and other melons","2018","2018","ha","54000","A","Official value",""
"QCL","Crops and livestock products","356","India","5412","Yield","01229","Cantaloupes and other melons","2018","2018","kg/ha","22796.3","A","Official value",""
"QCL","Crops and livestock products","356","India","5510","Production","01229","Cantaloupes and other melons","2018","2018","t","1231000","A","Official value",""
"QCL","Crops and livestock products","356","India","5312","Area harvested","01229","Cantaloupes and other melons","2019","2019","ha","57000","A","Official value",""
"QCL","Crops and livestock products","356","India","5412","Yield","01229","Cantaloupes and other melons","2019","2019","kg/ha","22210.5","A","Official value",""
"QCL","Crops and livestock products","356","India","5510","Production","01229","Cantaloupes and other melons","2019","2019","t","1266000","A","Official value",""
"QCL","Crops and livestock products","356","India","5312","Area harvested","01229","Cantaloupes and other melons","2020","2020","ha","61000","A","Official value",""
"QCL","Crops and livestock products","356","India","5412","Yield","01229","Cantaloupes and other melons","2020","2020","kg/ha","22426.2","A","Official value",""
"QCL","Crops and livestock products","356","India","5510","Production","01229","Cantaloupes and other melons","2020","2020","t","1368000","A","Official value",""
"QCL","Crops and livestock products","356","India","5312","Area harvested","01229","Cantaloupes and other melons","2021","2021","ha","75000","A","Official value",""
"QCL","Crops and livestock products","356","India","5412","Yield","01229","Cantaloupes and other melons","2021","2021","kg/ha","19706.7","A","Official value",""
"QCL","Crops and livestock products","356","India","5510","Production","01229","Cantaloupes and other melons","2021","2021","t","1478000","A","Official value",""
"QCL","Crops and livestock products","356","India","5312","Area harvested","01229","Cantaloupes and other melons","2022","2022","ha","68000","A","Official value",""
"QCL","Crops and livestock products","356","India","5412","Yield","01229","Cantaloupes and other melons","2022","2022","kg/ha","22029.4","A","Official value",""
"QCL","Crops and livestock products","356","India","5510","Production","01229","Cantaloupes and other melons","2022","2022","t","1498000","A","Official value",""
"QCL","Crops and livestock products","356","India","5312","Area harvested","01229","Cantaloupes and other melons","2023","2023","ha","68000","A","Official value",""
"QCL","Crops and livestock products","356","India","5412","Yield","01229","Cantaloupes and other melons","2023","2023","kg/ha","22029.4","A","Official value",""
"QCL","Crops and livestock products","356","India","5510","Production","01229","Cantaloupes and other melons","2023","2023","t","1498000","A","Official value",""
"QCL","Crops and livestock products","356","India","5312","Area harvested","01251","Carrots and turnips","2000","2000","ha","37192","I","Value imputed by a receiving agency",""
"QCL","Crops and livestock products","356","India","5412","Yield","01251","Carrots and turnips","2000","2000","kg/ha","15076.7","E","Estimated value",""
"QCL","Crops and livestock products","356","India","5510","Production","01251","Carrots and turnips","2000","2000","t","560732.24","I","Value imputed by a receiving agency",""
"QCL","Crops and livestock products","356","India","5312","Area harvested","01251","Carrots and turnips","2001","2001","ha","38613","I","Value imputed by a receiving agency",""
"QCL","Crops and livestock products","356","India","5412","Yield","01251","Carrots and turnips","2001","2001","kg/ha","15159.9","E","Estimated value",""
"QCL","Crops and livestock products","356","India","5510","Production","01251","Carrots and turnips","2001","2001","t","585375.18","I","Value imputed by a receiving agency",""
"QCL","Crops and livestock products","356","India","5312","Area harvested","01251","Carrots and turnips","2002","2002","ha","39789","I","Value imputed by a receiving agency",""
"QCL","Crops and livestock products","356","India","5412","Yield","01251","Carrots and turnips","2002","2002","kg/ha","15336","E","Estimated value",""
"QCL","Crops and livestock products","356","India","5510","Production","01251","Carrots and turnips","2002","2002","t","610199.18","I","Value imputed by a receiving agency",""
"QCL","Crops and livestock products","356","India","5312","Area harvested","01251","Carrots and turnips","2003","2003","ha","40950","I","Value imputed by a receiving agency",""
"QCL","Crops and livestock products","356","India","5412","Yield","01251","Carrots and turnips","2003","2003","kg/ha","15512.1","E","Estimated value",""
"QCL","Crops and livestock products","356","India","5510","Production","01251","Carrots and turnips","2003","2003","t","635217.47","I","Value imputed by a receiving agency",""
"QCL","Crops and livestock products","356","India","5312","Area harvested","01251","Carrots and turnips","2004","2004","ha","42098","I","Value imputed by a receiving agency",""
"QCL","Crops and livestock products","356","India","5412","Yield","01251","Carrots and turnips","2004","2004","kg/ha","15688.3","E","Estimated value",""
"QCL","Crops and livestock products","356","India","5510","Production","01251","Carrots and turnips","2004","2004","t","660442.72","I","Value imputed by a receiving agency",""
"QCL","Crops and livestock products","356","India","5312","Area harvested","01251","Carrots and turnips","2005","2005","ha","43234","I","Value imputed by a receiving agency",""
"QCL","Crops and livestock products","356","India","5412","Yield","01251","Carrots and turnips","2005","2005","kg/ha","15864.5","E","Estimated value",""
"QCL","Crops and livestock products","356","India","5510","Production","01251","Carrots and turnips","2005","2005","t","685887.92","I","Value imputed by a receiving agency",""
"QCL","Crops and livestock products","356","India","5312","Area harvested","01251","Carrots and turnips","2006","2006","ha","44360","I","Value imputed by a receiving agency",""
"QCL","Crops and livestock products","356","India","5412","Yield","01251","Carrots and turnips","2006","2006","kg/ha","16040.8","E","Estimated value",""
"QCL","Crops and livestock products","356","India","5510","Production","01251","Carrots and turnips","2006","2006","t","711566.73","I","Value imputed by a receiving agency",""
"QCL","Crops and livestock products","356","India","5312","Area harvested","01251","Carrots and turnips","2007","2007","ha","45476","I","Value imputed by a receiving agency",""
"QCL","Crops and livestock products","356","India","5412","Yield","01251","Carrots and turnips","2007","2007","kg/ha","16217.2","E","Estimated value",""
"QCL","Crops and livestock products","356","India","5510","Production","01251","Carrots and turnips","2007","2007","t","737493.62","I","Value imputed by a receiving agency",""
"QCL","Crops and livestock products","356","India","5312","Area harvested","01251","Carrots and turnips","2010","2010","ha","48781","I","Value imputed by a receiving agency",""
"QCL","Crops and livestock products","356","India","5412","Yield","01251","Carrots and turnips","2010","2010","kg/ha","16746.8","E","Estimated value",""
"QCL","Crops and livestock products","356","India","5510","Production","01251","Carrots and turnips","2010","2010","t","816921.03","I","Value imputed by a receiving agency",""
"QCL","Crops and livestock products","356","India","5312","Area harvested","01251","Carrots and turnips","2011","2011","ha","56000","A","Official value",""
"QCL","Crops and livestock products","356","India","5412","Yield","01251","Carrots and turnips","2011","2011","kg/ha","17017.9","A","Official value",""
"QCL","Crops and livestock products","356","India","5510","Production","01251","Carrots and turnips","2011","2011","t","953000","A","Official value",""
"QCL","Crops and livestock products","356","India","5312","Area harvested","01251","Carrots and turnips","2012","2012","ha","62000","A","Official value",""
"QCL","Crops and livestock products","356","India","5412","Yield","01251","Carrots and turnips","2012","2012","kg/ha","18596.8","A","Official value",""
"QCL","Crops and livestock products","356","India","5510","Production","01251","Carrots and turnips","2012","2012","t","1153000","A","Official value",""
"QCL","Crops and livestock products","356","India","5312","Area harvested","01251","Carrots and turnips","2013","2013","ha","64000","A","Official value",""
"QCL","Crops and livestock products","356","India","5412","Yield","01251","Carrots and turnips","2013","2013","kg/ha","17890.6","A","Official value",""
"QCL","Crops and livestock products","356","India","5510","Production","01251","Carrots and turnips","2013","2013","t","1145000","A","Official value",""
"QCL","Crops and livestock products","356","India","5312","Area harvested","01251","Carrots and turnips","2014","2014","ha","62000","A","Official value",""
"QCL","Crops and livestock products","356","India","5412","Yield","01251","Carrots and turnips","2014","2014","kg/ha","17322.6","A","Official value",""
"QCL","Crops and livestock products","356","India","5510","Production","01251","Carrots and turnips","2014","2014","t","1074000","A","Official value",""
"QCL","Crops and livestock products","356","India","5312","Area harvested","01251","Carrots and turnips","2015","2015","ha","64000","A","Official value",""
"QCL","Crops and livestock products","356","India","5412","Yield","01251","Carrots and turnips","2015","2015","kg/ha","15125","A","Official value",""
"QCL","Crops and livestock products","356","India","5510","Production","01251","Carrots and turnips","2015","2015","t","968000","A","Official value",""
"QCL","Crops and livestock products","356","India","5312","Area harvested","01251","Carrots and turnips","2016","2016","ha","82303","A","Official value",""
"QCL","Crops and livestock products","356","India","5412","Yield","01251","Carrots and turnips","2016","2016","kg/ha","16262.7","A","Official value",""
"QCL","Crops and livestock products","356","India","5510","Production","01251","Carrots and turnips","2016","2016","t","1338472.61","A","Official value",""
"QCL","Crops and livestock products","356","India","5312","Area harvested","01251","Carrots and turnips","2017","2017","ha","86239","A","Official value",""
"QCL","Crops and livestock products","356","India","5412","Yield","01251","Carrots and turnips","2017","2017","kg/ha","15650.8","A","Official value",""
"QCL","Crops and livestock products","356","India","5510","Production","01251","Carrots and turnips","2017","2017","t","1349712.8","A","Official value",""
"QCL","Crops and livestock products","356","India","5312","Area harvested","01251","Carrots and turnips","2018","2018","ha","96508","A","Official value",""
"QCL","Crops and livestock products","356","India","5412","Yield","01251","Carrots and turnips","2018","2018","kg/ha","17078.9","A","Official value",""
"QCL","Crops and livestock products","356","India","5510","Production","01251","Carrots and turnips","2018","2018","t","1648245.2","A","Official value",""
"QCL","Crops and livestock products","356","India","5312","Area harvested","01251","Carrots and turnips","2019","2019","ha","109462","A","Official value",""
"QCL","Crops and livestock products","356","India","5412","Yield","01251","Carrots and turnips","2019","2019","kg/ha","17297.8","A","Official value",""
"QCL","Crops and livestock products","356","India","5510","Production","01251","Carrots and turnips","2019","2019","t","1893452.82","A","Official value",""
"QCL","Crops and livestock products","356","India","5312","Area harvested","01251","Carrots and turnips","2020","2020","ha","104982","A","Official value",""
"QCL","Crops and livestock products","356","India","5412","Yield","01251","Carrots and turnips","2020","2020","kg/ha","17414.3","A","Official value",""
"QCL","Crops and livestock products","356","India","5510","Production","01251","Carrots and turnips","2020","2020","t","1828189.05","A","Official value",""
"QCL","Crops and livestock products","356","India","5312","Area harvested","01251","Carrots and turnips","2021","2021","ha","108393","A","Official value",""
"QCL","Crops and livestock products","356","India","5412","Yield","01251","Carrots and turnips","2021","2021","kg/ha","17386.4","A","Official value",""
"QCL","Crops and livestock products","356","India","5510","Production","01251","Carrots and turnips","2021","2021","t","1884564.49","A","Official value",""
"QCL","Crops and livestock products","356","India","5312","Area harvested","01251","Carrots and turnips","2022","2022","ha","133552","A","Official value",""
"QCL","Crops and livestock products","356","India","5412","Yield","01251","Carrots and turnips","2022","2022","kg/ha","17101.6","A","Official value",""
"QCL","Crops and livestock products","356","India","5510","Production","01251","Carrots and turnips","2022","2022","t","2283952","A","Official value",""
"QCL","Crops and livestock products","356","India","5312","Area harvested","01251","Carrots and turnips","2023","2023","ha","122664","A","Official value",""
"QCL","Crops and livestock products","356","India","5412","Yield","01251","Carrots and turnips","2023","2023","kg/ha","19557.6","A","Official value",""
"QCL","Crops and livestock products","356","India","5510","Production","01251","Carrots and turnips","2023","2023","t","2399008","A","Official value",""
"QCL","Crops and livestock products","356","India","5312","Area harvested","01372","Cashew nuts, in shell","2000","2000","ha","686000","A","Official value",""
"QCL","Crops and livestock products","356","India","5412","Yield","01372","Cashew nuts, in shell","2000","2000","kg/ha","758","A","Official value",""
"QCL","Crops and livestock products","356","India","5510","Production","01372","Cashew nuts, in shell","2000","2000","t","520000","A","Official value",""
"QCL","Crops and livestock products","356","India","5312","Area harvested","01372","Cashew nuts, in shell","2001","2001","ha","700000","A","Official value",""
"QCL","Crops and livestock products","356","India","5412","Yield","01372","Cashew nuts, in shell","2001","2001","kg/ha","642.9","A","Official value",""
"QCL","Crops and livestock products","356","India","5510","Production","01372","Cashew nuts, in shell","2001","2001","t","450000","A","Official value",""
"QCL","Crops and livestock products","356","India","5312","Area harvested","01372","Cashew nuts, in shell","2002","2002","ha","750000","A","Official value",""
"QCL","Crops and livestock products","356","India","5412","Yield","01372","Cashew nuts, in shell","2002","2002","kg/ha","626.7","A","Official value",""
"QCL","Crops and livestock products","356","India","5510","Production","01372","Cashew nuts, in shell","2002","2002","t","470000","A","Official value",""
"QCL","Crops and livestock products","356","India","5312","Area harvested","01372","Cashew nuts, in shell","2003","2003","ha","770000","A","Official value",""
"QCL","Crops and livestock products","356","India","5412","Yield","01372","Cashew nuts, in shell","2003","2003","kg/ha","649.4","A","Official value",""
"QCL","Crops and livestock products","356","India","5510","Production","01372","Cashew nuts, in shell","2003","2003","t","500000","A","Official value",""
"QCL","Crops and livestock products","356","India","5312","Area harvested","01372","Cashew nuts, in shell","2004","2004","ha","780000","A","Official value",""
"QCL","Crops and livestock products","356","India","5412","Yield","01372","Cashew nuts, in shell","2004","2004","kg/ha","685.9","A","Official value",""
"QCL","Crops and livestock products","356","India","5510","Production","01372","Cashew nuts, in shell","2004","2004","t","535000","A","Official value",""
"QCL","Crops and livestock products","356","India","5312","Area harvested","01372","Cashew nuts, in shell","2005","2005","ha","820000","A","Official value",""
"QCL","Crops and livestock products","356","India","5412","Yield","01372","Cashew nuts, in shell","2005","2005","kg/ha","663.4","A","Official value",""
"QCL","Crops and livestock products","356","India","5510","Production","01372","Cashew nuts, in shell","2005","2005","t","544000","A","Official value",""
"QCL","Crops and livestock products","356","India","5312","Area harvested","01372","Cashew nuts, in shell","2006","2006","ha","837000","A","Official value",""
"QCL","Crops and livestock products","356","India","5412","Yield","01372","Cashew nuts, in shell","2006","2006","kg/ha","684.6","A","Official value",""
"QCL","Crops and livestock products","356","India","5510","Production","01372","Cashew nuts, in shell","2006","2006","t","573000","A","Official value",""
"QCL","Crops and livestock products","356","India","5312","Area harvested","01372","Cashew nuts, in shell","2007","2007","ha","854000","A","Official value",""
"QCL","Crops and livestock products","356","India","5412","Yield","01372","Cashew nuts, in shell","2007","2007","kg/ha","726","A","Official value",""
"QCL","Crops and livestock products","356","India","5510","Production","01372","Cashew nuts, in shell","2007","2007","t","620000","A","Official value",""
"QCL","Crops and livestock products","356","India","5312","Area harvested","01372","Cashew nuts, in shell","2010","2010","ha","923000","A","Official value",""
"QCL","Crops and livestock products","356","India","5412","Yield","01372","Cashew nuts, in shell","2010","2010","kg/ha","664.1","A","Official value",""
"QCL","Crops and livestock products","356","India","5510","Production","01372","Cashew nuts, in shell","2010","2010","t","613000","A","Official value",""
"QCL","Crops and livestock products","356","India","5312","Area harvested","01372","Cashew nuts, in shell","2011","2011","ha","953200","A","Official value",""
"QCL","Crops and livestock products","356","India","5412","Yield","01372","Cashew nuts, in shell","2011","2011","kg/ha","707.7","A","Official value",""
"QCL","Crops and livestock products","356","India","5510","Production","01372","Cashew nuts, in shell","2011","2011","t","674600","A","Official value",""
"QCL","Crops and livestock products","356","India","5312","Area harvested","01372","Cashew nuts, in shell","2012","2012","ha","979000","A","Official value",""
"QCL","Crops and livestock products","356","India","5412","Yield","01372","Cashew nuts, in shell","2012","2012","kg/ha","740.6","A","Official value",""
"QCL","Crops and livestock products","356","India","5510","Production","01372","Cashew nuts, in shell","2012","2012","t","725000","A","Official value",""
"QCL","Crops and livestock products","356","India","5312","Area harvested","01372","Cashew nuts, in shell","2013","2013","ha","992000","A","Official value",""
"QCL","Crops and livestock products","356","India","5412","Yield","01372","Cashew nuts, in shell","2013","2013","kg/ha","759.1","A","Official value",""
"QCL","Crops and livestock products","356","India","5510","Production","01372","Cashew nuts, in shell","2013","2013","t","753000","A","Official value",""
"QCL","Crops and livestock products","356","India","5312","Area harvested","01372","Cashew nuts, in shell","2014","2014","ha","1011000","A","Official value",""
"QCL","Crops and livestock products","356","India","5412","Yield","01372","Cashew nuts, in shell","2014","2014","kg/ha","744.8","A","Official value",""
"QCL","Crops and livestock products","356","India","5510","Production","01372","Cashew nuts, in shell","2014","2014","t","753000","A","Official value",""
"QCL","Crops and livestock products","356","India","5312","Area harvested","01372","Cashew nuts, in shell","2015","2015","ha","1030000","A","Official value",""
"QCL","Crops and livestock products","356","India","5412","Yield","01372","Cashew nuts, in shell","2015","2015","kg/ha","723.3","A","Official value",""
"QCL","Crops and livestock products","356","India","5510","Production","01372","Cashew nuts, in shell","2015","2015","t","745000","A","Official value",""
"QCL","Crops and livestock products","356","India","5312","Area harvested","01372","Cashew nuts, in shell","2016","2016","ha","1036000","A","Official value",""
"QCL","Crops and livestock products","356","India","5412","Yield","01372","Cashew nuts, in shell","2016","2016","kg/ha","647.7","A","Official value",""
"QCL","Crops and livestock products","356","India","5510","Production","01372","Cashew nuts, in shell","2016","2016","t","671000","A","Official value",""
"QCL","Crops and livestock products","356","India","5312","Area harvested","01372","Cashew nuts, in shell","2017","2017","ha","978000","A","Official value",""
"QCL","Crops and livestock products","356","India","5412","Yield","01372","Cashew nuts, in shell","2017","2017","kg/ha","761.8","A","Official value",""
"QCL","Crops and livestock products","356","India","5510","Production","01372","Cashew nuts, in shell","2017","2017","t","745000","A","Official value",""
"QCL","Crops and livestock products","356","India","5312","Area harvested","01372","Cashew nuts, in shell","2018","2018","ha","1062000","A","Official value",""
"QCL","Crops and livestock products","356","India","5412","Yield","01372","Cashew nuts, in shell","2018","2018","kg/ha","769.3","A","Official value",""
"QCL","Crops and livestock products","356","India","5510","Production","01372","Cashew nuts, in shell","2018","2018","t","817000","A","Official value",""
"QCL","Crops and livestock products","356","India","5312","Area harvested","01372","Cashew nuts, in shell","2019","2019","ha","1105000","A","Official value",""
"QCL","Crops and livestock products","356","India","5412","Yield","01372","Cashew nuts, in shell","2019","2019","kg/ha","672.4","A","Official value",""
"QCL","Crops and livestock products","356","India","5510","Production","01372","Cashew nuts, in shell","2019","2019","t","743000","A","Official value",""
"QCL","Crops and livestock products","356","India","5312","Area harvested","01372","Cashew nuts, in shell","2020","2020","ha","1125000","A","Official value",""
"QCL","Crops and livestock products","356","India","5412","Yield","01372","Cashew nuts, in shell","2020","2020","kg/ha","624.9","A","Official value",""
"QCL","Crops and livestock products","356","India","5510","Production","01372","Cashew nuts, in shell","2020","2020","t","703000","A","Official value",""
"QCL","Crops and livestock products","356","India","5312","Area harvested","01372","Cashew nuts, in shell","2021","2021","ha","1159000","A","Official value",""
"QCL","Crops and livestock products","356","India","5412","Yield","01372","Cashew nuts, in shell","2021","2021","kg/ha","636.8","A","Official value",""
"QCL","Crops and livestock products","356","India","5510","Production","01372","Cashew nuts, in shell","2021","2021","t","738000","A","Official value",""
"QCL","Crops and livestock products","356","India","5312","Area harvested","01372","Cashew nuts, in shell","2022","2022","ha","1184000","A","Official value",""
"QCL","Crops and livestock products","356","India","5412","Yield","01372","Cashew nuts, in shell","2022","2022","kg/ha","635.1","A","Official value",""
"QCL","Crops and livestock products","356","India","5510","Production","01372","Cashew nuts, in shell","2022","2022","t","752000","A","Official value",""
"QCL","Crops and livestock products","356","India","5312","Area harvested","01372","Cashew nuts, in shell","2023","2023","ha","1195000","A","Official value",""
"QCL","Crops and livestock products","356","India","5412","Yield","01372","Cashew nuts, in shell","2023","2023","kg/ha","654.4","A","Official value",""
"QCL","Crops and livestock products","356","India","5510","Production","01372","Cashew nuts, in shell","2023","2023","t","782000","A","Official value",""
"QCL","Crops and livestock products","356","India","5312","Area harvested","01520.01","Cassava, fresh","2000","2000","ha","223500","A","Official value",""
"QCL","Crops and livestock products","356","India","5412","Yield","01520.01","Cassava, fresh","2000","2000","kg/ha","26908.7","A","Official value",""
"QCL","Crops and livestock products","356","India","5510","Production","01520.01","Cassava, fresh","2000","2000","t","6014100","A","Official value",""
"QCL","Crops and livestock products","356","India","5312","Area harvested","01520.01","Cassava, fresh","2001","2001","ha","253500","A","Official value",""
"QCL","Crops and livestock products","356","India","5412","Yield","01520.01","Cassava, fresh","2001","2001","kg/ha","26699.8","A","Official value",""
"QCL","Crops and livestock products","356","India","5510","Production","01520.01","Cassava, fresh","2001","2001","t","6768400","A","Official value",""
"QCL","Crops and livestock products","356","India","5312","Area harvested","01520.01","Cassava, fresh","2002","2002","ha","238900","A","Official value",""
"QCL","Crops and livestock products","356","India","5412","Yield","01520.01","Cassava, fresh","2002","2002","kg/ha","27274.6","A","Official value",""
"QCL","Crops and livestock products","356","India","5510","Production","01520.01","Cassava, fresh","2002","2002","t","6515900","A","Official value",""
"QCL","Crops and livestock products","356","India","5312","Area harvested","01520.01","Cassava, fresh","2003","2003","ha","207000","A","Official value",""
"QCL","Crops and livestock products","356","India","5412","Yield","01520.01","Cassava, fresh","2003","2003","kg/ha","26213.5","A","Official value",""
"QCL","Crops and livestock products","356","India","5510","Production","01520.01","Cassava, fresh","2003","2003","t","5426200","A","Official value",""
"QCL","Crops and livestock products","356","India","5312","Area harvested","01520.01","Cassava, fresh","2004","2004","ha","220000","A","Official value",""
"QCL","Crops and livestock products","356","India","5412","Yield","01520.01","Cassava, fresh","2004","2004","kg/ha","27043.6","A","Official value",""
"QCL","Crops and livestock products","356","India","5510","Production","01520.01","Cassava, fresh","2004","2004","t","5949600","A","Official value",""
"QCL","Crops and livestock products","356","India","5312","Area harvested","01520.01","Cassava, fresh","2005","2005","ha","244700","A","Official value",""
"QCL","Crops and livestock products","356","India","5412","Yield","01520.01","Cassava, fresh","2005","2005","kg/ha","30497.8","A","Official value",""
"QCL","Crops and livestock products","356","India","5510","Production","01520.01","Cassava, fresh","2005","2005","t","7462800","A","Official value",""
"QCL","Crops and livestock products","356","India","5312","Area harvested","01520.01","Cassava, fresh","2006","2006","ha","244600","A","Official value",""
"QCL","Crops and livestock products","356","India","5412","Yield","01520.01","Cassava, fresh","2006","2006","kg/ha","32113.2","A","Official value",""
"QCL","Crops and livestock products","356","India","5510","Production","01520.01","Cassava, fresh","2006","2006","t","7854900","A","Official value",""
"QCL","Crops and livestock products","356","India","5312","Area harvested","01520.01","Cassava, fresh","2007","2007","ha","255500","A","Official value",""
"QCL","Crops and livestock products","356","India","5412","Yield","01520.01","Cassava, fresh","2007","2007","kg/ha","32220.4","A","Official value",""
"QCL","Crops and livestock products","356","India","5510","Production","01520.01","Cassava, fresh","2007","2007","t","8232300","A","Official value",""
"QCL","Crops and livestock products","356","India","5312","Area harvested","01520.01","Cassava, fresh","2010","2010","ha","231900","A","Official value",""
"QCL","Crops and livestock products","356","India","5412","Yield","01520.01","Cassava, fresh","2010","2010","kg/ha","34755.5","A","Official value",""
"QCL","Crops and livestock products","356","India","5510","Production","01520.01","Cassava, fresh","2010","2010","t","8059800","A","Official value",""
"QCL","Crops and livestock products","356","India","5312","Area harvested","01520.01","Cassava, fresh","2011","2011","ha","221400","A","Official value",""
"QCL","Crops and livestock products","356","India","5412","Yield","01520.01","Cassava, fresh","2011","2011","kg/ha","36477","A","Official value",""
"QCL","Crops and livestock products","356","India","5510","Production","01520.01","Cassava, fresh","2011","2011","t","8076000","A","Official value",""
"QCL","Crops and livestock products","356","India","5312","Area harvested","01520.01","Cassava, fresh","2012","2012","ha","226700","A","Official value",""
"QCL","Crops and livestock products","356","India","5412","Yield","01520.01","Cassava, fresh","2012","2012","kg/ha","38581.8","A","Official value",""
"QCL","Crops and livestock products","356","India","5510","Production","01520.01","Cassava, fresh","2012","2012","t","8746500","A","Official value",""
"QCL","Crops and livestock products","356","India","5312","Area harvested","01520.01","Cassava, fresh","2013","2013","ha","207000","A","Official value",""
"QCL","Crops and livestock products","356","India","5412","Yield","01520.01","Cassava, fresh","2013","2013","kg/ha","34959.4","A","Official value",""
"QCL","Crops and livestock products","356","India","5510","Production","01520.01","Cassava, fresh","2013","2013","t","7236600","A","Official value",""
"QCL","Crops and livestock products","356","India","5312","Area harvested","01520.01","Cassava, fresh","2014","2014","ha","228280","A","Official value",""
"QCL","Crops and livestock products","356","India","5412","Yield","01520.01","Cassava, fresh","2014","2014","kg/ha","35655.5","A","Official value",""
"QCL","Crops and livestock products","356","India","5510","Production","01520.01","Cassava, fresh","2014","2014","t","8139430","A","Official value",""
"QCL","Crops and livestock products","356","India","5312","Area harvested","01520.01","Cassava, fresh","2015","2015","ha","208000","A","Official value",""
"QCL","Crops and livestock products","356","India","5412","Yield","01520.01","Cassava, fresh","2015","2015","kg/ha","21024","A","Official value",""
"QCL","Crops and livestock products","356","India","5510","Production","01520.01","Cassava, fresh","2015","2015","t","4373000","A","Official value",""
"QCL","Crops and livestock products","356","India","5312","Area harvested","01520.01","Cassava, fresh","2016","2016","ha","204000","A","Official value",""
"QCL","Crops and livestock products","356","India","5412","Yield","01520.01","Cassava, fresh","2016","2016","kg/ha","21294.1","A","Official value",""
"QCL","Crops and livestock products","356","India","5510","Production","01520.01","Cassava, fresh","2016","2016","t","4344000","A","Official value",""
"QCL","Crops and livestock products","356","India","5312","Area harvested","01520.01","Cassava, fresh","2017","2017","ha","199000","A","Official value",""
"QCL","Crops and livestock products","356","India","5412","Yield","01520.01","Cassava, fresh","2017","2017","kg/ha","20959.8","A","Official value",""
"QCL","Crops and livestock products","356","India","5510","Production","01520.01","Cassava, fresh","2017","2017","t","4171000","A","Official value",""
"QCL","Crops and livestock products","356","India","5312","Area harvested","01520.01","Cassava, fresh","2018","2018","ha","173000","A","Official value",""
"QCL","Crops and livestock products","356","India","5412","Yield","01520.01","Cassava, fresh","2018","2018","kg/ha","28612.7","A","Official value",""
"QCL","Crops and livestock products","356","India","5510","Production","01520.01","Cassava, fresh","2018","2018","t","4950000","A","Official value",""
"QCL","Crops and livestock products","356","India","5312","Area harvested","01520.01","Cassava, fresh","2019","2019","ha","163000","A","Official value",""
"QCL","Crops and livestock products","356","India","5412","Yield","01520.01","Cassava, fresh","2019","2019","kg/ha","30527.6","A","Official value",""
"QCL","Crops and livestock products","356","India","5510","Production","01520.01","Cassava, fresh","2019","2019","t","4976000","A","Official value",""
"QCL","Crops and livestock products","356","India","5312","Area harvested","01520.01","Cassava, fresh","2020","2020","ha","173000","A","Official value",""
"QCL","Crops and livestock products","356","India","5412","Yield","01520.01","Cassava, fresh","2020","2020","kg/ha","35028.9","A","Official value",""
"QCL","Crops and livestock products","356","India","5510","Production","01520.01","Cassava, fresh","2020","2020","t","6060000","A","Official value",""
"QCL","Crops and livestock products","356","India","5312","Area harvested","01520.01","Cassava, fresh","2021","2021","ha","183000","A","Official value",""
"QCL","Crops and livestock products","356","India","5412","Yield","01520.01","Cassava, fresh","2021","2021","kg/ha","37929","A","Official value",""
"QCL","Crops and livestock products","356","India","5510","Production","01520.01","Cassava, fresh","2021","2021","t","6941000","A","Official value",""
"QCL","Crops and livestock products","356","India","5312","Area harvested","01520.01","Cassava, fresh","2022","2022","ha","172000","A","Official value",""
"QCL","Crops and livestock products","356","India","5412","Yield","01520.01","Cassava, fresh","2022","2022","kg/ha","36122.1","A","Official value",""
"QCL","Crops and livestock products","356","India","5510","Production","01520.01","Cassava, fresh","2022","2022","t","6213000","A","Official value",""
"QCL","Crops and livestock products","356","India","5312","Area harvested","01520.01","Cassava, fresh","2023","2023","ha","166000","A","Official value",""
"QCL","Crops and livestock products","356","India","5412","Yield","01520.01","Cassava, fresh","2023","2023","kg/ha","35771.1","A","Official value",""
"QCL","Crops and livestock products","356","India","5510","Production","01520.01","Cassava, fresh","2023","2023","t","5938000","A","Official value",""
"QCL","Crops and livestock products","356","India","5312","Area harvested","01447","Castor oil seeds","2000","2000","ha","1081700","A","Official value",""
"QCL","Crops and livestock products","356","India","5412","Yield","01447","Castor oil seeds","2000","2000","kg/ha","815.4","A","Official value",""
"QCL","Crops and livestock products","356","India","5510","Production","01447","Castor oil seeds","2000","2000","t","882000","A","Official value",""
"QCL","Crops and livestock products","356","India","5312","Area harvested","01447","Castor oil seeds","2001","2001","ha","715400","A","Official value",""
"QCL","Crops and livestock products","356","India","5412","Yield","01447","Castor oil seeds","2001","2001","kg/ha","909.4","A","Official value",""
"QCL","Crops and livestock products","356","India","5510","Production","01447","Castor oil seeds","2001","2001","t","650600","A","Official value",""
"QCL","Crops and livestock products","356","India","5312","Area harvested","01447","Castor oil seeds","2002","2002","ha","586000","A","Official value",""
"QCL","Crops and livestock products","356","India","5412","Yield","01447","Castor oil seeds","2002","2002","kg/ha","733.3","A","Official value",""
"QCL","Crops and livestock products","356","India","5510","Production","01447","Castor oil seeds","2002","2002","t","429700","A","Official value",""
"QCL","Crops and livestock products","356","India","5312","Area harvested","01447","Castor oil seeds","2003","2003","ha","716800","A","Official value",""
"QCL","Crops and livestock products","356","India","5412","Yield","01447","Castor oil seeds","2003","2003","kg/ha","1111","A","Official value",""
"QCL","Crops and livestock products","356","India","5510","Production","01447","Castor oil seeds","2003","2003","t","796400","A","Official value",""
"QCL","Crops and livestock products","356","India","5312","Area harvested","01447","Castor oil seeds","2004","2004","ha","745600","A","Official value",""
"QCL","Crops and livestock products","356","India","5412","Yield","01447","Castor oil seeds","2004","2004","kg/ha","1063.4","A","Official value",""
"QCL","Crops and livestock products","356","India","5510","Production","01447","Castor oil seeds","2004","2004","t","792900","A","Official value",""
"QCL","Crops and livestock products","356","India","5312","Area harvested","01447","Castor oil seeds","2005","2005","ha","862700","A","Official value",""
"QCL","Crops and livestock products","356","India","5412","Yield","01447","Castor oil seeds","2005","2005","kg/ha","1148.8","A","Official value",""
"QCL","Crops and livestock products","356","India","5510","Production","01447","Castor oil seeds","2005","2005","t","991100","A","Official value",""
"QCL","Crops and livestock products","356","India","5312","Area harvested","01447","Castor oil seeds","2006","2006","ha","627700","A","Official value",""
"QCL","Crops and livestock products","356","India","5412","Yield","01447","Castor oil seeds","2006","2006","kg/ha","1213.5","A","Official value",""
"QCL","Crops and livestock products","356","India","5510","Production","01447","Castor oil seeds","2006","2006","t","761700","A","Official value",""
"QCL","Crops and livestock products","356","India","5312","Area harvested","01447","Castor oil seeds","2007","2007","ha","786800","A","Official value",""
"QCL","Crops and livestock products","356","India","5412","Yield","01447","Castor oil seeds","2007","2007","kg/ha","1339","A","Official value",""
"QCL","Crops and livestock products","356","India","5510","Production","01447","Castor oil seeds","2007","2007","t","1053500","A","Official value",""
"QCL","Crops and livestock products","356","India","5312","Area harvested","01447","Castor oil seeds","2010","2010","ha","880339","A","Official value",""
"QCL","Crops and livestock products","356","India","5412","Yield","01447","Castor oil seeds","2010","2010","kg/ha","1533.9","A","Official value",""
"QCL","Crops and livestock products","356","India","5510","Production","01447","Castor oil seeds","2010","2010","t","1350324","A","Official value",""
"QCL","Crops and livestock products","356","India","5312","Area harvested","01447","Castor oil seeds","2011","2011","ha","1470883","A","Official value",""
"QCL","Crops and livestock products","356","India","5412","Yield","01447","Castor oil seeds","2011","2011","kg/ha","1560.2","A","Official value",""
"QCL","Crops and livestock products","356","India","5510","Production","01447","Castor oil seeds","2011","2011","t","2294930","A","Official value",""
"QCL","Crops and livestock products","356","India","5312","Area harvested","01447","Castor oil seeds","2012","2012","ha","1233587","A","Official value",""
"QCL","Crops and livestock products","356","India","5412","Yield","01447","Castor oil seeds","2012","2012","kg/ha","1591.7","A","Official value",""
"QCL","Crops and livestock products","356","India","5510","Production","01447","Castor oil seeds","2012","2012","t","1963473","A","Official value",""
"QCL","Crops and livestock products","356","India","5312","Area harvested","01447","Castor oil seeds","2013","2013","ha","1063197","A","Official value",""
"QCL","Crops and livestock products","356","India","5412","Yield","01447","Castor oil seeds","2013","2013","kg/ha","1623.9","A","Official value",""
"QCL","Crops and livestock products","356","India","5510","Production","01447","Castor oil seeds","2013","2013","t","1726559","A","Official value",""
"QCL","Crops and livestock products","356","India","5312","Area harvested","01447","Castor oil seeds","2014","2014","ha","1089320","A","Official value",""
"QCL","Crops and livestock products","356","India","5412","Yield","01447","Castor oil seeds","2014","2014","kg/ha","1716.7","A","Official value",""
"QCL","Crops and livestock products","356","India","5510","Production","01447","Castor oil seeds","2014","2014","t","1869990","A","Official value",""
"QCL","Crops and livestock products","356","India","5312","Area harvested","01447","Castor oil seeds","2015","2015","ha","1060729","A","Official value",""
"QCL","Crops and livestock products","356","India","5412","Yield","01447","Castor oil seeds","2015","2015","kg/ha","1651.5","A","Official value",""
"QCL","Crops and livestock products","356","India","5510","Production","01447","Castor oil seeds","2015","2015","t","1751818","A","Official value",""
"QCL","Crops and livestock products","356","India","5312","Area harvested","01447","Castor oil seeds","2016","2016","ha","807917","A","Official value",""
"QCL","Crops and livestock products","356","India","5412","Yield","01447","Castor oil seeds","2016","2016","kg/ha","1703.7","A","Official value",""
"QCL","Crops and livestock products","356","India","5510","Production","01447","Castor oil seeds","2016","2016","t","1376421","A","Official value",""
"QCL","Crops and livestock products","356","India","5312","Area harvested","01447","Castor oil seeds","2017","2017","ha","824127","A","Official value",""
"QCL","Crops and livestock products","356","India","5412","Yield","01447","Castor oil seeds","2017","2017","kg/ha","1902.1","A","Official value",""
"QCL","Crops and livestock products","356","India","5510","Production","01447","Castor oil seeds","2017","2017","t","1567563.59","A","Official value",""
"QCL","Crops and livestock products","356","India","5312","Area harvested","01447","Castor oil seeds","2018","2018","ha","751317","A","Official value",""
"QCL","Crops and livestock products","356","India","5412","Yield","01447","Castor oil seeds","2018","2018","kg/ha","1592.8","A","Official value",""
"QCL","Crops and livestock products","356","India","5510","Production","01447","Castor oil seeds","2018","2018","t","1196679.24","A","Official value",""
"QCL","Crops and livestock products","356","India","5312","Area harvested","01447","Castor oil seeds","2019","2019","ha","1046292","A","Official value",""
"QCL","Crops and livestock products","356","India","5412","Yield","01447","Castor oil seeds","2019","2019","kg/ha","1760.5","A","Official value",""
"QCL","Crops and livestock products","356","India","5510","Production","01447","Castor oil seeds","2019","2019","t","1842021.74","A","Official value",""
"QCL","Crops and livestock products","356","India","5312","Area harvested","01447","Castor oil seeds","2020","2020","ha","887495","A","Official value",""
"QCL","Crops and livestock products","356","India","5412","Yield","01447","Castor oil seeds","2020","2020","kg/ha","1855.7","A","Official value",""
"QCL","Crops and livestock products","356","India","5510","Production","01447","Castor oil seeds","2020","2020","t","1646956.41","A","Official value",""
"QCL","Crops and livestock products","356","India","5312","Area harvested","01447","Castor oil seeds","2021","2021","ha","830978","A","Official value",""
"QCL","Crops and livestock products","356","India","5412","Yield","01447","Castor oil seeds","2021","2021","kg/ha","1948","A","Official value",""
"QCL","Crops and livestock products","356","India","5510","Production","01447","Castor oil seeds","2021","2021","t","1618760","A","Official value",""
"QCL","Crops and livestock products","356","India","5312","Area harvested","01447","Castor oil seeds","2022","2022","ha","1019279","A","Official value",""
"QCL","Crops and livestock products","356","India","5412","Yield","01447","Castor oil seeds","2022","2022","kg/ha","1942.3","A","Official value",""
"QCL","Crops and livestock products","356","India","5510","Production","01447","Castor oil seeds","2022","2022","t","1979717.74","A","Official value",""
"QCL","Crops and livestock products","356","India","5312","Area harvested","01447","Castor oil seeds","2023","2023","ha","1041071","A","Official value",""
"QCL","Crops and livestock products","356","India","5412","Yield","01447","Castor oil seeds","2023","2023","kg/ha","1881.5","A","Official value",""
"QCL","Crops and livestock products","356","India","5510","Production","01447","Castor oil seeds","2023","2023","t","1958765.38","A","Official value",""
"QCL","Crops and livestock products","356","India","5312","Area harvested","01213","Cauliflowers and broccoli","2000","2000","ha","250000","A","Official value",""
"QCL","Crops and livestock products","356","India","5412","Yield","01213","Cauliflowers and broccoli","2000","2000","kg/ha","18880","A","Official value",""
"QCL","Crops and livestock products","356","India","5510","Production","01213","Cauliflowers and broccoli","2000","2000","t","4720000","A","Official value",""
"QCL","Crops and livestock products","356","India","5312","Area harvested","01213","Cauliflowers and broccoli","2001","2001","ha","260000","A","Official value",""
"QCL","Crops and livestock products","356","India","5412","Yield","01213","Cauliflowers and broccoli","2001","2001","kg/ha","18038.5","A","Official value",""
"QCL","Crops and livestock products","356","India","5510","Production","01213","Cauliflowers and broccoli","2001","2001","t","4690000","A","Official value",""
"QCL","Crops and livestock products","356","India","5312","Area harvested","01213","Cauliflowers and broccoli","2002","2002","ha","270000","A","Official value",""
"QCL","Crops and livestock products","356","India","5412","Yield","01213","Cauliflowers and broccoli","2002","2002","kg/ha","18111.1","A","Official value",""
"QCL","Crops and livestock products","356","India","5510","Production","01213","Cauliflowers and broccoli","2002","2002","t","4890000","A","Official value",""
"QCL","Crops and livestock products","356","India","5312","Area harvested","01213","Cauliflowers and broccoli","2003","2003","ha","280000","A","Official value",""
"QCL","Crops and livestock products","356","India","5412","Yield","01213","Cauliflowers and broccoli","2003","2003","kg/ha","17142.9","A","Official value",""
"QCL","Crops and livestock products","356","India","5510","Production","01213","Cauliflowers and broccoli","2003","2003","t","4800000","A","Official value",""
"QCL","Crops and livestock products","356","India","5312","Area harvested","01213","Cauliflowers and broccoli","2004","2004","ha","267900","A","Official value",""
"QCL","Crops and livestock products","356","India","5412","Yield","01213","Cauliflowers and broccoli","2004","2004","kg/ha","18440.5","A","Official value",""
"QCL","Crops and livestock products","356","India","5510","Production","01213","Cauliflowers and broccoli","2004","2004","t","4940200","A","Official value",""
"QCL","Crops and livestock products","356","India","5312","Area harvested","01213","Cauliflowers and broccoli","2005","2005","ha","238500","A","Official value",""
"QCL","Crops and livestock products","356","India","5412","Yield","01213","Cauliflowers and broccoli","2005","2005","kg/ha","18930","A","Official value",""
"QCL","Crops and livestock products","356","India","5510","Production","01213","Cauliflowers and broccoli","2005","2005","t","4514800","A","Official value",""
"QCL","Crops and livestock products","356","India","5312","Area harvested","01213","Cauliflowers and broccoli","2006","2006","ha","288600","A","Official value",""
"QCL","Crops and livestock products","356","India","5412","Yield","01213","Cauliflowers and broccoli","2006","2006","kg/ha","18444.6","A","Official value",""
"QCL","Crops and livestock products","356","India","5510","Production","01213","Cauliflowers and broccoli","2006","2006","t","5323100","A","Official value",""
"QCL","Crops and livestock products","356","India","5312","Area harvested","01213","Cauliflowers and broccoli","2007","2007","ha","302000","A","Official value",""
"QCL","Crops and livestock products","356","India","5412","Yield","01213","Cauliflowers and broccoli","2007","2007","kg/ha","18337.7","A","Official value",""
"QCL","Crops and livestock products","356","India","5510","Production","01213","Cauliflowers and broccoli","2007","2007","t","5538000","A","Official value",""
"QCL","Crops and livestock products","356","India","5312","Area harvested","01213","Cauliflowers and broccoli","2010","2010","ha","347900","A","Official value",""
"QCL","Crops and livestock products","356","India","5412","Yield","01213","Cauliflowers and broccoli","2010","2010","kg/ha","18881.9","A","Official value",""
"QCL","Crops and livestock products","356","India","5510","Production","01213","Cauliflowers and broccoli","2010","2010","t","6569000","A","Official value",""
"QCL","Crops and livestock products","356","India","5312","Area harvested","01213","Cauliflowers and broccoli","2011","2011","ha","369000","A","Official value",""
"QCL","Crops and livestock products","356","India","5412","Yield","01213","Cauliflowers and broccoli","2011","2011","kg/ha","18279.1","A","Official value",""
"QCL","Crops and livestock products","356","India","5510","Production","01213","Cauliflowers and broccoli","2011","2011","t","6745000","A","Official value",""
"QCL","Crops and livestock products","356","India","5312","Area harvested","01213","Cauliflowers and broccoli","2012","2012","ha","391000","A","Official value",""
"QCL","Crops and livestock products","356","India","5412","Yield","01213","Cauliflowers and broccoli","2012","2012","kg/ha","18795.4","A","Official value",""
"QCL","Crops and livestock products","356","India","5510","Production","01213","Cauliflowers and broccoli","2012","2012","t","7349000","A","Official value",""
"QCL","Crops and livestock products","356","India","5312","Area harvested","01213","Cauliflowers and broccoli","2013","2013","ha","402000","A","Official value",""
"QCL","Crops and livestock products","356","India","5412","Yield","01213","Cauliflowers and broccoli","2013","2013","kg/ha","19619.4","A","Official value",""
"QCL","Crops and livestock products","356","India","5510","Production","01213","Cauliflowers and broccoli","2013","2013","t","7887000","A","Official value",""
"QCL","Crops and livestock products","356","India","5312","Area harvested","01213","Cauliflowers and broccoli","2014","2014","ha","433870","A","Official value",""
"QCL","Crops and livestock products","356","India","5412","Yield","01213","Cauliflowers and broccoli","2014","2014","kg/ha","19760","A","Official value",""
"QCL","Crops and livestock products","356","India","5510","Production","01213","Cauliflowers and broccoli","2014","2014","t","8573280","A","Official value",""
"QCL","Crops and livestock products","356","India","5312","Area harvested","01213","Cauliflowers and broccoli","2015","2015","ha","411000","A","Official value",""
"QCL","Crops and livestock products","356","India","5412","Yield","01213","Cauliflowers and broccoli","2015","2015","kg/ha","19284.7","A","Official value",""
"QCL","Crops and livestock products","356","India","5510","Production","01213","Cauliflowers and broccoli","2015","2015","t","7926000","A","Official value",""
"QCL","Crops and livestock products","356","India","5312","Area harvested","01213","Cauliflowers and broccoli","2016","2016","ha","426000","A","Official value",""
"QCL","Crops and livestock products","356","India","5412","Yield","01213","Cauliflowers and broccoli","2016","2016","kg/ha","18990.6","A","Official value",""
"QCL","Crops and livestock products","356","India","5510","Production","01213","Cauliflowers and broccoli","2016","2016","t","8090000","A","Official value",""
"QCL","Crops and livestock products","356","India","5312","Area harvested","01213","Cauliflowers and broccoli","2017","2017","ha","454000","A","Official value",""
"QCL","Crops and livestock products","356","India","5412","Yield","01213","Cauliflowers and broccoli","2017","2017","kg/ha","18848","A","Official value",""
"QCL","Crops and livestock products","356","India","5510","Production","01213","Cauliflowers and broccoli","2017","2017","t","8557000","A","Official value",""
"QCL","Crops and livestock products","356","India","5312","Area harvested","01213","Cauliflowers and broccoli","2018","2018","ha","453000","A","Official value",""
"QCL","Crops and livestock products","356","India","5412","Yield","01213","Cauliflowers and broccoli","2018","2018","kg/ha","19134.7","A","Official value",""
"QCL","Crops and livestock products","356","India","5510","Production","01213","Cauliflowers and broccoli","2018","2018","t","8668000","A","Official value",""
"QCL","Crops and livestock products","356","India","5312","Area harvested","01213","Cauliflowers and broccoli","2019","2019","ha","465000","A","Official value",""
"QCL","Crops and livestock products","356","India","5412","Yield","01213","Cauliflowers and broccoli","2019","2019","kg/ha","19533.3","A","Official value",""
"QCL","Crops and livestock products","356","India","5510","Production","01213","Cauliflowers and broccoli","2019","2019","t","9083000","A","Official value",""
"QCL","Crops and livestock products","356","India","5312","Area harvested","01213","Cauliflowers and broccoli","2020","2020","ha","467000","A","Official value",""
"QCL","Crops and livestock products","356","India","5412","Yield","01213","Cauliflowers and broccoli","2020","2020","kg/ha","19145.6","A","Official value",""
"QCL","Crops and livestock products","356","India","5510","Production","01213","Cauliflowers and broccoli","2020","2020","t","8941000","A","Official value",""
"QCL","Crops and livestock products","356","India","5312","Area harvested","01213","Cauliflowers and broccoli","2021","2021","ha","473000","A","Official value",""
"QCL","Crops and livestock products","356","India","5412","Yield","01213","Cauliflowers and broccoli","2021","2021","kg/ha","19503.2","A","Official value",""
"QCL","Crops and livestock products","356","India","5510","Production","01213","Cauliflowers and broccoli","2021","2021","t","9225000","A","Official value",""
"QCL","Crops and livestock products","356","India","5312","Area harvested","01213","Cauliflowers and broccoli","2022","2022","ha","481000","A","Official value",""
"QCL","Crops and livestock products","356","India","5412","Yield","01213","Cauliflowers and broccoli","2022","2022","kg/ha","19887.7","A","Official value",""
"QCL","Crops and livestock products","356","India","5510","Production","01213","Cauliflowers and broccoli","2022","2022","t","9566000","A","Official value",""
"QCL","Crops and livestock products","356","India","5312","Area harvested","01213","Cauliflowers and broccoli","2023","2023","ha","491000","A","Official value",""
"QCL","Crops and livestock products","356","India","5412","Yield","01213","Cauliflowers and broccoli","2023","2023","kg/ha","19446","A","Official value",""
"QCL","Crops and livestock products","356","India","5510","Production","01213","Cauliflowers and broccoli","2023","2023","t","9548000","A","Official value",""
"QCL","Crops and livestock products","356","India","5312","Area harvested","01344.02","Cherries","2000","2000","ha","2805","I","Value imputed by a receiving agency",""
"QCL","Crops and livestock products","356","India","5412","Yield","01344.02","Cherries","2000","2000","kg/ha","2780.4","E","Estimated value",""
"QCL","Crops and livestock products","356","India","5510","Production","01344.02","Cherries","2000","2000","t","7800","X","Value from external organization","Unofficial figure"
"QCL","Crops and livestock products","356","India","5312","Area harvested","01344.02","Cherries","2001","2001","ha","2860","I","Value imputed by a receiving agency",""
"QCL","Crops and livestock products","356","India","5412","Yield","01344.02","Cherries","2001","2001","kg/ha","2797.2","E","Estimated value",""
"QCL","Crops and livestock products","356","India","5510","Production","01344.02","Cherries","2001","2001","t","8000","E","Estimated value",""
"QCL","Crops and livestock products","356","India","5312","Area harvested","01344.02","Cherries","2002","2002","ha","2862","I","Value imputed by a receiving agency",""
"QCL","Crops and livestock products","356","India","5412","Yield","01344.02","Cherries","2002","2002","kg/ha","2814.1","E","Estimated value",""
"QCL","Crops and livestock products","356","India","5510","Production","01344.02","Cherries","2002","2002","t","8054.35","I","Value imputed by a receiving agency",""
"QCL","Crops and livestock products","356","India","5312","Area harvested","01344.02","Cherries","2003","2003","ha","2932","I","Value imputed by a receiving agency",""
"QCL","Crops and livestock products","356","India","5412","Yield","01344.02","Cherries","2003","2003","kg/ha","2830.9","E","Estimated value",""
"QCL","Crops and livestock products","356","India","5510","Production","01344.02","Cherries","2003","2003","t","8301.07","I","Value imputed by a receiving agency",""
"QCL","Crops and livestock products","356","India","5312","Area harvested","01344.02","Cherries","2004","2004","ha","2998","I","Value imputed by a receiving agency",""
"QCL","Crops and livestock products","356","India","5412","Yield","01344.02","Cherries","2004","2004","kg/ha","2848.7","E","Estimated value",""
"QCL","Crops and livestock products","356","India","5510","Production","01344.02","Cherries","2004","2004","t","8540.13","I","Value imputed by a receiving agency",""
"QCL","Crops and livestock products","356","India","5312","Area harvested","01344.02","Cherries","2005","2005","ha","3059","I","Value imputed by a receiving agency",""
"QCL","Crops and livestock products","356","India","5412","Yield","01344.02","Cherries","2005","2005","kg/ha","2867.5","E","Estimated value",""
"QCL","Crops and livestock products","356","India","5510","Production","01344.02","Cherries","2005","2005","t","8770.79","I","Value imputed by a receiving agency",""
"QCL","Crops and livestock products","356","India","5312","Area harvested","01344.02","Cherries","2006","2006","ha","3089","I","Value imputed by a receiving agency",""
"QCL","Crops and livestock products","356","India","5412","Yield","01344.02","Cherries","2006","2006","kg/ha","2886.4","E","Estimated value",""
"QCL","Crops and livestock products","356","India","5510","Production","01344.02","Cherries","2006","2006","t","8916.86","I","Value imputed by a receiving agency",""
"QCL","Crops and livestock products","356","India","5312","Area harvested","01344.02","Cherries","2007","2007","ha","3137","I","Value imputed by a receiving agency",""
"QCL","Crops and livestock products","356","India","5412","Yield","01344.02","Cherries","2007","2007","kg/ha","2905.2","E","Estimated value",""
"QCL","Crops and livestock products","356","India","5510","Production","01344.02","Cherries","2007","2007","t","9114.25","I","Value imputed by a receiving agency",""
"QCL","Crops and livestock products","356","India","5312","Area harvested","01344.02","Cherries","2010","2010","ha","3226","I","Value imputed by a receiving agency",""
"QCL","Crops and livestock products","356","India","5412","Yield","01344.02","Cherries","2010","2010","kg/ha","2961.7","E","Estimated value",""
"QCL","Crops and livestock products","356","India","5510","Production","01344.02","Cherries","2010","2010","t","9553.86","I","Value imputed by a receiving agency",""
"QCL","Crops and livestock products","356","India","5312","Area harvested","01344.02","Cherries","2011","2011","ha","3266","I","Value imputed by a receiving agency",""
"QCL","Crops and livestock products","356","India","5412","Yield","01344.02","Cherries","2011","2011","kg/ha","2980.5","E","Estimated value",""
"QCL","Crops and livestock products","356","India","5510","Production","01344.02","Cherries","2011","2011","t","9733.01","I","Value imputed by a receiving agency",""
"QCL","Crops and livestock products","356","India","5312","Area harvested","01344.02","Cherries","2012","2012","ha","3300","E","Estimated value",""
"QCL","Crops and livestock products","356","India","5412","Yield","01344.02","Cherries","2012","2012","kg/ha","2999.3","E","Estimated value",""
"QCL","Crops and livestock products","356","India","5510","Production","01344.02","Cherries","2012","2012","t","9897.75","I","Value imputed by a receiving agency",""
"QCL","Crops and livestock products","356","India","5312","Area harvested","01344.02","Cherries","2013","2013","ha","3300","E","Estimated value",""
"QCL","Crops and livestock products","356","India","5412","Yield","01344.02","Cherries","2013","2013","kg/ha","3018.1","E","Estimated value",""
"QCL","Crops and livestock products","356","India","5510","Production","01344.02","Cherries","2013","2013","t","9959.88","I","Value imputed by a receiving agency",""
"QCL","Crops and livestock products","356","India","5312","Area harvested","01344.02","Cherries","2014","2014","ha","3500","E","Estimated value",""
"QCL","Crops and livestock products","356","India","5412","Yield","01344.02","Cherries","2014","2014","kg/ha","3024.4","E","Estimated value",""
"QCL","Crops and livestock products","356","India","5510","Production","01344.02","Cherries","2014","2014","t","10585.56","I","Value imputed by a receiving agency",""
"QCL","Crops and livestock products","356","India","5312","Area harvested","01344.02","Cherries","2015","2015","ha","3599","I","Value imputed by a receiving agency",""
"QCL","Crops and livestock products","356","India","5412","Yield","01344.02","Cherries","2015","2015","kg/ha","3041.1","E","Estimated value",""
"QCL","Crops and livestock products","356","India","5510","Production","01344.02","Cherries","2015","2015","t","10945.25","I","Value imputed by a receiving agency",""
"QCL","Crops and livestock products","356","India","5312","Area harvested","01344.02","Cherries","2016","2016","ha","3466","E","Estimated value",""
"QCL","Crops and livestock products","356","India","5412","Yield","01344.02","Cherries","2016","2016","kg/ha","3028.2","E","Estimated value",""
"QCL","Crops and livestock products","356","India","5510","Production","01344.02","Cherries","2016","2016","t","10496.9","E","Estimated value",""
"QCL","Crops and livestock products","356","India","5312","Area harvested","01344.02","Cherries","2017","2017","ha","3377","I","Value imputed by a receiving agency",""
"QCL","Crops and livestock products","356","India","5412","Yield","01344.02","Cherries","2017","2017","kg/ha","3047.3","E","Estimated value",""
"QCL","Crops and livestock products","356","India","5510","Production","01344.02","Cherries","2017","2017","t","10289.08","I","Value imputed by a receiving agency",""
"QCL","Crops and livestock products","356","India","5312","Area harvested","01344.02","Cherries","2018","2018","ha","3481","E","Estimated value",""
"QCL","Crops and livestock products","356","India","5412","Yield","01344.02","Cherries","2018","2018","kg/ha","2918.6","E","Estimated value",""
"QCL","Crops and livestock products","356","India","5510","Production","01344.02","Cherries","2018","2018","t","10158.78","I","Value imputed by a receiving agency",""
"QCL","Crops and livestock products","356","India","5312","Area harvested","01344.02","Cherries","2019","2019","ha","3425","I","Value imputed by a receiving agency",""
"QCL","Crops and livestock products","356","India","5412","Yield","01344.02","Cherries","2019","2019","kg/ha","2947.9","E","Estimated value",""
"QCL","Crops and livestock products","356","India","5510","Production","01344.02","Cherries","2019","2019","t","10096.92","I","Value imputed by a receiving agency",""
"QCL","Crops and livestock products","356","India","5312","Area harvested","01344.02","Cherries","2020","2020","ha","3378","I","Value imputed by a receiving agency",""
"QCL","Crops and livestock products","356","India","5412","Yield","01344.02","Cherries","2020","2020","kg/ha","2992.5","E","Estimated value",""
"QCL","Crops and livestock products","356","India","5510","Production","01344.02","Cherries","2020","2020","t","10108.01","I","Value imputed by a receiving agency",""
"QCL","Crops and livestock products","356","India","5312","Area harvested","01344.02","Cherries","2021","2021","ha","3428","E","Estimated value",""
"QCL","Crops and livestock products","356","India","5412","Yield","01344.02","Cherries","2021","2021","kg/ha","2952.6","E","Estimated value",""
"QCL","Crops and livestock products","356","India","5510","Production","01344.02","Cherries","2021","2021","t","10121.24","E","Estimated value",""
"QCL","Crops and livestock products","356","India","5312","Area harvested","01344.02","Cherries","2022","2022","ha","3410","E","Estimated value",""
"QCL","Crops and livestock products","356","India","5412","Yield","01344.02","Cherries","2022","2022","kg/ha","2964.2","E","Estimated value",""
"QCL","Crops and livestock products","356","India","5510","Production","01344.02","Cherries","2022","2022","t","10108.72","E","Estimated value",""
"QCL","Crops and livestock products","356","India","5312","Area harvested","01344.02","Cherries","2023","2023","ha","3405","E","Estimated value",""
"QCL","Crops and livestock products","356","India","5412","Yield","01344.02","Cherries","2023","2023","kg/ha","2969.7","E","Estimated value",""
"QCL","Crops and livestock products","356","India","5510","Production","01344.02","Cherries","2023","2023","t","10112.66","E","Estimated value",""
"QCL","Crops and livestock products","356","India","5312","Area harvested","01703","Chick peas, dry","2000","2000","ha","6146300","A","Official value",""
"QCL","Crops and livestock products","356","India","5412","Yield","01703","Chick peas, dry","2000","2000","kg/ha","832.7","A","Official value",""
"QCL","Crops and livestock products","356","India","5510","Production","01703","Chick peas, dry","2000","2000","t","5118100","A","Official value",""
"QCL","Crops and livestock products","356","India","5312","Area harvested","01703","Chick peas, dry","2001","2001","ha","5185300","A","Official value",""
"QCL","Crops and livestock products","356","India","5412","Yield","01703","Chick peas, dry","2001","2001","kg/ha","743.5","A","Official value",""
"QCL","Crops and livestock products","356","India","5510","Production","01703","Chick peas, dry","2001","2001","t","3855400","A","Official value",""
"QCL","Crops and livestock products","356","India","5312","Area harvested","01703","Chick peas, dry","2002","2002","ha","6416200","A","Official value",""
"QCL","Crops and livestock products","356","India","5412","Yield","01703","Chick peas, dry","2002","2002","kg/ha","853","A","Official value",""
"QCL","Crops and livestock products","356","India","5510","Production","01703","Chick peas, dry","2002","2002","t","5473000","A","Official value",""
"QCL","Crops and livestock products","356","India","5312","Area harvested","01703","Chick peas, dry","2003","2003","ha","5906400","A","Official value",""
"QCL","Crops and livestock products","356","India","5412","Yield","01703","Chick peas, dry","2003","2003","kg/ha","717.3","A","Official value",""
"QCL","Crops and livestock products","356","India","5510","Production","01703","Chick peas, dry","2003","2003","t","4236800","A","Official value",""
"QCL","Crops and livestock products","356","India","5312","Area harvested","01703","Chick peas, dry","2004","2004","ha","7048100","A","Official value",""
"QCL","Crops and livestock products","356","India","5412","Yield","01703","Chick peas, dry","2004","2004","kg/ha","811.2","A","Official value",""
"QCL","Crops and livestock products","356","India","5510","Production","01703","Chick peas, dry","2004","2004","t","5717500","A","Official value",""
"QCL","Crops and livestock products","356","India","5312","Area harvested","01703","Chick peas, dry","2005","2005","ha","6714600","A","Official value",""
"QCL","Crops and livestock products","356","India","5412","Yield","01703","Chick peas, dry","2005","2005","kg/ha","814.6","A","Official value",""
"QCL","Crops and livestock products","356","India","5510","Production","01703","Chick peas, dry","2005","2005","t","5469400","A","Official value",""
"QCL","Crops and livestock products","356","India","5312","Area harvested","01703","Chick peas, dry","2006","2006","ha","6896200","A","Official value",""
"QCL","Crops and livestock products","356","India","5412","Yield","01703","Chick peas, dry","2006","2006","kg/ha","808.5","A","Official value",""
"QCL","Crops and livestock products","356","India","5510","Production","01703","Chick peas, dry","2006","2006","t","5575400","A","Official value",""
"QCL","Crops and livestock products","356","India","5312","Area harvested","01703","Chick peas, dry","2007","2007","ha","7493900","A","Official value",""
"QCL","Crops and livestock products","356","India","5412","Yield","01703","Chick peas, dry","2007","2007","kg/ha","845.2","A","Official value",""
"QCL","Crops and livestock products","356","India","5510","Production","01703","Chick peas, dry","2007","2007","t","6333700","A","Official value",""
"QCL","Crops and livestock products","356","India","5312","Area harvested","01703","Chick peas, dry","2010","2010","ha","8170000","A","Official value",""
"QCL","Crops and livestock products","356","India","5412","Yield","01703","Chick peas, dry","2010","2010","kg/ha","915.5","A","Official value",""
"QCL","Crops and livestock products","356","India","5510","Production","01703","Chick peas, dry","2010","2010","t","7480000","A","Official value",""
"QCL","Crops and livestock products","356","India","5312","Area harvested","01703","Chick peas, dry","2011","2011","ha","9190000","A","Official value",""
"QCL","Crops and livestock products","356","India","5412","Yield","01703","Chick peas, dry","2011","2011","kg/ha","894.5","A","Official value",""
"QCL","Crops and livestock products","356","India","5510","Production","01703","Chick peas, dry","2011","2011","t","8220000","A","Official value",""
"QCL","Crops and livestock products","356","India","5312","Area harvested","01703","Chick peas, dry","2012","2012","ha","8320000","A","Official value",""
"QCL","Crops and livestock products","356","India","5412","Yield","01703","Chick peas, dry","2012","2012","kg/ha","925.5","A","Official value",""
"QCL","Crops and livestock products","356","India","5510","Production","01703","Chick peas, dry","2012","2012","t","7700000","A","Official value",""
"QCL","Crops and livestock products","356","India","5312","Area harvested","01703","Chick peas, dry","2013","2013","ha","8522000","A","Official value",""
"QCL","Crops and livestock products","356","India","5412","Yield","01703","Chick peas, dry","2013","2013","kg/ha","1036.4","A","Official value",""
"QCL","Crops and livestock products","356","India","5510","Production","01703","Chick peas, dry","2013","2013","t","8832500","A","Official value",""
"QCL","Crops and livestock products","356","India","5312","Area harvested","01703","Chick peas, dry","2014","2014","ha","9927000","A","Official value",""
"QCL","Crops and livestock products","356","India","5412","Yield","01703","Chick peas, dry","2014","2014","kg/ha","960","A","Official value",""
"QCL","Crops and livestock products","356","India","5510","Production","01703","Chick peas, dry","2014","2014","t","9530000","A","Official value",""
"QCL","Crops and livestock products","356","India","5312","Area harvested","01703","Chick peas, dry","2015","2015","ha","8251000","A","Official value",""
"QCL","Crops and livestock products","356","India","5412","Yield","01703","Chick peas, dry","2015","2015","kg/ha","888.6","A","Official value",""
"QCL","Crops and livestock products","356","India","5510","Production","01703","Chick peas, dry","2015","2015","t","7332000","A","Official value",""
"QCL","Crops and livestock products","356","India","5312","Area harvested","01703","Chick peas, dry","2016","2016","ha","8399000","A","Official value",""
"QCL","Crops and livestock products","356","India","5412","Yield","01703","Chick peas, dry","2016","2016","kg/ha","840.3","A","Official value",""
"QCL","Crops and livestock products","356","India","5510","Production","01703","Chick peas, dry","2016","2016","t","7058000","A","Official value",""
"QCL","Crops and livestock products","356","India","5312","Area harvested","01703","Chick peas, dry","2017","2017","ha","9626160","A","Official value",""
"QCL","Crops and livestock products","356","India","5412","Yield","01703","Chick peas, dry","2017","2017","kg/ha","974.2","A","Official value",""
"QCL","Crops and livestock products","356","India","5510","Production","01703","Chick peas, dry","2017","2017","t","9377560","A","Official value",""
"QCL","Crops and livestock products","356","India","5312","Area harvested","01703","Chick peas, dry","2018","2018","ha","10560430","A","Official value",""
"QCL","Crops and livestock products","356","India","5412","Yield","01703","Chick peas, dry","2018","2018","kg/ha","1077.5","A","Official value",""
"QCL","Crops and livestock products","356","India","5510","Production","01703","Chick peas, dry","2018","2018","t","11379190","A","Official value",""
"QCL","Crops and livestock products","356","India","5312","Area harvested","01703","Chick peas, dry","2019","2019","ha","9547030","A","Official value",""
"QCL","Crops and livestock products","356","India","5412","Yield","01703","Chick peas, dry","2019","2019","kg/ha","1041","A","Official value",""
"QCL","Crops and livestock products","356","India","5510","Production","01703","Chick peas, dry","2019","2019","t","9937990","A","Official value",""
"QCL","Crops and livestock products","356","India","5312","Area harvested","01703","Chick peas, dry","2020","2020","ha","9698750","A","Official value",""
"QCL","Crops and livestock products","356","India","5412","Yield","01703","Chick peas, dry","2020","2020","kg/ha","1142.3","A","Official value",""
"QCL","Crops and livestock products","356","India","5510","Production","01703","Chick peas, dry","2020","2020","t","11078500","A","Official value",""
"QCL","Crops and livestock products","356","India","5312","Area harvested","01703","Chick peas, dry","2021","2021","ha","9995920","A","Official value",""
"QCL","Crops and livestock products","356","India","5412","Yield","01703","Chick peas, dry","2021","2021","kg/ha","1191.6","A","Official value",""
"QCL","Crops and livestock products","356","India","5510","Production","01703","Chick peas, dry","2021","2021","t","11911180","A","Official value",""
"QCL","Crops and livestock products","356","India","5312","Area harvested","01703","Chick peas, dry","2022","2022","ha","10740100","A","Official value",""
"QCL","Crops and livestock products","356","India","5412","Yield","01703","Chick peas, dry","2022","2022","kg/ha","1261","A","Official value",""
"QCL","Crops and livestock products","356","India","5510","Production","01703","Chick peas, dry","2022","2022","t","13543630","A","Official value",""
"QCL","Crops and livestock products","356","India","5312","Area harvested","01703","Chick peas, dry","2023","2023","ha","10470862","A","Official value",""
"QCL","Crops and livestock products","356","India","5412","Yield","01703","Chick peas, dry","2023","2023","kg/ha","1171.6","A","Official value",""
"QCL","Crops and livestock products","356","India","5510","Production","01703","Chick peas, dry","2023","2023","t","12267289.55","A","Official value",""
"QCL","Crops and livestock products","356","India","5312","Area harvested","01652","Chillies and peppers, dry (Capsicum spp., Pimenta spp.), raw","2000","2000","ha","836500","A","Official value",""
"QCL","Crops and livestock products","356","India","5412","Yield","01652","Chillies and peppers, dry (Capsicum spp., Pimenta spp.), raw","2000","2000","kg/ha","1176","A","Official value",""
"QCL","Crops and livestock products","356","India","5510","Production","01652","Chillies and peppers, dry (Capsicum spp., Pimenta spp.), raw","2000","2000","t","983700","A","Official value",""
"QCL","Crops and livestock products","356","India","5312","Area harvested","01652","Chillies and peppers, dry (Capsicum spp., Pimenta spp.), raw","2001","2001","ha","880000","A","Official value",""
"QCL","Crops and livestock products","356","India","5412","Yield","01652","Chillies and peppers, dry (Capsicum spp., Pimenta spp.), raw","2001","2001","kg/ha","1214.8","A","Official value",""
"QCL","Crops and livestock products","356","India","5510","Production","01652","Chillies and peppers, dry (Capsicum spp., Pimenta spp.), raw","2001","2001","t","1069000","A","Official value",""
"QCL","Crops and livestock products","356","India","5312","Area harvested","01652","Chillies and peppers, dry (Capsicum spp., Pimenta spp.), raw","2002","2002","ha","828600","A","Official value",""
"QCL","Crops and livestock products","356","India","5412","Yield","01652","Chillies and peppers, dry (Capsicum spp., Pimenta spp.), raw","2002","2002","kg/ha","1082.4","A","Official value",""
"QCL","Crops and livestock products","356","India","5510","Production","01652","Chillies and peppers, dry (Capsicum spp., Pimenta spp.), raw","2002","2002","t","896900","A","Official value",""
"QCL","Crops and livestock products","356","India","5312","Area harvested","01652","Chillies and peppers, dry (Capsicum spp., Pimenta spp.), raw","2003","2003","ha","774300","A","Official value",""
"QCL","Crops and livestock products","356","India","5412","Yield","01652","Chillies and peppers, dry (Capsicum spp., Pimenta spp.), raw","2003","2003","kg/ha","1595.9","A","Official value",""
"QCL","Crops and livestock products","356","India","5510","Production","01652","Chillies and peppers, dry (Capsicum spp., Pimenta spp.), raw","2003","2003","t","1235700","A","Official value",""
"QCL","Crops and livestock products","356","India","5312","Area harvested","01652","Chillies and peppers, dry (Capsicum spp., Pimenta spp.), raw","2004","2004","ha","737500","A","Official value",""
"QCL","Crops and livestock products","356","India","5412","Yield","01652","Chillies and peppers, dry (Capsicum spp., Pimenta spp.), raw","2004","2004","kg/ha","1607.5","A","Official value",""
"QCL","Crops and livestock products","356","India","5510","Production","01652","Chillies and peppers, dry (Capsicum spp., Pimenta spp.), raw","2004","2004","t","1185500","A","Official value",""
"QCL","Crops and livestock products","356","India","5312","Area harvested","01652","Chillies and peppers, dry (Capsicum spp., Pimenta spp.), raw","2005","2005","ha","654900","A","Official value",""
"QCL","Crops and livestock products","356","India","5412","Yield","01652","Chillies and peppers, dry (Capsicum spp., Pimenta spp.), raw","2005","2005","kg/ha","1549.2","A","Official value",""
"QCL","Crops and livestock products","356","India","5510","Production","01652","Chillies and peppers, dry (Capsicum spp., Pimenta spp.), raw","2005","2005","t","1014600","A","Official value",""
"QCL","Crops and livestock products","356","India","5312","Area harvested","01652","Chillies and peppers, dry (Capsicum spp., Pimenta spp.), raw","2006","2006","ha","758000","A","Official value",""
"QCL","Crops and livestock products","356","India","5412","Yield","01652","Chillies and peppers, dry (Capsicum spp., Pimenta spp.), raw","2006","2006","kg/ha","1628.1","A","Official value",""
"QCL","Crops and livestock products","356","India","5510","Production","01652","Chillies and peppers, dry (Capsicum spp., Pimenta spp.), raw","2006","2006","t","1234100","A","Official value",""
"QCL","Crops and livestock products","356","India","5312","Area harvested","01652","Chillies and peppers, dry (Capsicum spp., Pimenta spp.), raw","2007","2007","ha","808170","A","Official value",""
"QCL","Crops and livestock products","356","India","5412","Yield","01652","Chillies and peppers, dry (Capsicum spp., Pimenta spp.), raw","2007","2007","kg/ha","1601.3","A","Official value",""
"QCL","Crops and livestock products","356","India","5510","Production","01652","Chillies and peppers, dry (Capsicum spp., Pimenta spp.), raw","2007","2007","t","1294150","A","Official value",""
"QCL","Crops and livestock products","356","India","5312","Area harvested","01652","Chillies and peppers, dry (Capsicum spp., Pimenta spp.), raw","2010","2010","ha","792100","A","Official value",""
"QCL","Crops and livestock products","356","India","5412","Yield","01652","Chillies and peppers, dry (Capsicum spp., Pimenta spp.), raw","2010","2010","kg/ha","1544.5","A","Official value",""
"QCL","Crops and livestock products","356","India","5510","Production","01652","Chillies and peppers, dry (Capsicum spp., Pimenta spp.), raw","2010","2010","t","1223400","A","Official value",""
"QCL","Crops and livestock products","356","India","5312","Area harvested","01652","Chillies and peppers, dry (Capsicum spp., Pimenta spp.), raw","2011","2011","ha","804792","A","Official value",""
"QCL","Crops and livestock products","356","India","5412","Yield","01652","Chillies and peppers, dry (Capsicum spp., Pimenta spp.), raw","2011","2011","kg/ha","1585.9","A","Official value",""
"QCL","Crops and livestock products","356","India","5510","Production","01652","Chillies and peppers, dry (Capsicum spp., Pimenta spp.), raw","2011","2011","t","1276301","A","Official value",""
"QCL","Crops and livestock products","356","India","5312","Area harvested","01652","Chillies and peppers, dry (Capsicum spp., Pimenta spp.), raw","2012","2012","ha","793590","A","Official value",""
"QCL","Crops and livestock products","356","India","5412","Yield","01652","Chillies and peppers, dry (Capsicum spp., Pimenta spp.), raw","2012","2012","kg/ha","1643.2","A","Official value",""
"QCL","Crops and livestock products","356","India","5510","Production","01652","Chillies and peppers, dry (Capsicum spp., Pimenta spp.), raw","2012","2012","t","1304000","A","Official value",""
"QCL","Crops and livestock products","356","India","5312","Area harvested","01652","Chillies and peppers, dry (Capsicum spp., Pimenta spp.), raw","2013","2013","ha","775000","A","Official value",""
"QCL","Crops and livestock products","356","India","5412","Yield","01652","Chillies and peppers, dry (Capsicum spp., Pimenta spp.), raw","2013","2013","kg/ha","1925.2","A","Official value",""
"QCL","Crops and livestock products","356","India","5510","Production","01652","Chillies and peppers, dry (Capsicum spp., Pimenta spp.), raw","2013","2013","t","1492000","A","Official value",""
"QCL","Crops and livestock products","356","India","5312","Area harvested","01652","Chillies and peppers, dry (Capsicum spp., Pimenta spp.), raw","2014","2014","ha","775000","A","Official value",""
"QCL","Crops and livestock products","356","India","5412","Yield","01652","Chillies and peppers, dry (Capsicum spp., Pimenta spp.), raw","2014","2014","kg/ha","1925.2","A","Official value",""
"QCL","Crops and livestock products","356","India","5510","Production","01652","Chillies and peppers, dry (Capsicum spp., Pimenta spp.), raw","2014","2014","t","1492000","A","Official value",""
"QCL","Crops and livestock products","356","India","5312","Area harvested","01652","Chillies and peppers, dry (Capsicum spp., Pimenta spp.), raw","2015","2015","ha","761000","A","Official value",""
"QCL","Crops and livestock products","356","India","5412","Yield","01652","Chillies and peppers, dry (Capsicum spp., Pimenta spp.), raw","2015","2015","kg/ha","2109.1","A","Official value",""
"QCL","Crops and livestock products","356","India","5510","Production","01652","Chillies and peppers, dry (Capsicum spp., Pimenta spp.), raw","2015","2015","t","1605000","A","Official value",""
"QCL","Crops and livestock products","356","India","5312","Area harvested","01652","Chillies and peppers, dry (Capsicum spp., Pimenta spp.), raw","2016","2016","ha","811140","A","Official value",""
"QCL","Crops and livestock products","356","India","5412","Yield","01652","Chillies and peppers, dry (Capsicum spp., Pimenta spp.), raw","2016","2016","kg/ha","1874.4","A","Official value",""
"QCL","Crops and livestock products","356","India","5510","Production","01652","Chillies and peppers, dry (Capsicum spp., Pimenta spp.), raw","2016","2016","t","1520390","A","Official value",""
"QCL","Crops and livestock products","356","India","5312","Area harvested","01652","Chillies and peppers, dry (Capsicum spp., Pimenta spp.), raw","2017","2017","ha","840000","A","Official value",""
"QCL","Crops and livestock products","356","India","5412","Yield","01652","Chillies and peppers, dry (Capsicum spp., Pimenta spp.), raw","2017","2017","kg/ha","2495.2","A","Official value",""
"QCL","Crops and livestock products","356","India","5510","Production","01652","Chillies and peppers, dry (Capsicum spp., Pimenta spp.), raw","2017","2017","t","2096000","A","Official value",""
"QCL","Crops and livestock products","356","India","5312","Area harvested","01652","Chillies and peppers, dry (Capsicum spp., Pimenta spp.), raw","2018","2018","ha","752000","A","Official value",""
"QCL","Crops and livestock products","356","India","5412","Yield","01652","Chillies and peppers, dry (Capsicum spp., Pimenta spp.), raw","2018","2018","kg/ha","2857.7","A","Official value",""
"QCL","Crops and livestock products","356","India","5510","Production","01652","Chillies and peppers, dry (Capsicum spp., Pimenta spp.), raw","2018","2018","t","2149000","A","Official value",""
"QCL","Crops and livestock products","356","India","5312","Area harvested","01652","Chillies and peppers, dry (Capsicum spp., Pimenta spp.), raw","2019","2019","ha","780000","A","Official value",""
"QCL","Crops and livestock products","356","India","5412","Yield","01652","Chillies and peppers, dry (Capsicum spp., Pimenta spp.), raw","2019","2019","kg/ha","2234.6","A","Official value",""
"QCL","Crops and livestock products","356","India","5510","Production","01652","Chillies and peppers, dry (Capsicum spp., Pimenta spp.), raw","2019","2019","t","1743000","A","Official value",""
"QCL","Crops and livestock products","356","India","5312","Area harvested","01652","Chillies and peppers, dry (Capsicum spp., Pimenta spp.), raw","2020","2020","ha","626000","A","Official value",""
"QCL","Crops and livestock products","356","India","5412","Yield","01652","Chillies and peppers, dry (Capsicum spp., Pimenta spp.), raw","2020","2020","kg/ha","2931.3","A","Official value",""
"QCL","Crops and livestock products","356","India","5510","Production","01652","Chillies and peppers, dry (Capsicum spp., Pimenta spp.), raw","2020","2020","t","1835000","A","Official value",""
"QCL","Crops and livestock products","356","India","5312","Area harvested","01652","Chillies and peppers, dry (Capsicum spp., Pimenta spp.), raw","2021","2021","ha","702000","A","Official value",""
"QCL","Crops and livestock products","356","India","5412","Yield","01652","Chillies and peppers, dry (Capsicum spp., Pimenta spp.), raw","2021","2021","kg/ha","2918.8","A","Official value",""
"QCL","Crops and livestock products","356","India","5510","Production","01652","Chillies and peppers, dry (Capsicum spp., Pimenta spp.), raw","2021","2021","t","2049000","A","Official value",""
"QCL","Crops and livestock products","356","India","5312","Area harvested","01652","Chillies and peppers, dry (Capsicum spp., Pimenta spp.), raw","2022","2022","ha","678000","A","Official value",""
"QCL","Crops and livestock products","356","India","5412","Yield","01652","Chillies and peppers, dry (Capsicum spp., Pimenta spp.), raw","2022","2022","kg/ha","2764","A","Official value",""
"QCL","Crops and livestock products","356","India","5510","Production","01652","Chillies and peppers, dry (Capsicum spp., Pimenta spp.), raw","2022","2022","t","1874000","A","Official value",""
"QCL","Crops and livestock products","356","India","5312","Area harvested","01652","Chillies and peppers, dry (Capsicum spp., Pimenta spp.), raw","2023","2023","ha","852000","A","Official value",""
"QCL","Crops and livestock products","356","India","5412","Yield","01652","Chillies and peppers, dry (Capsicum spp., Pimenta spp.), raw","2023","2023","kg/ha","3265.3","A","Official value",""
"QCL","Crops and livestock products","356","India","5510","Production","01652","Chillies and peppers, dry (Capsicum spp., Pimenta spp.), raw","2023","2023","t","2782000","A","Official value",""
"QCL","Crops and livestock products","356","India","5312","Area harvested","01231","Chillies and peppers, green (Capsicum spp. and Pimenta spp.)","2000","2000","ha","37891","I","Value imputed by a receiving agency",""
"QCL","Crops and livestock products","356","India","5412","Yield","01231","Chillies and peppers, green (Capsicum spp. and Pimenta spp.)","2000","2000","kg/ha","9597.8","E","Estimated value",""
"QCL","Crops and livestock products","356","India","5510","Production","01231","Chillies and peppers, green (Capsicum spp. and Pimenta spp.)","2000","2000","t","363673.41","I","Value imputed by a receiving agency",""
"QCL","Crops and livestock products","356","India","5312","Area harvested","01231","Chillies and peppers, green (Capsicum spp. and Pimenta spp.)","2001","2001","ha","41880","I","Value imputed by a receiving agency",""
"QCL","Crops and livestock products","356","India","5412","Yield","01231","Chillies and peppers, green (Capsicum spp. and Pimenta spp.)","2001","2001","kg/ha","9665.5","E","Estimated value",""
"QCL","Crops and livestock products","356","India","5510","Production","01231","Chillies and peppers, green (Capsicum spp. and Pimenta spp.)","2001","2001","t","404787.62","I","Value imputed by a receiving agency",""
"QCL","Crops and livestock products","356","India","5312","Area harvested","01231","Chillies and peppers, green (Capsicum spp. and Pimenta spp.)","2002","2002","ha","45924","I","Value imputed by a receiving agency",""
"QCL","Crops and livestock products","356","India","5412","Yield","01231","Chillies and peppers, green (Capsicum spp. and Pimenta spp.)","2002","2002","kg/ha","9733.4","E","Estimated value",""
"QCL","Crops and livestock products","356","India","5510","Production","01231","Chillies and peppers, green (Capsicum spp. and Pimenta spp.)","2002","2002","t","446991.02","I","Value imputed by a receiving agency",""
"QCL","Crops and livestock products","356","India","5312","Area harvested","01231","Chillies and peppers, green (Capsicum spp. and Pimenta spp.)","2003","2003","ha","49949","I","Value imputed by a receiving agency",""
"QCL","Crops and livestock products","356","India","5412","Yield","01231","Chillies and peppers, green (Capsicum spp. and Pimenta spp.)","2003","2003","kg/ha","9801.4","E","Estimated value",""
"QCL","Crops and livestock products","356","India","5510","Production","01231","Chillies and peppers, green (Capsicum spp. and Pimenta spp.)","2003","2003","t","489572.59","I","Value imputed by a receiving agency",""
"QCL","Crops and livestock products","356","India","5312","Area harvested","01231","Chillies and peppers, green (Capsicum spp. and Pimenta spp.)","2004","2004","ha","19803","I","Value imputed by a receiving agency",""
"QCL","Crops and livestock products","356","India","5412","Yield","01231","Chillies and peppers, green (Capsicum spp. and Pimenta spp.)","2004","2004","kg/ha","9869.9","E","Estimated value",""
"QCL","Crops and livestock products","356","India","5510","Production","01231","Chillies and peppers, green (Capsicum spp. and Pimenta spp.)","2004","2004","t","195457.74","I","Value imputed by a receiving agency",""
"QCL","Crops and livestock products","356","India","5312","Area harvested","01231","Chillies and peppers, green (Capsicum spp. and Pimenta spp.)","2005","2005","ha","22120","I","Value imputed by a receiving agency",""
"QCL","Crops and livestock products","356","India","5412","Yield","01231","Chillies and peppers, green (Capsicum spp. and Pimenta spp.)","2005","2005","kg/ha","9938.1","E","Estimated value",""
"QCL","Crops and livestock products","356","India","5510","Production","01231","Chillies and peppers, green (Capsicum spp. and Pimenta spp.)","2005","2005","t","219833.61","I","Value imputed by a receiving agency",""
"QCL","Crops and livestock products","356","India","5312","Area harvested","01231","Chillies and peppers, green (Capsicum spp. and Pimenta spp.)","2006","2006","ha","24929","I","Value imputed by a receiving agency",""
"QCL","Crops and livestock products","356","India","5412","Yield","01231","Chillies and peppers, green (Capsicum spp. and Pimenta spp.)","2006","2006","kg/ha","10006.5","E","Estimated value",""
"QCL","Crops and livestock products","356","India","5510","Production","01231","Chillies and peppers, green (Capsicum spp. and Pimenta spp.)","2006","2006","t","249451.71","I","Value imputed by a receiving agency",""
"QCL","Crops and livestock products","356","India","5312","Area harvested","01231","Chillies and peppers, green (Capsicum spp. and Pimenta spp.)","2007","2007","ha","28484","I","Value imputed by a receiving agency",""
"QCL","Crops and livestock products","356","India","5412","Yield","01231","Chillies and peppers, green (Capsicum spp. and Pimenta spp.)","2007","2007","kg/ha","10075","E","Estimated value",""
"QCL","Crops and livestock products","356","India","5510","Production","01231","Chillies and peppers, green (Capsicum spp. and Pimenta spp.)","2007","2007","t","286980.81","I","Value imputed by a receiving agency",""
"QCL","Crops and livestock products","356","India","5312","Area harvested","01231","Chillies and peppers, green (Capsicum spp. and Pimenta spp.)","2010","2010","ha","48258","I","Value imputed by a receiving agency",""
"QCL","Crops and livestock products","356","India","5412","Yield","01231","Chillies and peppers, green (Capsicum spp. and Pimenta spp.)","2010","2010","kg/ha","10280.6","E","Estimated value",""
"QCL","Crops and livestock products","356","India","5510","Production","01231","Chillies and peppers, green (Capsicum spp. and Pimenta spp.)","2010","2010","t","496114.79","I","Value imputed by a receiving agency",""
"QCL","Crops and livestock products","356","India","5312","Area harvested","01231","Chillies and peppers, green (Capsicum spp. and Pimenta spp.)","2011","2011","ha","67157","I","Value imputed by a receiving agency",""
"QCL","Crops and livestock products","356","India","5412","Yield","01231","Chillies and peppers, green (Capsicum spp. and Pimenta spp.)","2011","2011","kg/ha","10349.3","E","Estimated value",""
"QCL","Crops and livestock products","356","India","5510","Production","01231","Chillies and peppers, green (Capsicum spp. and Pimenta spp.)","2011","2011","t","695026.36","I","Value imputed by a receiving agency",""
"QCL","Crops and livestock products","356","India","5312","Area harvested","01231","Chillies and peppers, green (Capsicum spp. and Pimenta spp.)","2012","2012","ha","98174","I","Value imputed by a receiving agency",""
"QCL","Crops and livestock products","356","India","5412","Yield","01231","Chillies and peppers, green (Capsicum spp. and Pimenta spp.)","2012","2012","kg/ha","10418.2","E","Estimated value",""
"QCL","Crops and livestock products","356","India","5510","Production","01231","Chillies and peppers, green (Capsicum spp. and Pimenta spp.)","2012","2012","t","1022798.92","I","Value imputed by a receiving agency",""
"QCL","Crops and livestock products","356","India","5312","Area harvested","01231","Chillies and peppers, green (Capsicum spp. and Pimenta spp.)","2013","2013","ha","134363","I","Value imputed by a receiving agency",""
"QCL","Crops and livestock products","356","India","5412","Yield","01231","Chillies and peppers, green (Capsicum spp. and Pimenta spp.)","2013","2013","kg/ha","10487.3","E","Estimated value",""
"QCL","Crops and livestock products","356","India","5510","Production","01231","Chillies and peppers, green (Capsicum spp. and Pimenta spp.)","2013","2013","t","1409105.49","I","Value imputed by a receiving agency",""
"QCL","Crops and livestock products","356","India","5312","Area harvested","01231","Chillies and peppers, green (Capsicum spp. and Pimenta spp.)","2014","2014","ha","170000","A","Official value",""
"QCL","Crops and livestock products","356","India","5412","Yield","01231","Chillies and peppers, green (Capsicum spp. and Pimenta spp.)","2014","2014","kg/ha","10905.9","A","Official value",""
"QCL","Crops and livestock products","356","India","5510","Production","01231","Chillies and peppers, green (Capsicum spp. and Pimenta spp.)","2014","2014","t","1854000","A","Official value",""
"QCL","Crops and livestock products","356","India","5312","Area harvested","01231","Chillies and peppers, green (Capsicum spp. and Pimenta spp.)","2015","2015","ha","213000","A","Official value",""
"QCL","Crops and livestock products","356","India","5412","Yield","01231","Chillies and peppers, green (Capsicum spp. and Pimenta spp.)","2015","2015","kg/ha","10239.4","A","Official value",""
"QCL","Crops and livestock products","356","India","5510","Production","01231","Chillies and peppers, green (Capsicum spp. and Pimenta spp.)","2015","2015","t","2181000","A","Official value",""
"QCL","Crops and livestock products","356","India","5312","Area harvested","01231","Chillies and peppers, green (Capsicum spp. and Pimenta spp.)","2016","2016","ha","338009","A","Official value",""
"QCL","Crops and livestock products","356","India","5412","Yield","01231","Chillies and peppers, green (Capsicum spp. and Pimenta spp.)","2016","2016","kg/ha","9597","A","Official value",""
"QCL","Crops and livestock products","356","India","5510","Production","01231","Chillies and peppers, green (Capsicum spp. and Pimenta spp.)","2016","2016","t","3243883.13","A","Official value",""
"QCL","Crops and livestock products","356","India","5312","Area harvested","01231","Chillies and peppers, green (Capsicum spp. and Pimenta spp.)","2017","2017","ha","340291","A","Official value",""
"QCL","Crops and livestock products","356","India","5412","Yield","01231","Chillies and peppers, green (Capsicum spp. and Pimenta spp.)","2017","2017","kg/ha","11578.7","A","Official value",""
"QCL","Crops and livestock products","356","India","5510","Production","01231","Chillies and peppers, green (Capsicum spp. and Pimenta spp.)","2017","2017","t","3940119.5","A","Official value",""
"QCL","Crops and livestock products","356","India","5312","Area harvested","01231","Chillies and peppers, green (Capsicum spp. and Pimenta spp.)","2018","2018","ha","332922","A","Official value",""
"QCL","Crops and livestock products","356","India","5412","Yield","01231","Chillies and peppers, green (Capsicum spp. and Pimenta spp.)","2018","2018","kg/ha","11768.1","A","Official value",""
"QCL","Crops and livestock products","356","India","5510","Production","01231","Chillies and peppers, green (Capsicum spp. and Pimenta spp.)","2018","2018","t","3917850.77","A","Official value",""
"QCL","Crops and livestock products","356","India","5312","Area harvested","01231","Chillies and peppers, green (Capsicum spp. and Pimenta spp.)","2019","2019","ha","410261","A","Official value",""
"QCL","Crops and livestock products","356","India","5412","Yield","01231","Chillies and peppers, green (Capsicum spp. and Pimenta spp.)","2019","2019","kg/ha","10431.5","A","Official value",""
"QCL","Crops and livestock products","356","India","5510","Production","01231","Chillies and peppers, green (Capsicum spp. and Pimenta spp.)","2019","2019","t","4279648.92","A","Official value",""
"QCL","Crops and livestock products","356","India","5312","Area harvested","01231","Chillies and peppers, green (Capsicum spp. and Pimenta spp.)","2020","2020","ha","421239","A","Official value",""
"QCL","Crops and livestock products","356","India","5412","Yield","01231","Chillies and peppers, green (Capsicum spp. and Pimenta spp.)","2020","2020","kg/ha","11045.9","A","Official value",""
"QCL","Crops and livestock products","356","India","5510","Production","01231","Chillies and peppers, green (Capsicum spp. and Pimenta spp.)","2020","2020","t","4652962.58","A","Official value",""
"QCL","Crops and livestock products","356","India","5312","Area harvested","01231","Chillies and peppers, green (Capsicum spp. and Pimenta spp.)","2021","2021","ha","448055","A","Official value",""
"QCL","Crops and livestock products","356","India","5412","Yield","01231","Chillies and peppers, green (Capsicum spp. and Pimenta spp.)","2021","2021","kg/ha","10994.5","A","Official value",""
"QCL","Crops and livestock products","356","India","5510","Production","01231","Chillies and peppers, green (Capsicum spp. and Pimenta spp.)","2021","2021","t","4926144.35","A","Official value",""
"QCL","Crops and livestock products","356","India","5312","Area harvested","01231","Chillies and peppers, green (Capsicum spp. and Pimenta spp.)","2022","2022","ha","464762","A","Official value",""
"QCL","Crops and livestock products","356","India","5412","Yield","01231","Chillies and peppers, green (Capsicum spp. and Pimenta spp.)","2022","2022","kg/ha","11413.9","A","Official value",""
"QCL","Crops and livestock products","356","India","5510","Production","01231","Chillies and peppers, green (Capsicum spp. and Pimenta spp.)","2022","2022","t","5304769","A","Official value",""
"QCL","Crops and livestock products","356","India","5312","Area harvested","01231","Chillies and peppers, green (Capsicum spp. and Pimenta spp.)","2023","2023","ha","453889","A","Official value",""
"QCL","Crops and livestock products","356","India","5412","Yield","01231","Chillies and peppers, green (Capsicum spp. and Pimenta spp.)","2023","2023","kg/ha","11364.2","A","Official value",""
"QCL","Crops and livestock products","356","India","5510","Production","01231","Chillies and peppers, green (Capsicum spp. and Pimenta spp.)","2023","2023","t","5158084","A","Official value",""
"QCL","Crops and livestock products","356","India","5312","Area harvested","01640","Cocoa beans","2000","2000","ha","16185","A","Official value",""
"QCL","Crops and livestock products","356","India","5412","Yield","01640","Cocoa beans","2000","2000","kg/ha","393","A","Official value",""
"QCL","Crops and livestock products","356","India","5510","Production","01640","Cocoa beans","2000","2000","t","6361","A","Official value",""
"QCL","Crops and livestock products","356","India","5312","Area harvested","01640","Cocoa beans","2001","2001","ha","15740","A","Official value",""
"QCL","Crops and livestock products","356","India","5412","Yield","01640","Cocoa beans","2001","2001","kg/ha","415.5","A","Official value",""
"QCL","Crops and livestock products","356","India","5510","Production","01640","Cocoa beans","2001","2001","t","6540","A","Official value",""
"QCL","Crops and livestock products","356","India","5312","Area harvested","01640","Cocoa beans","2002","2002","ha","16130","A","Official value",""
"QCL","Crops and livestock products","356","India","5412","Yield","01640","Cocoa beans","2002","2002","kg/ha","420.3","A","Official value",""
"QCL","Crops and livestock products","356","India","5510","Production","01640","Cocoa beans","2002","2002","t","6780","A","Official value",""
"QCL","Crops and livestock products","356","India","5312","Area harvested","01640","Cocoa beans","2003","2003","ha","21893","A","Official value",""
"QCL","Crops and livestock products","356","India","5412","Yield","01640","Cocoa beans","2003","2003","kg/ha","383.5","A","Official value",""
"QCL","Crops and livestock products","356","India","5510","Production","01640","Cocoa beans","2003","2003","t","8397","A","Official value",""
"QCL","Crops and livestock products","356","India","5312","Area harvested","01640","Cocoa beans","2004","2004","ha","25157","A","Official value",""
"QCL","Crops and livestock products","356","India","5412","Yield","01640","Cocoa beans","2004","2004","kg/ha","366.9","A","Official value",""
"QCL","Crops and livestock products","356","India","5510","Production","01640","Cocoa beans","2004","2004","t","9230","A","Official value",""
"QCL","Crops and livestock products","356","India","5312","Area harvested","01640","Cocoa beans","2005","2005","ha","27811","A","Official value",""
"QCL","Crops and livestock products","356","India","5412","Yield","01640","Cocoa beans","2005","2005","kg/ha","332.6","A","Official value",""
"QCL","Crops and livestock products","356","India","5510","Production","01640","Cocoa beans","2005","2005","t","9250","A","Official value",""
"QCL","Crops and livestock products","356","India","5312","Area harvested","01640","Cocoa beans","2006","2006","ha","29471","A","Official value",""
"QCL","Crops and livestock products","356","India","5412","Yield","01640","Cocoa beans","2006","2006","kg/ha","345.3","A","Official value",""
"QCL","Crops and livestock products","356","India","5510","Production","01640","Cocoa beans","2006","2006","t","10175","A","Official value",""
"QCL","Crops and livestock products","356","India","5312","Area harvested","01640","Cocoa beans","2007","2007","ha","30341","A","Official value",""
"QCL","Crops and livestock products","356","India","5412","Yield","01640","Cocoa beans","2007","2007","kg/ha","335.5","A","Official value",""
"QCL","Crops and livestock products","356","India","5510","Production","01640","Cocoa beans","2007","2007","t","10180","A","Official value",""
"QCL","Crops and livestock products","356","India","5312","Area harvested","01640","Cocoa beans","2010","2010","ha","46300","A","Official value",""
"QCL","Crops and livestock products","356","India","5412","Yield","01640","Cocoa beans","2010","2010","kg/ha","278.6","A","Official value",""
"QCL","Crops and livestock products","356","India","5510","Production","01640","Cocoa beans","2010","2010","t","12900","A","Official value",""
"QCL","Crops and livestock products","356","India","5312","Area harvested","01640","Cocoa beans","2011","2011","ha","56500","A","Official value",""
"QCL","Crops and livestock products","356","India","5412","Yield","01640","Cocoa beans","2011","2011","kg/ha","254.9","A","Official value",""
"QCL","Crops and livestock products","356","India","5510","Production","01640","Cocoa beans","2011","2011","t","14400","A","Official value",""
"QCL","Crops and livestock products","356","India","5312","Area harvested","01640","Cocoa beans","2012","2012","ha","63000","A","Official value",""
"QCL","Crops and livestock products","356","India","5412","Yield","01640","Cocoa beans","2012","2012","kg/ha","206.3","A","Official value",""
"QCL","Crops and livestock products","356","India","5510","Production","01640","Cocoa beans","2012","2012","t","13000","A","Official value",""
"QCL","Crops and livestock products","356","India","5312","Area harvested","01640","Cocoa beans","2013","2013","ha","66000","A","Official value",""
"QCL","Crops and livestock products","356","India","5412","Yield","01640","Cocoa beans","2013","2013","kg/ha","197","A","Official value",""
"QCL","Crops and livestock products","356","India","5510","Production","01640","Cocoa beans","2013","2013","t","13000","A","Official value",""
"QCL","Crops and livestock products","356","India","5312","Area harvested","01640","Cocoa beans","2014","2014","ha","71000","A","Official value",""
"QCL","Crops and livestock products","356","India","5412","Yield","01640","Cocoa beans","2014","2014","kg/ha","211.3","A","Official value",""
"QCL","Crops and livestock products","356","India","5510","Production","01640","Cocoa beans","2014","2014","t","15000","A","Official value",""
"QCL","Crops and livestock products","356","India","5312","Area harvested","01640","Cocoa beans","2015","2015","ha","78000","A","Official value",""
"QCL","Crops and livestock products","356","India","5412","Yield","01640","Cocoa beans","2015","2015","kg/ha","205.1","A","Official value",""
"QCL","Crops and livestock products","356","India","5510","Production","01640","Cocoa beans","2015","2015","t","16000","A","Official value",""
"QCL","Crops and livestock products","356","India","5312","Area harvested","01640","Cocoa beans","2016","2016","ha","81000","A","Official value",""
"QCL","Crops and livestock products","356","India","5412","Yield","01640","Cocoa beans","2016","2016","kg/ha","209.9","A","Official value",""
"QCL","Crops and livestock products","356","India","5510","Production","01640","Cocoa beans","2016","2016","t","17000","A","Official value",""
"QCL","Crops and livestock products","356","India","5312","Area harvested","01640","Cocoa beans","2017","2017","ha","83000","A","Official value",""
"QCL","Crops and livestock products","356","India","5412","Yield","01640","Cocoa beans","2017","2017","kg/ha","228.9","A","Official value",""
"QCL","Crops and livestock products","356","India","5510","Production","01640","Cocoa beans","2017","2017","t","19000","A","Official value",""
"QCL","Crops and livestock products","356","India","5312","Area harvested","01640","Cocoa beans","2018","2018","ha","89000","A","Official value",""
"QCL","Crops and livestock products","356","India","5412","Yield","01640","Cocoa beans","2018","2018","kg/ha","224.7","A","Official value",""
"QCL","Crops and livestock products","356","India","5510","Production","01640","Cocoa beans","2018","2018","t","20000","A","Official value",""
"QCL","Crops and livestock products","356","India","5312","Area harvested","01640","Cocoa beans","2019","2019","ha","94000","A","Official value",""
"QCL","Crops and livestock products","356","India","5412","Yield","01640","Cocoa beans","2019","2019","kg/ha","255.3","A","Official value",""
"QCL","Crops and livestock products","356","India","5510","Production","01640","Cocoa beans","2019","2019","t","24000","A","Official value",""
"QCL","Crops and livestock products","356","India","5312","Area harvested","01640","Cocoa beans","2020","2020","ha","98000","A","Official value",""
"QCL","Crops and livestock products","356","India","5412","Yield","01640","Cocoa beans","2020","2020","kg/ha","265.3","A","Official value",""
"QCL","Crops and livestock products","356","India","5510","Production","01640","Cocoa beans","2020","2020","t","26000","A","Official value",""
"QCL","Crops and livestock products","356","India","5312","Area harvested","01640","Cocoa beans","2021","2021","ha","103000","A","Official value",""
"QCL","Crops and livestock products","356","India","5412","Yield","01640","Cocoa beans","2021","2021","kg/ha","262.1","A","Official value",""
"QCL","Crops and livestock products","356","India","5510","Production","01640","Cocoa beans","2021","2021","t","27000","A","Official value",""
"QCL","Crops and livestock products","356","India","5312","Area harvested","01640","Cocoa beans","2022","2022","ha","106000","A","Official value",""
"QCL","Crops and livestock products","356","India","5412","Yield","01640","Cocoa beans","2022","2022","kg/ha","264.2","A","Official value",""
"QCL","Crops and livestock products","356","India","5510","Production","01640","Cocoa beans","2022","2022","t","28000","A","Official value",""
"QCL","Crops and livestock products","356","India","5312","Area harvested","01640","Cocoa beans","2023","2023","ha","109000","A","Official value",""
"QCL","Crops and livestock products","356","India","5412","Yield","01640","Cocoa beans","2023","2023","kg/ha","275.2","A","Official value",""
"QCL","Crops and livestock products","356","India","5510","Production","01640","Cocoa beans","2023","2023","t","30000","A","Official value",""
"QCL","Crops and livestock products","356","India","5510","Production","2166","Coconut oil","2000","2000","t","420000","X","Value from external organization","Unofficial figure"
"QCL","Crops and livestock products","356","India","5510","Production","2166","Coconut oil","2001","2001","t","426000","X","Value from external organization","Unofficial figure"
"QCL","Crops and livestock products","356","India","5510","Production","2166","Coconut oil","2002","2002","t","432000","X","Value from external organization","Unofficial figure"
"QCL","Crops and livestock products","356","India","5510","Production","2166","Coconut oil","2003","2003","t","414000","X","Value from external organization","Unofficial figure"
"QCL","Crops and livestock products","356","India","5510","Production","2166","Coconut oil","2004","2004","t","420000","X","Value from external organization","Unofficial figure"
"QCL","Crops and livestock products","356","India","5510","Production","2166","Coconut oil","2005","2005","t","370000","X","Value from external organization","Unofficial figure"
"QCL","Crops and livestock products","356","India","5510","Production","2166","Coconut oil","2006","2006","t","353000","X","Value from external organization","Unofficial figure"
"QCL","Crops and livestock products","356","India","5510","Production","2166","Coconut oil","2007","2007","t","400800","X","Value from external organization","Unofficial figure"
"QCL","Crops and livestock products","356","India","5510","Production","2166","Coconut oil","2010","2010","t","400000","A","Official value",""
"QCL","Crops and livestock products","356","India","5510","Production","2166","Coconut oil","2011","2011","t","400000","A","Official value",""
"QCL","Crops and livestock products","356","India","5510","Production","2166","Coconut oil","2012","2012","t","390000","A","Official value",""
"QCL","Crops and livestock products","356","India","5510","Production","2166","Coconut oil","2013","2013","t","530000","A","Official value",""
"QCL","Crops and livestock products","356","India","5510","Production","2166","Coconut oil","2014","2014","t","480000","A","Official value",""
"QCL","Crops and livestock products","356","India","5510","Production","2166","Coconut oil","2015","2015","t","432000","A","Official value",""
"QCL","Crops and livestock products","356","India","5510","Production","2166","Coconut oil","2016","2016","t","520000","A","Official value",""
"QCL","Crops and livestock products","356","India","5510","Production","2166","Coconut oil","2017","2017","t","601000","A","Official value",""
"QCL","Crops and livestock products","356","India","5510","Production","2166","Coconut oil","2018","2018","t","590000","A","Official value",""
"QCL","Crops and livestock products","356","India","5510","Production","2166","Coconut oil","2019","2019","t","595000","A","Official value",""
"QCL","Crops and livestock products","356","India","5510","Production","2166","Coconut oil","2020","2020","t","595000","A","Official value",""
"QCL","Crops and livestock products","356","India","5510","Production","2166","Coconut oil","2021","2021","t","556000","A","Official value",""
"QCL","Crops and livestock products","356","India","5510","Production","2166","Coconut oil","2022","2022","t","534000","A","Official value",""
"QCL","Crops and livestock products","356","India","5510","Production","2166","Coconut oil","2023","2023","t","549000","A","Official value",""
"QCL","Crops and livestock products","356","India","5312","Area harvested","01460","Coconuts, in shell","2000","2000","ha","1770000","A","Official value",""
"QCL","Crops and livestock products","356","India","5412","Yield","01460","Coconuts, in shell","2000","2000","kg/ha","4717.5","A","Official value",""
"QCL","Crops and livestock products","356","India","5510","Production","01460","Coconuts, in shell","2000","2000","t","8350000","A","Official value",""
"QCL","Crops and livestock products","356","India","5312","Area harvested","01460","Coconuts, in shell","2001","2001","ha","1840000","A","Official value",""
"QCL","Crops and livestock products","356","India","5412","Yield","01460","Coconuts, in shell","2001","2001","kg/ha","4712","A","Official value",""
"QCL","Crops and livestock products","356","India","5510","Production","01460","Coconuts, in shell","2001","2001","t","8670000","A","Official value",""
"QCL","Crops and livestock products","356","India","5312","Area harvested","01460","Coconuts, in shell","2002","2002","ha","1930000","A","Official value",""
"QCL","Crops and livestock products","356","India","5412","Yield","01460","Coconuts, in shell","2002","2002","kg/ha","4621.8","A","Official value",""
"QCL","Crops and livestock products","356","India","5510","Production","01460","Coconuts, in shell","2002","2002","t","8920000","A","Official value",""
"QCL","Crops and livestock products","356","India","5312","Area harvested","01460","Coconuts, in shell","2003","2003","ha","1921800","A","Official value",""
"QCL","Crops and livestock products","356","India","5412","Yield","01460","Coconuts, in shell","2003","2003","kg/ha","4490.6","A","Official value",""
"QCL","Crops and livestock products","356","India","5510","Production","01460","Coconuts, in shell","2003","2003","t","8630000","A","Official value",""
"QCL","Crops and livestock products","356","India","5312","Area harvested","01460","Coconuts, in shell","2004","2004","ha","1933700","A","Official value",""
"QCL","Crops and livestock products","356","India","5412","Yield","01460","Coconuts, in shell","2004","2004","kg/ha","4333.7","A","Official value",""
"QCL","Crops and livestock products","356","India","5510","Production","01460","Coconuts, in shell","2004","2004","t","8380000","A","Official value",""
"QCL","Crops and livestock products","356","India","5312","Area harvested","01460","Coconuts, in shell","2005","2005","ha","1935000","A","Official value",""
"QCL","Crops and livestock products","356","India","5412","Yield","01460","Coconuts, in shell","2005","2005","kg/ha","4562.8","A","Official value",""
"QCL","Crops and livestock products","356","India","5510","Production","01460","Coconuts, in shell","2005","2005","t","8829000","A","Official value",""
"QCL","Crops and livestock products","356","India","5312","Area harvested","01460","Coconuts, in shell","2006","2006","ha","1946800","A","Official value",""
"QCL","Crops and livestock products","356","India","5412","Yield","01460","Coconuts, in shell","2006","2006","kg/ha","5234.2","A","Official value",""
"QCL","Crops and livestock products","356","India","5510","Production","01460","Coconuts, in shell","2006","2006","t","10190000","A","Official value",""
"QCL","Crops and livestock products","356","India","5312","Area harvested","01460","Coconuts, in shell","2007","2007","ha","1940000","A","Official value",""
"QCL","Crops and livestock products","356","India","5412","Yield","01460","Coconuts, in shell","2007","2007","kg/ha","5615.5","A","Official value",""
"QCL","Crops and livestock products","356","India","5510","Production","01460","Coconuts, in shell","2007","2007","t","10894000","A","Official value",""
"QCL","Crops and livestock products","356","India","5312","Area harvested","01460","Coconuts, in shell","2010","2010","ha","1895900","A","Official value",""
"QCL","Crops and livestock products","356","India","5412","Yield","01460","Coconuts, in shell","2010","2010","kg/ha","5717.6","A","Official value",""
"QCL","Crops and livestock products","356","India","5510","Production","01460","Coconuts, in shell","2010","2010","t","10840000","A","Official value",""
"QCL","Crops and livestock products","356","India","5312","Area harvested","01460","Coconuts, in shell","2011","2011","ha","2070820","A","Official value",""
"QCL","Crops and livestock products","356","India","5412","Yield","01460","Coconuts, in shell","2011","2011","kg/ha","4964.2","A","Official value",""
"QCL","Crops and livestock products","356","India","5510","Production","01460","Coconuts, in shell","2011","2011","t","10280000","A","Official value",""
"QCL","Crops and livestock products","356","India","5312","Area harvested","01460","Coconuts, in shell","2012","2012","ha","2137000","A","Official value",""
"QCL","Crops and livestock products","356","India","5412","Yield","01460","Coconuts, in shell","2012","2012","kg/ha","4941.5","A","Official value",""
"QCL","Crops and livestock products","356","India","5510","Production","01460","Coconuts, in shell","2012","2012","t","10560000","A","Official value",""
"QCL","Crops and livestock products","356","India","5312","Area harvested","01460","Coconuts, in shell","2013","2013","ha","2140000","A","Official value",""
"QCL","Crops and livestock products","356","India","5412","Yield","01460","Coconuts, in shell","2013","2013","kg/ha","5574.8","A","Official value",""
"QCL","Crops and livestock products","356","India","5510","Production","01460","Coconuts, in shell","2013","2013","t","11930000","A","Official value",""
"QCL","Crops and livestock products","356","India","5312","Area harvested","01460","Coconuts, in shell","2014","2014","ha","1975800","A","Official value",""
"QCL","Crops and livestock products","356","India","5412","Yield","01460","Coconuts, in shell","2014","2014","kg/ha","5607.3","A","Official value",""
"QCL","Crops and livestock products","356","India","5510","Production","01460","Coconuts, in shell","2014","2014","t","11078873","A","Official value",""
"QCL","Crops and livestock products","356","India","5312","Area harvested","01460","Coconuts, in shell","2015","2015","ha","2088500","A","Official value",""
"QCL","Crops and livestock products","356","India","5412","Yield","01460","Coconuts, in shell","2015","2015","kg/ha","5367.3","A","Official value",""
"QCL","Crops and livestock products","356","India","5510","Production","01460","Coconuts, in shell","2015","2015","t","11209641","A","Official value",""
"QCL","Crops and livestock products","356","India","5312","Area harvested","01460","Coconuts, in shell","2016","2016","ha","2082000","A","Official value",""
"QCL","Crops and livestock products","356","India","5412","Yield","01460","Coconuts, in shell","2016","2016","kg/ha","5448.8","A","Official value",""
"QCL","Crops and livestock products","356","India","5510","Production","01460","Coconuts, in shell","2016","2016","t","11344306","A","Official value",""
"QCL","Crops and livestock products","356","India","5312","Area harvested","01460","Coconuts, in shell","2017","2017","ha","2081000","A","Official value",""
"QCL","Crops and livestock products","356","India","5412","Yield","01460","Coconuts, in shell","2017","2017","kg/ha","5366.1","A","Official value",""
"QCL","Crops and livestock products","356","India","5510","Production","01460","Coconuts, in shell","2017","2017","t","11166772","A","Official value",""
"QCL","Crops and livestock products","356","India","5312","Area harvested","01460","Coconuts, in shell","2018","2018","ha","2097000","A","Official value",""
"QCL","Crops and livestock products","356","India","5412","Yield","01460","Coconuts, in shell","2018","2018","kg/ha","7826.9","A","Official value",""
"QCL","Crops and livestock products","356","India","5510","Production","01460","Coconuts, in shell","2018","2018","t","16413000","A","Official value",""
"QCL","Crops and livestock products","356","India","5312","Area harvested","01460","Coconuts, in shell","2019","2019","ha","2151000","A","Official value",""
"QCL","Crops and livestock products","356","India","5412","Yield","01460","Coconuts, in shell","2019","2019","kg/ha","6825.7","A","Official value",""
"QCL","Crops and livestock products","356","India","5510","Production","01460","Coconuts, in shell","2019","2019","t","14682000","A","Official value",""
"QCL","Crops and livestock products","356","India","5312","Area harvested","01460","Coconuts, in shell","2020","2020","ha","2173000","A","Official value",""
"QCL","Crops and livestock products","356","India","5412","Yield","01460","Coconuts, in shell","2020","2020","kg/ha","6445.5","A","Official value",""
"QCL","Crops and livestock products","356","India","5510","Production","01460","Coconuts, in shell","2020","2020","t","14006000","A","Official value",""
"QCL","Crops and livestock products","356","India","5312","Area harvested","01460","Coconuts, in shell","2021","2021","ha","2199000","A","Official value",""
"QCL","Crops and livestock products","356","India","5412","Yield","01460","Coconuts, in shell","2021","2021","kg/ha","6503.4","A","Official value",""
"QCL","Crops and livestock products","356","India","5510","Production","01460","Coconuts, in shell","2021","2021","t","14301000","A","Official value",""
"QCL","Crops and livestock products","356","India","5312","Area harvested","01460","Coconuts, in shell","2022","2022","ha","2154000","A","Official value",""
"QCL","Crops and livestock products","356","India","5412","Yield","01460","Coconuts, in shell","2022","2022","kg/ha","6182.5","A","Official value",""
"QCL","Crops and livestock products","356","India","5510","Production","01460","Coconuts, in shell","2022","2022","t","13317000","A","Official value",""
"QCL","Crops and livestock products","356","India","5312","Area harvested","01460","Coconuts, in shell","2023","2023","ha","2277000","A","Official value",""
"QCL","Crops and livestock products","356","India","5412","Yield","01460","Coconuts, in shell","2023","2023","kg/ha","6220","A","Official value",""
"QCL","Crops and livestock products","356","India","5510","Production","01460","Coconuts, in shell","2023","2023","t","14163000","A","Official value",""
"QCL","Crops and livestock products","356","India","5312","Area harvested","01610","Coffee, green","2000","2000","ha","308433","A","Official value",""
"QCL","Crops and livestock products","356","India","5412","Yield","01610","Coffee, green","2000","2000","kg/ha","946.7","A","Official value",""
"QCL","Crops and livestock products","356","India","5510","Production","01610","Coffee, green","2000","2000","t","292000","A","Official value",""
"QCL","Crops and livestock products","356","India","5312","Area harvested","01610","Coffee, green","2001","2001","ha","313934","A","Official value",""
"QCL","Crops and livestock products","356","India","5412","Yield","01610","Coffee, green","2001","2001","kg/ha","958.8","A","Official value",""
"QCL","Crops and livestock products","356","India","5510","Production","01610","Coffee, green","2001","2001","t","301000","A","Official value",""
"QCL","Crops and livestock products","356","India","5312","Area harvested","01610","Coffee, green","2002","2002","ha","320737","A","Official value",""
"QCL","Crops and livestock products","356","India","5412","Yield","01610","Coffee, green","2002","2002","kg/ha","938.5","A","Official value",""
"QCL","Crops and livestock products","356","India","5510","Production","01610","Coffee, green","2002","2002","t","301000","A","Official value",""
"QCL","Crops and livestock products","356","India","5312","Area harvested","01610","Coffee, green","2003","2003","ha","320615","A","Official value",""
"QCL","Crops and livestock products","356","India","5412","Yield","01610","Coffee, green","2003","2003","kg/ha","858.6","A","Official value",""
"QCL","Crops and livestock products","356","India","5510","Production","01610","Coffee, green","2003","2003","t","275275","A","Official value",""
"QCL","Crops and livestock products","356","India","5312","Area harvested","01610","Coffee, green","2004","2004","ha","325124","A","Official value",""
"QCL","Crops and livestock products","356","India","5412","Yield","01610","Coffee, green","2004","2004","kg/ha","832","A","Official value",""
"QCL","Crops and livestock products","356","India","5510","Production","01610","Coffee, green","2004","2004","t","270500","A","Official value",""
"QCL","Crops and livestock products","356","India","5312","Area harvested","01610","Coffee, green","2005","2005","ha","333338","A","Official value",""
"QCL","Crops and livestock products","356","India","5412","Yield","01610","Coffee, green","2005","2005","kg/ha","826.5","A","Official value",""
"QCL","Crops and livestock products","356","India","5510","Production","01610","Coffee, green","2005","2005","t","275500","A","Official value",""
"QCL","Crops and livestock products","356","India","5312","Area harvested","01610","Coffee, green","2006","2006","ha","341351","A","Official value",""
"QCL","Crops and livestock products","356","India","5412","Yield","01610","Coffee, green","2006","2006","kg/ha","802.7","A","Official value",""
"QCL","Crops and livestock products","356","India","5510","Production","01610","Coffee, green","2006","2006","t","274000","A","Official value",""
"QCL","Crops and livestock products","356","India","5312","Area harvested","01610","Coffee, green","2007","2007","ha","343040","A","Official value",""
"QCL","Crops and livestock products","356","India","5412","Yield","01610","Coffee, green","2007","2007","kg/ha","839.6","A","Official value",""
"QCL","Crops and livestock products","356","India","5510","Production","01610","Coffee, green","2007","2007","t","288000","A","Official value",""
"QCL","Crops and livestock products","356","India","5312","Area harvested","01610","Coffee, green","2010","2010","ha","355502","A","Official value",""
"QCL","Crops and livestock products","356","India","5412","Yield","01610","Coffee, green","2010","2010","kg/ha","814.6","A","Official value",""
"QCL","Crops and livestock products","356","India","5510","Production","01610","Coffee, green","2010","2010","t","289600","A","Official value",""
"QCL","Crops and livestock products","356","India","5312","Area harvested","01610","Coffee, green","2011","2011","ha","360485","A","Official value",""
"QCL","Crops and livestock products","356","India","5412","Yield","01610","Coffee, green","2011","2011","kg/ha","837.8","A","Official value",""
"QCL","Crops and livestock products","356","India","5510","Production","01610","Coffee, green","2011","2011","t","302000","A","Official value",""
"QCL","Crops and livestock products","356","India","5312","Area harvested","01610","Coffee, green","2012","2012","ha","368687","A","Official value",""
"QCL","Crops and livestock products","356","India","5412","Yield","01610","Coffee, green","2012","2012","kg/ha","851.7","A","Official value",""
"QCL","Crops and livestock products","356","India","5510","Production","01610","Coffee, green","2012","2012","t","314000","A","Official value",""
"QCL","Crops and livestock products","356","India","5312","Area harvested","01610","Coffee, green","2013","2013","ha","376305","A","Official value",""
"QCL","Crops and livestock products","356","India","5412","Yield","01610","Coffee, green","2013","2013","kg/ha","845.6","A","Official value",""
"QCL","Crops and livestock products","356","India","5510","Production","01610","Coffee, green","2013","2013","t","318200","A","Official value",""
"QCL","Crops and livestock products","356","India","5312","Area harvested","01610","Coffee, green","2014","2014","ha","381304","A","Official value",""
"QCL","Crops and livestock products","356","India","5412","Yield","01610","Coffee, green","2014","2014","kg/ha","798.6","A","Official value",""
"QCL","Crops and livestock products","356","India","5510","Production","01610","Coffee, green","2014","2014","t","304500","A","Official value",""
"QCL","Crops and livestock products","356","India","5312","Area harvested","01610","Coffee, green","2015","2015","ha","423270","A","Official value",""
"QCL","Crops and livestock products","356","India","5412","Yield","01610","Coffee, green","2015","2015","kg/ha","772.6","A","Official value",""
"QCL","Crops and livestock products","356","India","5510","Production","01610","Coffee, green","2015","2015","t","327000","A","Official value",""
"QCL","Crops and livestock products","356","India","5312","Area harvested","01610","Coffee, green","2016","2016","ha","434436","A","Official value",""
"QCL","Crops and livestock products","356","India","5412","Yield","01610","Coffee, green","2016","2016","kg/ha","801","A","Official value",""
"QCL","Crops and livestock products","356","India","5510","Production","01610","Coffee, green","2016","2016","t","348000","A","Official value",""
"QCL","Crops and livestock products","356","India","5312","Area harvested","01610","Coffee, green","2017","2017","ha","449357","A","Official value",""
"QCL","Crops and livestock products","356","India","5412","Yield","01610","Coffee, green","2017","2017","kg/ha","694.3","A","Official value",""
"QCL","Crops and livestock products","356","India","5510","Production","01610","Coffee, green","2017","2017","t","312000","A","Official value",""
"QCL","Crops and livestock products","356","India","5312","Area harvested","01610","Coffee, green","2018","2018","ha","413020","A","Official value",""
"QCL","Crops and livestock products","356","India","5412","Yield","01610","Coffee, green","2018","2018","kg/ha","765.1","A","Official value",""
"QCL","Crops and livestock products","356","India","5510","Production","01610","Coffee, green","2018","2018","t","316000","A","Official value",""
"QCL","Crops and livestock products","356","India","5312","Area harvested","01610","Coffee, green","2019","2019","ha","416741","A","Official value",""
"QCL","Crops and livestock products","356","India","5412","Yield","01610","Coffee, green","2019","2019","kg/ha","766.7","A","Official value",""
"QCL","Crops and livestock products","356","India","5510","Production","01610","Coffee, green","2019","2019","t","319500","A","Official value",""
"QCL","Crops and livestock products","356","India","5312","Area harvested","01610","Coffee, green","2020","2020","ha","418167","A","Official value",""
"QCL","Crops and livestock products","356","India","5412","Yield","01610","Coffee, green","2020","2020","kg/ha","712.6","A","Official value",""
"QCL","Crops and livestock products","356","India","5510","Production","01610","Coffee, green","2020","2020","t","298000","A","Official value",""
"QCL","Crops and livestock products","356","India","5312","Area harvested","01610","Coffee, green","2021","2021","ha","422924","A","Official value",""
"QCL","Crops and livestock products","356","India","5412","Yield","01610","Coffee, green","2021","2021","kg/ha","789.7","A","Official value",""
"QCL","Crops and livestock products","356","India","5510","Production","01610","Coffee, green","2021","2021","t","334000","A","Official value",""
"QCL","Crops and livestock products","356","India","5312","Area harvested","01610","Coffee, green","2022","2022","ha","479669","A","Official value",""
"QCL","Crops and livestock products","356","India","5412","Yield","01610","Coffee, green","2022","2022","kg/ha","733.8","A","Official value",""
"QCL","Crops and livestock products","356","India","5510","Production","01610","Coffee, green","2022","2022","t","352000","A","Official value",""
"QCL","Crops and livestock products","356","India","5312","Area harvested","01610","Coffee, green","2023","2023","ha","489619","A","Official value",""
"QCL","Crops and livestock products","356","India","5412","Yield","01610","Coffee, green","2023","2023","kg/ha","736.3","A","Official value",""
"QCL","Crops and livestock products","356","India","5510","Production","01610","Coffee, green","2023","2023","t","360500","A","Official value",""
"QCL","Crops and livestock products","356","India","5510","Production","01929.08","Coir, raw","2000","2000","t","468000","X","Value from external organization","Unofficial figure"
"QCL","Crops and livestock products","356","India","5510","Production","01929.08","Coir, raw","2001","2001","t","450000","X","Value from external organization","Unofficial figure"
"QCL","Crops and livestock products","356","India","5510","Production","01929.08","Coir, raw","2002","2002","t","447000","X","Value from external organization","Unofficial figure"
"QCL","Crops and livestock products","356","India","5510","Production","01929.08","Coir, raw","2003","2003","t","531500","X","Value from external organization","Unofficial figure"
"QCL","Crops and livestock products","356","India","5510","Production","01929.08","Coir, raw","2004","2004","t","419000","X","Value from external organization","Unofficial figure"
"QCL","Crops and livestock products","356","India","5510","Production","01929.08","Coir, raw","2005","2005","t","441500","X","Value from external organization","Unofficial figure"
"QCL","Crops and livestock products","356","India","5510","Production","01929.08","Coir, raw","2006","2006","t","509500","X","Value from external organization","Unofficial figure"
"QCL","Crops and livestock products","356","India","5510","Production","01929.08","Coir, raw","2007","2007","t","545000","X","Value from external organization","Unofficial figure"
"QCL","Crops and livestock products","356","India","5510","Production","01929.08","Coir, raw","2010","2010","t","542000","X","Value from external organization","Unofficial figure"
"QCL","Crops and livestock products","356","India","5510","Production","01929.08","Coir, raw","2011","2011","t","514000","X","Value from external organization","Unofficial figure"
"QCL","Crops and livestock products","356","India","5510","Production","01929.08","Coir, raw","2012","2012","t","528000","X","Value from external organization","Unofficial figure"
"QCL","Crops and livestock products","356","India","5510","Production","01929.08","Coir, raw","2013","2013","t","596500","X","Value from external organization","Unofficial figure"
"QCL","Crops and livestock products","356","India","5510","Production","01929.08","Coir, raw","2014","2014","t","553945","X","Value from external organization","Unofficial figure"
"QCL","Crops and livestock products","356","India","5510","Production","01929.08","Coir, raw","2015","2015","t","560480","X","Value from external organization","Unofficial figure"
"QCL","Crops and livestock products","356","India","5510","Production","01929.08","Coir, raw","2016","2016","t","562432.93","I","Value imputed by a receiving agency",""
"QCL","Crops and livestock products","356","India","5510","Production","01929.08","Coir, raw","2017","2017","t","567349.83","I","Value imputed by a receiving agency",""
"QCL","Crops and livestock products","356","India","5510","Production","01929.08","Coir, raw","2018","2018","t","715735","I","Value imputed by a receiving agency",""
"QCL","Crops and livestock products","356","India","5510","Production","01929.08","Coir, raw","2019","2019","t","867119.69","I","Value imputed by a receiving agency",""
"QCL","Crops and livestock products","356","India","5510","Production","01929.08","Coir, raw","2020","2020","t","1029200","E","Estimated value",""
"QCL","Crops and livestock products","356","India","5510","Production","01929.08","Coir, raw","2021","2021","t","1122000","E","Estimated value",""
"QCL","Crops and livestock products","356","India","5510","Production","01929.08","Coir, raw","2022","2022","t","1211246.92","I","Value imputed by a receiving agency",""
"QCL","Crops and livestock products","356","India","5510","Production","01929.08","Coir, raw","2023","2023","t","984021.06","I","Value imputed by a receiving agency",""
"QCL","Crops and livestock products","356","India","5510","Production","01921.02","Cotton lint, ginned","2000","2000","t","1640900","A","Official value",""
"QCL","Crops and livestock products","356","India","5510","Production","01921.02","Cotton lint, ginned","2001","2001","t","1699490","A","Official value",""
"QCL","Crops and livestock products","356","India","5510","Production","01921.02","Cotton lint, ginned","2002","2002","t","1466080","A","Official value",""
"QCL","Crops and livestock products","356","India","5510","Production","01921.02","Cotton lint, ginned","2003","2003","t","2334000","A","Official value",""
"QCL","Crops and livestock products","356","India","5510","Production","01921.02","Cotton lint, ginned","2004","2004","t","2792800","A","Official value",""
"QCL","Crops and livestock products","356","India","5510","Production","01921.02","Cotton lint, ginned","2005","2005","t","3145000","A","Official value",""
"QCL","Crops and livestock products","356","India","5510","Production","01921.02","Cotton lint, ginned","2006","2006","t","3847000","A","Official value",""
"QCL","Crops and livestock products","356","India","5510","Production","01921.02","Cotton lint, ginned","2007","2007","t","4400000","A","Official value",""
"QCL","Crops and livestock products","356","India","5510","Production","01921.02","Cotton lint, ginned","2010","2010","t","5683000","A","Official value",""
"QCL","Crops and livestock products","356","India","5510","Production","01921.02","Cotton lint, ginned","2011","2011","t","5984000","A","Official value",""
"QCL","Crops and livestock products","356","India","5510","Production","01921.02","Cotton lint, ginned","2012","2012","t","5817400","A","Official value",""
"QCL","Crops and livestock products","356","India","5510","Production","01921.02","Cotton lint, ginned","2013","2013","t","6052000","A","Official value",""
"QCL","Crops and livestock products","356","India","5510","Production","01921.02","Cotton lint, ginned","2014","2014","t","5916850","A","Official value",""
"QCL","Crops and livestock products","356","India","5510","Production","01921.02","Cotton lint, ginned","2015","2015","t","5100850","A","Official value",""
"QCL","Crops and livestock products","356","India","5510","Production","01921.02","Cotton lint, ginned","2016","2016","t","5542000","A","Official value",""
"QCL","Crops and livestock products","356","India","5510","Production","01921.02","Cotton lint, ginned","2017","2017","t","5538090","A","Official value",""
"QCL","Crops and livestock products","356","India","5510","Production","01921.02","Cotton lint, ginned","2018","2018","t","5576850","A","Official value",""
"QCL","Crops and livestock products","356","India","5510","Production","01921.02","Cotton lint, ginned","2019","2019","t","4767140","A","Official value",""
"QCL","Crops and livestock products","356","India","5510","Production","01921.02","Cotton lint, ginned","2020","2020","t","6131050","A","Official value",""
"QCL","Crops and livestock products","356","India","5510","Production","01921.02","Cotton lint, ginned","2021","2021","t","5992160","A","Official value",""
"QCL","Crops and livestock products","356","India","5510","Production","01921.02","Cotton lint, ginned","2022","2022","t","5722231.51","A","Official value",""
"QCL","Crops and livestock products","356","India","5510","Production","01921.02","Cotton lint, ginned","2023","2023","t","5528743.7","A","Official value",""
"QCL","Crops and livestock products","356","India","5510","Production","0143","Cotton seed","2000","2000","t","3333000","A","Official value",""
"QCL","Crops and livestock products","356","India","5510","Production","0143","Cotton seed","2001","2001","t","3452000","A","Official value",""
"QCL","Crops and livestock products","356","India","5510","Production","0143","Cotton seed","2002","2002","t","2978000","A","Official value",""
"QCL","Crops and livestock products","356","India","5510","Production","0143","Cotton seed","2003","2003","t","4741100","A","Official value",""
"QCL","Crops and livestock products","356","India","5510","Production","0143","Cotton seed","2004","2004","t","5673000","A","Official value",""
"QCL","Crops and livestock products","356","India","5510","Production","0143","Cotton seed","2005","2005","t","6388000","A","Official value",""
"QCL","Crops and livestock products","356","India","5510","Production","0143","Cotton seed","2006","2006","t","7815000","A","Official value",""
"QCL","Crops and livestock products","356","India","5510","Production","0143","Cotton seed","2007","2007","t","8938000","A","Official value",""
"QCL","Crops and livestock products","356","India","5510","Production","0143","Cotton seed","2010","2010","t","11543800","A","Official value",""
"QCL","Crops and livestock products","356","India","5510","Production","0143","Cotton seed","2011","2011","t","12465800","A","Official value",""
"QCL","Crops and livestock products","356","India","5510","Production","0143","Cotton seed","2012","2012","t","11816600","A","Official value",""
"QCL","Crops and livestock products","356","India","5510","Production","0143","Cotton seed","2013","2013","t","12293100","A","Official value",""
"QCL","Crops and livestock products","356","India","5510","Production","0143","Cotton seed","2014","2014","t","12017000","A","Official value",""
"QCL","Crops and livestock products","356","India","5510","Production","0143","Cotton seed","2015","2015","t","10363000","X","Value from external organization","Unofficial figure"
"QCL","Crops and livestock products","356","India","5510","Production","0143","Cotton seed","2016","2016","t","11250000","X","Value from external organization","Unofficial figure"
"QCL","Crops and livestock products","356","India","5510","Production","0143","Cotton seed","2017","2017","t","11848000","X","Value from external organization","Unofficial figure"
"QCL","Crops and livestock products","356","India","5510","Production","0143","Cotton seed","2018","2018","t","9889000","X","Value from external organization","Unofficial figure"
"QCL","Crops and livestock products","356","India","5510","Production","0143","Cotton seed","2019","2019","t","11400000","X","Value from external organization","Unofficial figure"
"QCL","Crops and livestock products","356","India","5510","Production","0143","Cotton seed","2020","2020","t","11500000","X","Value from external organization","Unofficial figure"
"QCL","Crops and livestock products","356","India","5510","Production","0143","Cotton seed","2021","2021","t","11200000","X","Value from external organization","Unofficial figure"
"QCL","Crops and livestock products","356","India","5510","Production","0143","Cotton seed","2022","2022","t","9700000","X","Value from external organization","Unofficial figure"
"QCL","Crops and livestock products","356","India","5510","Production","0143","Cotton seed","2023","2023","t","10600000","X","Value from external organization","Unofficial figure"
"QCL","Crops and livestock products","356","India","5510","Production","2168","Cottonseed oil","2000","2000","t","460000","A","Official value",""
"QCL","Crops and livestock products","356","India","5510","Production","2168","Cottonseed oil","2001","2001","t","470000","A","Official value",""
"QCL","Crops and livestock products","356","India","5510","Production","2168","Cottonseed oil","2002","2002","t","430000","A","Official value",""
"QCL","Crops and livestock products","356","India","5510","Production","2168","Cottonseed oil","2003","2003","t","430000","A","Official value",""
"QCL","Crops and livestock products","356","India","5510","Production","2168","Cottonseed oil","2004","2004","t","430000","A","Official value",""
"QCL","Crops and livestock products","356","India","5510","Production","2168","Cottonseed oil","2005","2005","t","570000","A","Official value",""
"QCL","Crops and livestock products","356","India","5510","Production","2168","Cottonseed oil","2006","2006","t","630000","A","Official value",""
"QCL","Crops and livestock products","356","India","5510","Production","2168","Cottonseed oil","2007","2007","t","800000","A","Official value",""
"QCL","Crops and livestock products","356","India","5510","Production","2168","Cottonseed oil","2010","2010","t","1089000","A","Official value",""
"QCL","Crops and livestock products","356","India","5510","Production","2168","Cottonseed oil","2011","2011","t","1162000","A","Official value",""
"QCL","Crops and livestock products","356","India","5510","Production","2168","Cottonseed oil","2012","2012","t","1157000","A","Official value",""
"QCL","Crops and livestock products","356","India","5510","Production","2168","Cottonseed oil","2013","2013","t","1240000","A","Official value",""
"QCL","Crops and livestock products","356","India","5510","Production","2168","Cottonseed oil","2014","2014","t","1215000","A","Official value",""
"QCL","Crops and livestock products","356","India","5510","Production","2168","Cottonseed oil","2015","2015","t","1005000","A","Official value",""
"QCL","Crops and livestock products","356","India","5510","Production","2168","Cottonseed oil","2016","2016","t","1224000","A","Official value",""
"QCL","Crops and livestock products","356","India","5510","Production","2168","Cottonseed oil","2017","2017","t","1264000","A","Official value",""
"QCL","Crops and livestock products","356","India","5510","Production","2168","Cottonseed oil","2018","2018","t","1123000","A","Official value",""
"QCL","Crops and livestock products","356","India","5510","Production","2168","Cottonseed oil","2019","2019","t","1271000","A","Official value",""
"QCL","Crops and livestock products","356","India","5510","Production","2168","Cottonseed oil","2020","2020","t","1221000","A","Official value",""
"QCL","Crops and livestock products","356","India","5510","Production","2168","Cottonseed oil","2021","2021","t","1078000","A","Official value",""
"QCL","Crops and livestock products","356","India","5510","Production","2168","Cottonseed oil","2022","2022","t","1166000","A","Official value",""
"QCL","Crops and livestock products","356","India","5510","Production","2168","Cottonseed oil","2023","2023","t","1127000","A","Official value",""
"QCL","Crops and livestock products","356","India","5312","Area harvested","01232","Cucumbers and gherkins","2000","2000","ha","29506","I","Value imputed by a receiving agency",""
"QCL","Crops and livestock products","356","India","5412","Yield","01232","Cucumbers and gherkins","2000","2000","kg/ha","9114.3","E","Estimated value",""
"QCL","Crops and livestock products","356","India","5510","Production","01232","Cucumbers and gherkins","2000","2000","t","268928.88","I","Value imputed by a receiving agency",""
"QCL","Crops and livestock products","356","India","5312","Area harvested","01232","Cucumbers and gherkins","2001","2001","ha","31131","I","Value imputed by a receiving agency",""
"QCL","Crops and livestock products","356","India","5412","Yield","01232","Cucumbers and gherkins","2001","2001","kg/ha","9347.1","E","Estimated value",""
"QCL","Crops and livestock products","356","India","5510","Production","01232","Cucumbers and gherkins","2001","2001","t","290988.13","I","Value imputed by a receiving agency",""
"QCL","Crops and livestock products","356","India","5312","Area harvested","01232","Cucumbers and gherkins","2002","2002","ha","31830","I","Value imputed by a receiving agency",""
"QCL","Crops and livestock products","356","India","5412","Yield","01232","Cucumbers and gherkins","2002","2002","kg/ha","9835.6","E","Estimated value",""
"QCL","Crops and livestock products","356","India","5510","Production","01232","Cucumbers and gherkins","2002","2002","t","313067.27","I","Value imputed by a receiving agency",""
"QCL","Crops and livestock products","356","India","5312","Area harvested","01232","Cucumbers and gherkins","2003","2003","ha","32462","I","Value imputed by a receiving agency",""
"QCL","Crops and livestock products","356","India","5412","Yield","01232","Cucumbers and gherkins","2003","2003","kg/ha","10324.8","E","Estimated value",""
"QCL","Crops and livestock products","356","India","5510","Production","01232","Cucumbers and gherkins","2003","2003","t","335168.18","I","Value imputed by a receiving agency",""
"QCL","Crops and livestock products","356","India","5312","Area harvested","01232","Cucumbers and gherkins","2004","2004","ha","33038","I","Value imputed by a receiving agency",""
"QCL","Crops and livestock products","356","India","5412","Yield","01232","Cucumbers and gherkins","2004","2004","kg/ha","10814.8","E","Estimated value",""
"QCL","Crops and livestock products","356","India","5510","Production","01232","Cucumbers and gherkins","2004","2004","t","357292.75","I","Value imputed by a receiving agency",""
"QCL","Crops and livestock products","356","India","5312","Area harvested","01232","Cucumbers and gherkins","2005","2005","ha","33563","I","Value imputed by a receiving agency",""
"QCL","Crops and livestock products","356","India","5412","Yield","01232","Cucumbers and gherkins","2005","2005","kg/ha","11305.4","E","Estimated value",""
"QCL","Crops and livestock products","356","India","5510","Production","01232","Cucumbers and gherkins","2005","2005","t","379442.97","I","Value imputed by a receiving agency",""
"QCL","Crops and livestock products","356","India","5312","Area harvested","01232","Cucumbers and gherkins","2006","2006","ha","34045","I","Value imputed by a receiving agency",""
"QCL","Crops and livestock products","356","India","5412","Yield","01232","Cucumbers and gherkins","2006","2006","kg/ha","11796.7","E","Estimated value",""
"QCL","Crops and livestock products","356","India","5510","Production","01232","Cucumbers and gherkins","2006","2006","t","401620.99","I","Value imputed by a receiving agency",""
"QCL","Crops and livestock products","356","India","5312","Area harvested","01232","Cucumbers and gherkins","2007","2007","ha","34489","I","Value imputed by a receiving agency",""
"QCL","Crops and livestock products","356","India","5412","Yield","01232","Cucumbers and gherkins","2007","2007","kg/ha","12288.9","E","Estimated value",""
"QCL","Crops and livestock products","356","India","5510","Production","01232","Cucumbers and gherkins","2007","2007","t","423829.13","I","Value imputed by a receiving agency",""
"QCL","Crops and livestock products","356","India","5312","Area harvested","01232","Cucumbers and gherkins","2010","2010","ha","35632","I","Value imputed by a receiving agency",""
"QCL","Crops and livestock products","356","India","5412","Yield","01232","Cucumbers and gherkins","2010","2010","kg/ha","13770.2","E","Estimated value",""
"QCL","Crops and livestock products","356","India","5510","Production","01232","Cucumbers and gherkins","2010","2010","t","490660.46","I","Value imputed by a receiving agency",""
"QCL","Crops and livestock products","356","India","5312","Area harvested","01232","Cucumbers and gherkins","2011","2011","ha","35000","A","Official value",""
"QCL","Crops and livestock products","356","India","5412","Yield","01232","Cucumbers and gherkins","2011","2011","kg/ha","15000","A","Official value",""
"QCL","Crops and livestock products","356","India","5510","Production","01232","Cucumbers and gherkins","2011","2011","t","525000","A","Official value",""
"QCL","Crops and livestock products","356","India","5312","Area harvested","01232","Cucumbers and gherkins","2012","2012","ha","40000","A","Official value",""
"QCL","Crops and livestock products","356","India","5412","Yield","01232","Cucumbers and gherkins","2012","2012","kg/ha","15175","A","Official value",""
"QCL","Crops and livestock products","356","India","5510","Production","01232","Cucumbers and gherkins","2012","2012","t","607000","A","Official value",""
"QCL","Crops and livestock products","356","India","5312","Area harvested","01232","Cucumbers and gherkins","2013","2013","ha","41000","A","Official value",""
"QCL","Crops and livestock products","356","India","5412","Yield","01232","Cucumbers and gherkins","2013","2013","kg/ha","15634.1","A","Official value",""
"QCL","Crops and livestock products","356","India","5510","Production","01232","Cucumbers and gherkins","2013","2013","t","641000","A","Official value",""
"QCL","Crops and livestock products","356","India","5312","Area harvested","01232","Cucumbers and gherkins","2014","2014","ha","43000","A","Official value",""
"QCL","Crops and livestock products","356","India","5412","Yield","01232","Cucumbers and gherkins","2014","2014","kg/ha","15767.4","A","Official value",""
"QCL","Crops and livestock products","356","India","5510","Production","01232","Cucumbers and gherkins","2014","2014","t","678000","A","Official value",""
"QCL","Crops and livestock products","356","India","5312","Area harvested","01232","Cucumbers and gherkins","2015","2015","ha","43000","A","Official value",""
"QCL","Crops and livestock products","356","India","5412","Yield","01232","Cucumbers and gherkins","2015","2015","kg/ha","15767.4","A","Official value",""
"QCL","Crops and livestock products","356","India","5510","Production","01232","Cucumbers and gherkins","2015","2015","t","678000","A","Official value",""
"QCL","Crops and livestock products","356","India","5312","Area harvested","01232","Cucumbers and gherkins","2016","2016","ha","71348","A","Official value",""
"QCL","Crops and livestock products","356","India","5412","Yield","01232","Cucumbers and gherkins","2016","2016","kg/ha","16844.7","A","Official value",""
"QCL","Crops and livestock products","356","India","5510","Production","01232","Cucumbers and gherkins","2016","2016","t","1201839.55","A","Official value",""
"QCL","Crops and livestock products","356","India","5312","Area harvested","01232","Cucumbers and gherkins","2017","2017","ha","73990","A","Official value",""
"QCL","Crops and livestock products","356","India","5412","Yield","01232","Cucumbers and gherkins","2017","2017","kg/ha","15429","A","Official value",""
"QCL","Crops and livestock products","356","India","5510","Production","01232","Cucumbers and gherkins","2017","2017","t","1141594.6","A","Official value",""
"QCL","Crops and livestock products","356","India","5312","Area harvested","01232","Cucumbers and gherkins","2018","2018","ha","82042","A","Official value",""
"QCL","Crops and livestock products","356","India","5412","Yield","01232","Cucumbers and gherkins","2018","2018","kg/ha","15357.3","A","Official value",""
"QCL","Crops and livestock products","356","India","5510","Production","01232","Cucumbers and gherkins","2018","2018","t","1259942.65","A","Official value",""
"QCL","Crops and livestock products","356","India","5312","Area harvested","01232","Cucumbers and gherkins","2019","2019","ha","104582","A","Official value",""
"QCL","Crops and livestock products","356","India","5412","Yield","01232","Cucumbers and gherkins","2019","2019","kg/ha","15187.9","A","Official value",""
"QCL","Crops and livestock products","356","India","5510","Production","01232","Cucumbers and gherkins","2019","2019","t","1588385","A","Official value",""
"QCL","Crops and livestock products","356","India","5312","Area harvested","01232","Cucumbers and gherkins","2020","2020","ha","112026","A","Official value",""
"QCL","Crops and livestock products","356","India","5412","Yield","01232","Cucumbers and gherkins","2020","2020","kg/ha","14781.7","A","Official value",""
"QCL","Crops and livestock products","356","India","5510","Production","01232","Cucumbers and gherkins","2020","2020","t","1655937.3","A","Official value",""
"QCL","Crops and livestock products","356","India","5312","Area harvested","01232","Cucumbers and gherkins","2021","2021","ha","116615","A","Official value",""
"QCL","Crops and livestock products","356","India","5412","Yield","01232","Cucumbers and gherkins","2021","2021","kg/ha","14165.5","A","Official value",""
"QCL","Crops and livestock products","356","India","5510","Production","01232","Cucumbers and gherkins","2021","2021","t","1651915.3","A","Official value",""
"QCL","Crops and livestock products","356","India","5312","Area harvested","01232","Cucumbers and gherkins","2022","2022","ha","119131","A","Official value",""
"QCL","Crops and livestock products","356","India","5412","Yield","01232","Cucumbers and gherkins","2022","2022","kg/ha","14221.4","A","Official value",""
"QCL","Crops and livestock products","356","India","5510","Production","01232","Cucumbers and gherkins","2022","2022","t","1694209","A","Official value",""
"QCL","Crops and livestock products","356","India","5312","Area harvested","01232","Cucumbers and gherkins","2023","2023","ha","127493","A","Official value",""
"QCL","Crops and livestock products","356","India","5412","Yield","01232","Cucumbers and gherkins","2023","2023","kg/ha","13426","A","Official value",""
"QCL","Crops and livestock products","356","India","5510","Production","01232","Cucumbers and gherkins","2023","2023","t","1711715","A","Official value",""
"QCL","Crops and livestock products","356","India","5312","Area harvested","01233","Eggplants (aubergines)","2000","2000","ha","500000","A","Official value",""
"QCL","Crops and livestock products","356","India","5412","Yield","01233","Eggplants (aubergines)","2000","2000","kg/ha","16240","A","Official value",""
"QCL","Crops and livestock products","356","India","5510","Production","01233","Eggplants (aubergines)","2000","2000","t","8120000","A","Official value",""
"QCL","Crops and livestock products","356","India","5312","Area harvested","01233","Eggplants (aubergines)","2001","2001","ha","470000","A","Official value",""
"QCL","Crops and livestock products","356","India","5412","Yield","01233","Eggplants (aubergines)","2001","2001","kg/ha","16383","A","Official value",""
"QCL","Crops and livestock products","356","India","5510","Production","01233","Eggplants (aubergines)","2001","2001","t","7700000","A","Official value",""
"QCL","Crops and livestock products","356","India","5312","Area harvested","01233","Eggplants (aubergines)","2002","2002","ha","500000","A","Official value",""
"QCL","Crops and livestock products","356","India","5412","Yield","01233","Eggplants (aubergines)","2002","2002","kg/ha","16700","A","Official value",""
"QCL","Crops and livestock products","356","India","5510","Production","01233","Eggplants (aubergines)","2002","2002","t","8350000","A","Official value",""
"QCL","Crops and livestock products","356","India","5312","Area harvested","01233","Eggplants (aubergines)","2003","2003","ha","500000","A","Official value",""
"QCL","Crops and livestock products","356","India","5412","Yield","01233","Eggplants (aubergines)","2003","2003","kg/ha","15660","A","Official value",""
"QCL","Crops and livestock products","356","India","5510","Production","01233","Eggplants (aubergines)","2003","2003","t","7830000","A","Official value",""
"QCL","Crops and livestock products","356","India","5312","Area harvested","01233","Eggplants (aubergines)","2004","2004","ha","516400","A","Official value",""
"QCL","Crops and livestock products","356","India","5412","Yield","01233","Eggplants (aubergines)","2004","2004","kg/ha","16416.2","A","Official value",""
"QCL","Crops and livestock products","356","India","5510","Production","01233","Eggplants (aubergines)","2004","2004","t","8477300","A","Official value",""
"QCL","Crops and livestock products","356","India","5312","Area harvested","01233","Eggplants (aubergines)","2005","2005","ha","526500","A","Official value",""
"QCL","Crops and livestock products","356","India","5412","Yield","01233","Eggplants (aubergines)","2005","2005","kg/ha","16335.8","A","Official value",""
"QCL","Crops and livestock products","356","India","5510","Production","01233","Eggplants (aubergines)","2005","2005","t","8600800","A","Official value",""
"QCL","Crops and livestock products","356","India","5312","Area harvested","01233","Eggplants (aubergines)","2006","2006","ha","559700","A","Official value",""
"QCL","Crops and livestock products","356","India","5412","Yield","01233","Eggplants (aubergines)","2006","2006","kg/ha","16730.9","A","Official value",""
"QCL","Crops and livestock products","356","India","5510","Production","01233","Eggplants (aubergines)","2006","2006","t","9364300","A","Official value",""
"QCL","Crops and livestock products","356","India","5312","Area harvested","01233","Eggplants (aubergines)","2007","2007","ha","568000","A","Official value",""
"QCL","Crops and livestock products","356","India","5412","Yield","01233","Eggplants (aubergines)","2007","2007","kg/ha","16642.6","A","Official value",""
"QCL","Crops and livestock products","356","India","5510","Production","01233","Eggplants (aubergines)","2007","2007","t","9453000","A","Official value",""
"QCL","Crops and livestock products","356","India","5312","Area harvested","01233","Eggplants (aubergines)","2010","2010","ha","612400","A","Official value",""
"QCL","Crops and livestock products","356","India","5412","Yield","01233","Eggplants (aubergines)","2010","2010","kg/ha","17248.5","A","Official value",""
"QCL","Crops and livestock products","356","India","5510","Production","01233","Eggplants (aubergines)","2010","2010","t","10563000","A","Official value",""
"QCL","Crops and livestock products","356","India","5312","Area harvested","01233","Eggplants (aubergines)","2011","2011","ha","680000","A","Official value",""
"QCL","Crops and livestock products","356","India","5412","Yield","01233","Eggplants (aubergines)","2011","2011","kg/ha","17494.1","A","Official value",""
"QCL","Crops and livestock products","356","India","5510","Production","01233","Eggplants (aubergines)","2011","2011","t","11896000","A","Official value",""
"QCL","Crops and livestock products","356","India","5312","Area harvested","01233","Eggplants (aubergines)","2012","2012","ha","692000","A","Official value",""
"QCL","Crops and livestock products","356","India","5412","Yield","01233","Eggplants (aubergines)","2012","2012","kg/ha","18257.2","A","Official value",""
"QCL","Crops and livestock products","356","India","5510","Production","01233","Eggplants (aubergines)","2012","2012","t","12634000","A","Official value",""
"QCL","Crops and livestock products","356","India","5312","Area harvested","01233","Eggplants (aubergines)","2013","2013","ha","722000","A","Official value",""
"QCL","Crops and livestock products","356","India","5412","Yield","01233","Eggplants (aubergines)","2013","2013","kg/ha","18620.5","A","Official value",""
"QCL","Crops and livestock products","356","India","5510","Production","01233","Eggplants (aubergines)","2013","2013","t","13444000","A","Official value",""
"QCL","Crops and livestock products","356","India","5312","Area harvested","01233","Eggplants (aubergines)","2014","2014","ha","711310","A","Official value",""
"QCL","Crops and livestock products","356","India","5412","Yield","01233","Eggplants (aubergines)","2014","2014","kg/ha","19060.4","A","Official value",""
"QCL","Crops and livestock products","356","India","5510","Production","01233","Eggplants (aubergines)","2014","2014","t","13557820","A","Official value",""
"QCL","Crops and livestock products","356","India","5312","Area harvested","01233","Eggplants (aubergines)","2015","2015","ha","673000","A","Official value",""
"QCL","Crops and livestock products","356","India","5412","Yield","01233","Eggplants (aubergines)","2015","2015","kg/ha","18705.8","A","Official value",""
"QCL","Crops and livestock products","356","India","5510","Production","01233","Eggplants (aubergines)","2015","2015","t","12589000","A","Official value",""
"QCL","Crops and livestock products","356","India","5312","Area harvested","01233","Eggplants (aubergines)","2016","2016","ha","663000","A","Official value",""
"QCL","Crops and livestock products","356","India","5412","Yield","01233","Eggplants (aubergines)","2016","2016","kg/ha","18876.3","A","Official value",""
"QCL","Crops and livestock products","356","India","5510","Production","01233","Eggplants (aubergines)","2016","2016","t","12515000","A","Official value",""
"QCL","Crops and livestock products","356","India","5312","Area harvested","01233","Eggplants (aubergines)","2017","2017","ha","733000","A","Official value",""
"QCL","Crops and livestock products","356","India","5412","Yield","01233","Eggplants (aubergines)","2017","2017","kg/ha","17066.8","A","Official value",""
"QCL","Crops and livestock products","356","India","5510","Production","01233","Eggplants (aubergines)","2017","2017","t","12510000","A","Official value",""
"QCL","Crops and livestock products","356","India","5312","Area harvested","01233","Eggplants (aubergines)","2018","2018","ha","730000","A","Official value",""
"QCL","Crops and livestock products","356","India","5412","Yield","01233","Eggplants (aubergines)","2018","2018","kg/ha","17535.6","A","Official value",""
"QCL","Crops and livestock products","356","India","5510","Production","01233","Eggplants (aubergines)","2018","2018","t","12801000","A","Official value",""
"QCL","Crops and livestock products","356","India","5312","Area harvested","01233","Eggplants (aubergines)","2019","2019","ha","727000","A","Official value",""
"QCL","Crops and livestock products","356","India","5412","Yield","01233","Eggplants (aubergines)","2019","2019","kg/ha","17441.5","A","Official value",""
"QCL","Crops and livestock products","356","India","5510","Production","01233","Eggplants (aubergines)","2019","2019","t","12680000","A","Official value",""
"QCL","Crops and livestock products","356","India","5312","Area harvested","01233","Eggplants (aubergines)","2020","2020","ha","744000","A","Official value",""
"QCL","Crops and livestock products","356","India","5412","Yield","01233","Eggplants (aubergines)","2020","2020","kg/ha","17045.7","A","Official value",""
"QCL","Crops and livestock products","356","India","5510","Production","01233","Eggplants (aubergines)","2020","2020","t","12682000","A","Official value",""
"QCL","Crops and livestock products","356","India","5312","Area harvested","01233","Eggplants (aubergines)","2021","2021","ha","749000","A","Official value",""
"QCL","Crops and livestock products","356","India","5412","Yield","01233","Eggplants (aubergines)","2021","2021","kg/ha","17188.3","A","Official value",""
"QCL","Crops and livestock products","356","India","5510","Production","01233","Eggplants (aubergines)","2021","2021","t","12874000","A","Official value",""
"QCL","Crops and livestock products","356","India","5312","Area harvested","01233","Eggplants (aubergines)","2022","2022","ha","675000","A","Official value",""
"QCL","Crops and livestock products","356","India","5412","Yield","01233","Eggplants (aubergines)","2022","2022","kg/ha","18911.1","A","Official value",""
"QCL","Crops and livestock products","356","India","5510","Production","01233","Eggplants (aubergines)","2022","2022","t","12765000","A","Official value",""
"QCL","Crops and livestock products","356","India","5312","Area harvested","01233","Eggplants (aubergines)","2023","2023","ha","681000","A","Official value",""
"QCL","Crops and livestock products","356","India","5412","Yield","01233","Eggplants (aubergines)","2023","2023","kg/ha","18784.1","A","Official value",""
"QCL","Crops and livestock products","356","India","5510","Production","01233","Eggplants (aubergines)","2023","2023","t","12792000","A","Official value",""
"QCL","Crops and livestock products","356","India","5312","Area harvested","01315","Figs","2000","2000","ha","4543","I","Value imputed by a receiving agency",""
"QCL","Crops and livestock products","356","India","5412","Yield","01315","Figs","2000","2000","kg/ha","2311.3","E","Estimated value",""
"QCL","Crops and livestock products","356","India","5510","Production","01315","Figs","2000","2000","t","10500","E","Estimated value",""
"QCL","Crops and livestock products","356","India","5312","Area harvested","01315","Figs","2001","2001","ha","4751","I","Value imputed by a receiving agency",""
"QCL","Crops and livestock products","356","India","5412","Yield","01315","Figs","2001","2001","kg/ha","2314.8","E","Estimated value",""
"QCL","Crops and livestock products","356","India","5510","Production","01315","Figs","2001","2001","t","10998.28","I","Value imputed by a receiving agency",""
"QCL","Crops and livestock products","356","India","5312","Area harvested","01315","Figs","2002","2002","ha","4955","I","Value imputed by a receiving agency",""
"QCL","Crops and livestock products","356","India","5412","Yield","01315","Figs","2002","2002","kg/ha","2318.3","E","Estimated value",""
"QCL","Crops and livestock products","356","India","5510","Production","01315","Figs","2002","2002","t","11486.72","I","Value imputed by a receiving agency",""
"QCL","Crops and livestock products","356","India","5312","Area harvested","01315","Figs","2003","2003","ha","5153","I","Value imputed by a receiving agency",""
"QCL","Crops and livestock products","356","India","5412","Yield","01315","Figs","2003","2003","kg/ha","2321.7","E","Estimated value",""
"QCL","Crops and livestock products","356","India","5510","Production","01315","Figs","2003","2003","t","11964.75","I","Value imputed by a receiving agency",""
"QCL","Crops and livestock products","356","India","5312","Area harvested","01315","Figs","2004","2004","ha","5328","I","Value imputed by a receiving agency",""
"QCL","Crops and livestock products","356","India","5412","Yield","01315","Figs","2004","2004","kg/ha","2333.7","E","Estimated value",""
"QCL","Crops and livestock products","356","India","5510","Production","01315","Figs","2004","2004","t","12434.12","I","Value imputed by a receiving agency",""
"QCL","Crops and livestock products","356","India","5312","Area harvested","01315","Figs","2005","2005","ha","5366","I","Value imputed by a receiving agency",""
"QCL","Crops and livestock products","356","India","5412","Yield","01315","Figs","2005","2005","kg/ha","2354.2","E","Estimated value",""
"QCL","Crops and livestock products","356","India","5510","Production","01315","Figs","2005","2005","t","12632.59","I","Value imputed by a receiving agency",""
"QCL","Crops and livestock products","356","India","5312","Area harvested","01315","Figs","2006","2006","ha","5154","I","Value imputed by a receiving agency",""
"QCL","Crops and livestock products","356","India","5412","Yield","01315","Figs","2006","2006","kg/ha","2374.7","E","Estimated value",""
"QCL","Crops and livestock products","356","India","5510","Production","01315","Figs","2006","2006","t","12239.24","I","Value imputed by a receiving agency",""
"QCL","Crops and livestock products","356","India","5312","Area harvested","01315","Figs","2007","2007","ha","5356","I","Value imputed by a receiving agency",""
"QCL","Crops and livestock products","356","India","5412","Yield","01315","Figs","2007","2007","kg/ha","2395.2","E","Estimated value",""
"QCL","Crops and livestock products","356","India","5510","Production","01315","Figs","2007","2007","t","12829.44","I","Value imputed by a receiving agency",""
"QCL","Crops and livestock products","356","India","5312","Area harvested","01315","Figs","2010","2010","ha","5407","I","Value imputed by a receiving agency",""
"QCL","Crops and livestock products","356","India","5412","Yield","01315","Figs","2010","2010","kg/ha","2456.7","E","Estimated value",""
"QCL","Crops and livestock products","356","India","5510","Production","01315","Figs","2010","2010","t","13282.88","I","Value imputed by a receiving agency",""
"QCL","Crops and livestock products","356","India","5312","Area harvested","01315","Figs","2011","2011","ha","5451","I","Value imputed by a receiving agency",""
"QCL","Crops and livestock products","356","India","5412","Yield","01315","Figs","2011","2011","kg/ha","2477.2","E","Estimated value",""
"QCL","Crops and livestock products","356","India","5510","Production","01315","Figs","2011","2011","t","13502.7","I","Value imputed by a receiving agency",""
"QCL","Crops and livestock products","356","India","5312","Area harvested","01315","Figs","2012","2012","ha","5500","E","Estimated value",""
"QCL","Crops and livestock products","356","India","5412","Yield","01315","Figs","2012","2012","kg/ha","2497.7","E","Estimated value",""
"QCL","Crops and livestock products","356","India","5510","Production","01315","Figs","2012","2012","t","13737.36","I","Value imputed by a receiving agency",""
"QCL","Crops and livestock products","356","India","5312","Area harvested","01315","Figs","2013","2013","ha","5500","E","Estimated value",""
"QCL","Crops and livestock products","356","India","5412","Yield","01315","Figs","2013","2013","kg/ha","2518.2","E","Estimated value",""
"QCL","Crops and livestock products","356","India","5510","Production","01315","Figs","2013","2013","t","13850.09","I","Value imputed by a receiving agency",""
"QCL","Crops and livestock products","356","India","5312","Area harvested","01315","Figs","2014","2014","ha","5600","E","Estimated value",""
"QCL","Crops and livestock products","356","India","5412","Yield","01315","Figs","2014","2014","kg/ha","2525.9","E","Estimated value",""
"QCL","Crops and livestock products","356","India","5510","Production","01315","Figs","2014","2014","t","14144.94","I","Value imputed by a receiving agency",""
"QCL","Crops and livestock products","356","India","5312","Area harvested","01315","Figs","2015","2015","ha","5649","I","Value imputed by a receiving agency",""
"QCL","Crops and livestock products","356","India","5412","Yield","01315","Figs","2015","2015","kg/ha","2530.3","E","Estimated value",""
"QCL","Crops and livestock products","356","India","5510","Production","01315","Figs","2015","2015","t","14295.15","I","Value imputed by a receiving agency",""
"QCL","Crops and livestock products","356","India","5312","Area harvested","01315","Figs","2016","2016","ha","5650","I","Value imputed by a receiving agency",""
"QCL","Crops and livestock products","356","India","5412","Yield","01315","Figs","2016","2016","kg/ha","2540.7","E","Estimated value",""
"QCL","Crops and livestock products","356","India","5510","Production","01315","Figs","2016","2016","t","14354.24","I","Value imputed by a receiving agency",""
"QCL","Crops and livestock products","356","India","5312","Area harvested","01315","Figs","2017","2017","ha","5667","I","Value imputed by a receiving agency",""
"QCL","Crops and livestock products","356","India","5412","Yield","01315","Figs","2017","2017","kg/ha","2552.3","E","Estimated value",""
"QCL","Crops and livestock products","356","India","5510","Production","01315","Figs","2017","2017","t","14462.78","I","Value imputed by a receiving agency",""
"QCL","Crops and livestock products","356","India","5312","Area harvested","01315","Figs","2018","2018","ha","5691","I","Value imputed by a receiving agency",""
"QCL","Crops and livestock products","356","India","5412","Yield","01315","Figs","2018","2018","kg/ha","2560.8","E","Estimated value",""
"QCL","Crops and livestock products","356","India","5510","Production","01315","Figs","2018","2018","t","14574.59","I","Value imputed by a receiving agency",""
"QCL","Crops and livestock products","356","India","5312","Area harvested","01315","Figs","2019","2019","ha","5716","I","Value imputed by a receiving agency",""
"QCL","Crops and livestock products","356","India","5412","Yield","01315","Figs","2019","2019","kg/ha","2568.9","E","Estimated value",""
"QCL","Crops and livestock products","356","India","5510","Production","01315","Figs","2019","2019","t","14683.16","I","Value imputed by a receiving agency",""
"QCL","Crops and livestock products","356","India","5312","Area harvested","01315","Figs","2020","2020","ha","5758","I","Value imputed by a receiving agency",""
"QCL","Crops and livestock products","356","India","5412","Yield","01315","Figs","2020","2020","kg/ha","2576.1","E","Estimated value",""
"QCL","Crops and livestock products","356","India","5510","Production","01315","Figs","2020","2020","t","14833.44","I","Value imputed by a receiving agency",""
"QCL","Crops and livestock products","356","India","5312","Area harvested","01315","Figs","2021","2021","ha","5900","I","Value imputed by a receiving agency",""
"QCL","Crops and livestock products","356","India","5412","Yield","01315","Figs","2021","2021","kg/ha","2491.1","E","Estimated value",""
"QCL","Crops and livestock products","356","India","5510","Production","01315","Figs","2021","2021","t","14697.07","E","Estimated value",""
"QCL","Crops and livestock products","356","India","5312","Area harvested","01315","Figs","2022","2022","ha","5944","I","Value imputed by a receiving agency",""
"QCL","Crops and livestock products","356","India","5412","Yield","01315","Figs","2022","2022","kg/ha","2479.5","E","Estimated value",""
"QCL","Crops and livestock products","356","India","5510","Production","01315","Figs","2022","2022","t","14737.89","E","Estimated value",""
"QCL","Crops and livestock products","356","India","5312","Area harvested","01315","Figs","2023","2023","ha","5867","E","Estimated value",""
"QCL","Crops and livestock products","356","India","5412","Yield","01315","Figs","2023","2023","kg/ha","2515","E","Estimated value",""
"QCL","Crops and livestock products","356","India","5510","Production","01315","Figs","2023","2023","t","14756.13","E","Estimated value",""
"QCL","Crops and livestock products","356","India","5312","Area harvested","01657","Ginger, raw","2000","2000","ha","70000","A","Official value",""
"QCL","Crops and livestock products","356","India","5412","Yield","01657","Ginger, raw","2000","2000","kg/ha","3357.1","A","Official value",""
"QCL","Crops and livestock products","356","India","5510","Production","01657","Ginger, raw","2000","2000","t","235000","A","Official value",""
"QCL","Crops and livestock products","356","India","5312","Area harvested","01657","Ginger, raw","2001","2001","ha","70446","I","Value imputed by a receiving agency",""
"QCL","Crops and livestock products","356","India","5412","Yield","01657","Ginger, raw","2001","2001","kg/ha","3264.9","E","Estimated value",""
"QCL","Crops and livestock products","356","India","5510","Production","01657","Ginger, raw","2001","2001","t","230000","E","Estimated value",""
"QCL","Crops and livestock products","356","India","5312","Area harvested","01657","Ginger, raw","2002","2002","ha","83847","I","Value imputed by a receiving agency",""
"QCL","Crops and livestock products","356","India","5412","Yield","01657","Ginger, raw","2002","2002","kg/ha","3201.6","E","Estimated value",""
"QCL","Crops and livestock products","356","India","5510","Production","01657","Ginger, raw","2002","2002","t","268447.28","I","Value imputed by a receiving agency",""
"QCL","Crops and livestock products","356","India","5312","Area harvested","01657","Ginger, raw","2003","2003","ha","88200","A","Official value",""
"QCL","Crops and livestock products","356","India","5412","Yield","01657","Ginger, raw","2003","2003","kg/ha","3176.9","A","Official value",""
"QCL","Crops and livestock products","356","India","5510","Production","01657","Ginger, raw","2003","2003","t","280200","A","Official value",""
"QCL","Crops and livestock products","356","India","5312","Area harvested","01657","Ginger, raw","2004","2004","ha","85100","A","Official value",""
"QCL","Crops and livestock products","356","India","5412","Yield","01657","Ginger, raw","2004","2004","kg/ha","3547.6","A","Official value",""
"QCL","Crops and livestock products","356","India","5510","Production","01657","Ginger, raw","2004","2004","t","301900","A","Official value",""
"QCL","Crops and livestock products","356","India","5312","Area harvested","01657","Ginger, raw","2005","2005","ha","95300","A","Official value",""
"QCL","Crops and livestock products","356","India","5412","Yield","01657","Ginger, raw","2005","2005","kg/ha","3767.1","A","Official value",""
"QCL","Crops and livestock products","356","India","5510","Production","01657","Ginger, raw","2005","2005","t","359000","A","Official value",""
"QCL","Crops and livestock products","356","India","5312","Area harvested","01657","Ginger, raw","2006","2006","ha","110600","A","Official value",""
"QCL","Crops and livestock products","356","India","5412","Yield","01657","Ginger, raw","2006","2006","kg/ha","3537.1","A","Official value",""
"QCL","Crops and livestock products","356","India","5510","Production","01657","Ginger, raw","2006","2006","t","391200","A","Official value",""
"QCL","Crops and livestock products","356","India","5312","Area harvested","01657","Ginger, raw","2007","2007","ha","106100","A","Official value",""
"QCL","Crops and livestock products","356","India","5412","Yield","01657","Ginger, raw","2007","2007","kg/ha","3707.8","A","Official value",""
"QCL","Crops and livestock products","356","India","5510","Production","01657","Ginger, raw","2007","2007","t","393400","A","Official value",""
"QCL","Crops and livestock products","356","India","5312","Area harvested","01657","Ginger, raw","2010","2010","ha","107540","A","Official value",""
"QCL","Crops and livestock products","356","India","5412","Yield","01657","Ginger, raw","2010","2010","kg/ha","3583.1","A","Official value",""
"QCL","Crops and livestock products","356","India","5510","Production","01657","Ginger, raw","2010","2010","t","385330","A","Official value",""
"QCL","Crops and livestock products","356","India","5312","Area harvested","01657","Ginger, raw","2011","2011","ha","149100","A","Official value",""
"QCL","Crops and livestock products","356","India","5412","Yield","01657","Ginger, raw","2011","2011","kg/ha","4708.2","A","Official value",""
"QCL","Crops and livestock products","356","India","5510","Production","01657","Ginger, raw","2011","2011","t","702000","A","Official value",""
"QCL","Crops and livestock products","356","India","5312","Area harvested","01657","Ginger, raw","2012","2012","ha","155000","A","Official value",""
"QCL","Crops and livestock products","356","India","5412","Yield","01657","Ginger, raw","2012","2012","kg/ha","4877.4","A","Official value",""
"QCL","Crops and livestock products","356","India","5510","Production","01657","Ginger, raw","2012","2012","t","756000","A","Official value",""
"QCL","Crops and livestock products","356","India","5312","Area harvested","01657","Ginger, raw","2013","2013","ha","136000","A","Official value",""
"QCL","Crops and livestock products","356","India","5412","Yield","01657","Ginger, raw","2013","2013","kg/ha","5022.1","A","Official value",""
"QCL","Crops and livestock products","356","India","5510","Production","01657","Ginger, raw","2013","2013","t","683000","A","Official value",""
"QCL","Crops and livestock products","356","India","5312","Area harvested","01657","Ginger, raw","2014","2014","ha","133000","A","Official value",""
"QCL","Crops and livestock products","356","India","5412","Yield","01657","Ginger, raw","2014","2014","kg/ha","4924.8","A","Official value",""
"QCL","Crops and livestock products","356","India","5510","Production","01657","Ginger, raw","2014","2014","t","655000","A","Official value",""
"QCL","Crops and livestock products","356","India","5312","Area harvested","01657","Ginger, raw","2015","2015","ha","142000","A","Official value",""
"QCL","Crops and livestock products","356","India","5412","Yield","01657","Ginger, raw","2015","2015","kg/ha","5352.1","A","Official value",""
"QCL","Crops and livestock products","356","India","5510","Production","01657","Ginger, raw","2015","2015","t","760000","A","Official value",""
"QCL","Crops and livestock products","356","India","5312","Area harvested","01657","Ginger, raw","2016","2016","ha","165000","A","Official value",""
"QCL","Crops and livestock products","356","India","5412","Yield","01657","Ginger, raw","2016","2016","kg/ha","6721.2","A","Official value",""
"QCL","Crops and livestock products","356","India","5510","Production","01657","Ginger, raw","2016","2016","t","1109000","A","Official value",""
"QCL","Crops and livestock products","356","India","5312","Area harvested","01657","Ginger, raw","2017","2017","ha","168000","A","Official value",""
"QCL","Crops and livestock products","356","India","5412","Yield","01657","Ginger, raw","2017","2017","kg/ha","6369","A","Official value",""
"QCL","Crops and livestock products","356","India","5510","Production","01657","Ginger, raw","2017","2017","t","1070000","A","Official value",""
"QCL","Crops and livestock products","356","India","5312","Area harvested","01657","Ginger, raw","2018","2018","ha","165000","A","Official value",""
"QCL","Crops and livestock products","356","India","5412","Yield","01657","Ginger, raw","2018","2018","kg/ha","10678.8","A","Official value",""
"QCL","Crops and livestock products","356","India","5510","Production","01657","Ginger, raw","2018","2018","t","1762000","A","Official value",""
"QCL","Crops and livestock products","356","India","5312","Area harvested","01657","Ginger, raw","2019","2019","ha","164000","A","Official value",""
"QCL","Crops and livestock products","356","India","5412","Yield","01657","Ginger, raw","2019","2019","kg/ha","10902.4","A","Official value",""
"QCL","Crops and livestock products","356","India","5510","Production","01657","Ginger, raw","2019","2019","t","1788000","A","Official value",""
"QCL","Crops and livestock products","356","India","5312","Area harvested","01657","Ginger, raw","2020","2020","ha","178000","A","Official value",""
"QCL","Crops and livestock products","356","India","5412","Yield","01657","Ginger, raw","2020","2020","kg/ha","10494.4","A","Official value",""
"QCL","Crops and livestock products","356","India","5510","Production","01657","Ginger, raw","2020","2020","t","1868000","A","Official value",""
"QCL","Crops and livestock products","356","India","5312","Area harvested","01657","Ginger, raw","2021","2021","ha","205000","A","Official value",""
"QCL","Crops and livestock products","356","India","5412","Yield","01657","Ginger, raw","2021","2021","kg/ha","10853.7","A","Official value",""
"QCL","Crops and livestock products","356","India","5510","Production","01657","Ginger, raw","2021","2021","t","2225000","A","Official value",""
"QCL","Crops and livestock products","356","India","5312","Area harvested","01657","Ginger, raw","2022","2022","ha","210000","A","Official value",""
"QCL","Crops and livestock products","356","India","5412","Yield","01657","Ginger, raw","2022","2022","kg/ha","11919","A","Official value",""
"QCL","Crops and livestock products","356","India","5510","Production","01657","Ginger, raw","2022","2022","t","2503000","A","Official value",""
"QCL","Crops and livestock products","356","India","5312","Area harvested","01657","Ginger, raw","2023","2023","ha","191000","A","Official value",""
"QCL","Crops and livestock products","356","India","5412","Yield","01657","Ginger, raw","2023","2023","kg/ha","11523.6","A","Official value",""
"QCL","Crops and livestock products","356","India","5510","Production","01657","Ginger, raw","2023","2023","t","2201000","A","Official value",""
"QCL","Crops and livestock products","356","India","5312","Area harvested","01330","Grapes","2000","2000","ha","40000","A","Official value",""
"QCL","Crops and livestock products","356","India","5412","Yield","01330","Grapes","2000","2000","kg/ha","28250","A","Official value",""
"QCL","Crops and livestock products","356","India","5510","Production","01330","Grapes","2000","2000","t","1130000","A","Official value",""
"QCL","Crops and livestock products","356","India","5312","Area harvested","01330","Grapes","2001","2001","ha","50000","A","Official value",""
"QCL","Crops and livestock products","356","India","5412","Yield","01330","Grapes","2001","2001","kg/ha","21200","A","Official value",""
"QCL","Crops and livestock products","356","India","5510","Production","01330","Grapes","2001","2001","t","1060000","A","Official value",""
"QCL","Crops and livestock products","356","India","5312","Area harvested","01330","Grapes","2002","2002","ha","47500","A","Official value",""
"QCL","Crops and livestock products","356","India","5412","Yield","01330","Grapes","2002","2002","kg/ha","24930.5","A","Official value",""
"QCL","Crops and livestock products","356","India","5510","Production","01330","Grapes","2002","2002","t","1184200","A","Official value",""
"QCL","Crops and livestock products","356","India","5312","Area harvested","01330","Grapes","2003","2003","ha","52100","A","Official value",""
"QCL","Crops and livestock products","356","India","5412","Yield","01330","Grapes","2003","2003","kg/ha","23950.1","A","Official value",""
"QCL","Crops and livestock products","356","India","5510","Production","01330","Grapes","2003","2003","t","1247800","A","Official value",""
"QCL","Crops and livestock products","356","India","5312","Area harvested","01330","Grapes","2004","2004","ha","57800","A","Official value",""
"QCL","Crops and livestock products","356","India","5412","Yield","01330","Grapes","2004","2004","kg/ha","25515.6","A","Official value",""
"QCL","Crops and livestock products","356","India","5510","Production","01330","Grapes","2004","2004","t","1474800","A","Official value",""
"QCL","Crops and livestock products","356","India","5312","Area harvested","01330","Grapes","2005","2005","ha","60500","A","Official value",""
"QCL","Crops and livestock products","356","India","5412","Yield","01330","Grapes","2005","2005","kg/ha","25862.8","A","Official value",""
"QCL","Crops and livestock products","356","India","5510","Production","01330","Grapes","2005","2005","t","1564700","A","Official value",""
"QCL","Crops and livestock products","356","India","5312","Area harvested","01330","Grapes","2006","2006","ha","66000","A","Official value",""
"QCL","Crops and livestock products","356","India","5412","Yield","01330","Grapes","2006","2006","kg/ha","24993.9","A","Official value",""
"QCL","Crops and livestock products","356","India","5510","Production","01330","Grapes","2006","2006","t","1649600","A","Official value",""
"QCL","Crops and livestock products","356","India","5312","Area harvested","01330","Grapes","2007","2007","ha","65000","A","Official value",""
"QCL","Crops and livestock products","356","India","5412","Yield","01330","Grapes","2007","2007","kg/ha","25927.7","A","Official value",""
"QCL","Crops and livestock products","356","India","5510","Production","01330","Grapes","2007","2007","t","1685300","A","Official value",""
"QCL","Crops and livestock products","356","India","5312","Area harvested","01330","Grapes","2010","2010","ha","106400","A","Official value",""
"QCL","Crops and livestock products","356","India","5412","Yield","01330","Grapes","2010","2010","kg/ha","8277.3","A","Official value",""
"QCL","Crops and livestock products","356","India","5510","Production","01330","Grapes","2010","2010","t","880700","A","Official value",""
"QCL","Crops and livestock products","356","India","5312","Area harvested","01330","Grapes","2011","2011","ha","111000","A","Official value",""
"QCL","Crops and livestock products","356","India","5412","Yield","01330","Grapes","2011","2011","kg/ha","11126.1","A","Official value",""
"QCL","Crops and livestock products","356","India","5510","Production","01330","Grapes","2011","2011","t","1235000","A","Official value",""
"QCL","Crops and livestock products","356","India","5312","Area harvested","01330","Grapes","2012","2012","ha","116000","A","Official value",""
"QCL","Crops and livestock products","356","India","5412","Yield","01330","Grapes","2012","2012","kg/ha","19146.6","A","Official value",""
"QCL","Crops and livestock products","356","India","5510","Production","01330","Grapes","2012","2012","t","2221000","A","Official value",""
"QCL","Crops and livestock products","356","India","5312","Area harvested","01330","Grapes","2013","2013","ha","118000","A","Official value",""
"QCL","Crops and livestock products","356","India","5412","Yield","01330","Grapes","2013","2013","kg/ha","21042.4","A","Official value",""
"QCL","Crops and livestock products","356","India","5510","Production","01330","Grapes","2013","2013","t","2483000","A","Official value",""
"QCL","Crops and livestock products","356","India","5312","Area harvested","01330","Grapes","2014","2014","ha","118740","A","Official value",""
"QCL","Crops and livestock products","356","India","5412","Yield","01330","Grapes","2014","2014","kg/ha","21773.1","A","Official value",""
"QCL","Crops and livestock products","356","India","5510","Production","01330","Grapes","2014","2014","t","2585340","A","Official value",""
"QCL","Crops and livestock products","356","India","5312","Area harvested","01330","Grapes","2015","2015","ha","120000","A","Official value",""
"QCL","Crops and livestock products","356","India","5412","Yield","01330","Grapes","2015","2015","kg/ha","21683.3","A","Official value",""
"QCL","Crops and livestock products","356","India","5510","Production","01330","Grapes","2015","2015","t","2602000","A","Official value",""
"QCL","Crops and livestock products","356","India","5312","Area harvested","01330","Grapes","2016","2016","ha","122000","A","Official value",""
"QCL","Crops and livestock products","356","India","5412","Yield","01330","Grapes","2016","2016","kg/ha","21229.5","A","Official value",""
"QCL","Crops and livestock products","356","India","5510","Production","01330","Grapes","2016","2016","t","2590000","A","Official value",""
"QCL","Crops and livestock products","356","India","5312","Area harvested","01330","Grapes","2017","2017","ha","137000","A","Official value",""
"QCL","Crops and livestock products","356","India","5412","Yield","01330","Grapes","2017","2017","kg/ha","21328.5","A","Official value",""
"QCL","Crops and livestock products","356","India","5510","Production","01330","Grapes","2017","2017","t","2922000","A","Official value",""
"QCL","Crops and livestock products","356","India","5312","Area harvested","01330","Grapes","2018","2018","ha","139000","A","Official value",""
"QCL","Crops and livestock products","356","India","5412","Yield","01330","Grapes","2018","2018","kg/ha","21007.2","A","Official value",""
"QCL","Crops and livestock products","356","India","5510","Production","01330","Grapes","2018","2018","t","2920000","A","Official value",""
"QCL","Crops and livestock products","356","India","5312","Area harvested","01330","Grapes","2019","2019","ha","140000","A","Official value",""
"QCL","Crops and livestock products","356","India","5412","Yield","01330","Grapes","2019","2019","kg/ha","21721.4","A","Official value",""
"QCL","Crops and livestock products","356","India","5510","Production","01330","Grapes","2019","2019","t","3041000","A","Official value",""
"QCL","Crops and livestock products","356","India","5312","Area harvested","01330","Grapes","2020","2020","ha","150000","A","Official value",""
"QCL","Crops and livestock products","356","India","5412","Yield","01330","Grapes","2020","2020","kg/ha","21206.7","A","Official value",""
"QCL","Crops and livestock products","356","India","5510","Production","01330","Grapes","2020","2020","t","3181000","A","Official value",""
"QCL","Crops and livestock products","356","India","5312","Area harvested","01330","Grapes","2021","2021","ha","155000","A","Official value",""
"QCL","Crops and livestock products","356","India","5412","Yield","01330","Grapes","2021","2021","kg/ha","21664.5","A","Official value",""
"QCL","Crops and livestock products","356","India","5510","Production","01330","Grapes","2021","2021","t","3358000","A","Official value",""
"QCL","Crops and livestock products","356","India","5312","Area harvested","01330","Grapes","2022","2022","ha","163000","A","Official value",""
"QCL","Crops and livestock products","356","India","5412","Yield","01330","Grapes","2022","2022","kg/ha","20865","A","Official value",""
"QCL","Crops and livestock products","356","India","5510","Production","01330","Grapes","2022","2022","t","3401000","A","Official value",""
"QCL","Crops and livestock products","356","India","5312","Area harvested","01330","Grapes","2023","2023","ha","169000","A","Official value",""
"QCL","Crops and livestock products","356","India","5412","Yield","01330","Grapes","2023","2023","kg/ha","22130.2","A","Official value",""
"QCL","Crops and livestock products","356","India","5510","Production","01330","Grapes","2023","2023","t","3740000","A","Official value",""
"QCL","Crops and livestock products","356","India","5312","Area harvested","01252","Green garlic","2000","2000","ha","124600","A","Official value",""
"QCL","Crops and livestock products","356","India","5412","Yield","01252","Green garlic","2000","2000","kg/ha","4210.3","A","Official value",""
"QCL","Crops and livestock products","356","India","5510","Production","01252","Green garlic","2000","2000","t","524600","A","Official value",""
"QCL","Crops and livestock products","356","India","5312","Area harvested","01252","Green garlic","2001","2001","ha","120000","E","Estimated value",""
"QCL","Crops and livestock products","356","India","5412","Yield","01252","Green garlic","2001","2001","kg/ha","4140","E","Estimated value",""
"QCL","Crops and livestock products","356","India","5510","Production","01252","Green garlic","2001","2001","t","496800","X","Value from external organization","Unofficial figure"
"QCL","Crops and livestock products","356","India","5312","Area harvested","01252","Green garlic","2002","2002","ha","113954","I","Value imputed by a receiving agency",""
"QCL","Crops and livestock products","356","India","5412","Yield","01252","Green garlic","2002","2002","kg/ha","4387.7","E","Estimated value",""
"QCL","Crops and livestock products","356","India","5510","Production","01252","Green garlic","2002","2002","t","500000","E","Estimated value",""
"QCL","Crops and livestock products","356","India","5312","Area harvested","01252","Green garlic","2003","2003","ha","111500","A","Official value",""
"QCL","Crops and livestock products","356","India","5412","Yield","01252","Green garlic","2003","2003","kg/ha","4098.7","A","Official value",""
"QCL","Crops and livestock products","356","India","5510","Production","01252","Green garlic","2003","2003","t","457000","A","Official value",""
"QCL","Crops and livestock products","356","India","5312","Area harvested","01252","Green garlic","2004","2004","ha","138900","A","Official value",""
"QCL","Crops and livestock products","356","India","5412","Yield","01252","Green garlic","2004","2004","kg/ha","4975.5","A","Official value",""
"QCL","Crops and livestock products","356","India","5510","Production","01252","Green garlic","2004","2004","t","691100","A","Official value",""
"QCL","Crops and livestock products","356","India","5312","Area harvested","01252","Green garlic","2005","2005","ha","144100","A","Official value",""
"QCL","Crops and livestock products","356","India","5412","Yield","01252","Green garlic","2005","2005","kg/ha","4487.2","A","Official value",""
"QCL","Crops and livestock products","356","India","5510","Production","01252","Green garlic","2005","2005","t","646600","A","Official value",""
"QCL","Crops and livestock products","356","India","5312","Area harvested","01252","Green garlic","2006","2006","ha","134900","A","Official value",""
"QCL","Crops and livestock products","356","India","5412","Yield","01252","Green garlic","2006","2006","kg/ha","4434.4","A","Official value",""
"QCL","Crops and livestock products","356","India","5510","Production","01252","Green garlic","2006","2006","t","598200","A","Official value",""
"QCL","Crops and livestock products","356","India","5312","Area harvested","01252","Green garlic","2007","2007","ha","159200","A","Official value",""
"QCL","Crops and livestock products","356","India","5412","Yield","01252","Green garlic","2007","2007","kg/ha","4876.3","A","Official value",""
"QCL","Crops and livestock products","356","India","5510","Production","01252","Green garlic","2007","2007","t","776300","A","Official value",""
"QCL","Crops and livestock products","356","India","5312","Area harvested","01252","Green garlic","2010","2010","ha","164860","A","Official value",""
"QCL","Crops and livestock products","356","India","5412","Yield","01252","Green garlic","2010","2010","kg/ha","5058.7","A","Official value",""
"QCL","Crops and livestock products","356","India","5510","Production","01252","Green garlic","2010","2010","t","833970","A","Official value",""
"QCL","Crops and livestock products","356","India","5312","Area harvested","01252","Green garlic","2011","2011","ha","200600","A","Official value",""
"QCL","Crops and livestock products","356","India","5412","Yield","01252","Green garlic","2011","2011","kg/ha","5273.2","A","Official value",""
"QCL","Crops and livestock products","356","India","5510","Production","01252","Green garlic","2011","2011","t","1057800","A","Official value",""
"QCL","Crops and livestock products","356","India","5312","Area harvested","01252","Green garlic","2012","2012","ha","242000","A","Official value",""
"QCL","Crops and livestock products","356","India","5412","Yield","01252","Green garlic","2012","2012","kg/ha","5074.4","A","Official value",""
"QCL","Crops and livestock products","356","India","5510","Production","01252","Green garlic","2012","2012","t","1228000","A","Official value",""
"QCL","Crops and livestock products","356","India","5312","Area harvested","01252","Green garlic","2013","2013","ha","248000","A","Official value",""
"QCL","Crops and livestock products","356","India","5412","Yield","01252","Green garlic","2013","2013","kg/ha","5076.6","A","Official value",""
"QCL","Crops and livestock products","356","India","5510","Production","01252","Green garlic","2013","2013","t","1259000","A","Official value",""
"QCL","Crops and livestock products","356","India","5312","Area harvested","01252","Green garlic","2014","2014","ha","231000","A","Official value",""
"QCL","Crops and livestock products","356","India","5412","Yield","01252","Green garlic","2014","2014","kg/ha","5419.9","A","Official value",""
"QCL","Crops and livestock products","356","India","5510","Production","01252","Green garlic","2014","2014","t","1252000","A","Official value",""
"QCL","Crops and livestock products","356","India","5312","Area harvested","01252","Green garlic","2015","2015","ha","262000","A","Official value",""
"QCL","Crops and livestock products","356","India","5412","Yield","01252","Green garlic","2015","2015","kg/ha","5438.9","A","Official value",""
"QCL","Crops and livestock products","356","India","5510","Production","01252","Green garlic","2015","2015","t","1425000","A","Official value",""
"QCL","Crops and livestock products","356","India","5312","Area harvested","01252","Green garlic","2016","2016","ha","281000","A","Official value",""
"QCL","Crops and livestock products","356","India","5412","Yield","01252","Green garlic","2016","2016","kg/ha","5754.4","A","Official value",""
"QCL","Crops and livestock products","356","India","5510","Production","01252","Green garlic","2016","2016","t","1617000","A","Official value",""
"QCL","Crops and livestock products","356","India","5312","Area harvested","01252","Green garlic","2017","2017","ha","321000","A","Official value",""
"QCL","Crops and livestock products","356","India","5412","Yield","01252","Green garlic","2017","2017","kg/ha","5274.1","A","Official value",""
"QCL","Crops and livestock products","356","India","5510","Production","01252","Green garlic","2017","2017","t","1693000","A","Official value",""
"QCL","Crops and livestock products","356","India","5312","Area harvested","01252","Green garlic","2018","2018","ha","317000","A","Official value",""
"QCL","Crops and livestock products","356","India","5412","Yield","01252","Green garlic","2018","2018","kg/ha","5082","A","Official value",""
"QCL","Crops and livestock products","356","India","5510","Production","01252","Green garlic","2018","2018","t","1611000","A","Official value",""
"QCL","Crops and livestock products","356","India","5312","Area harvested","01252","Green garlic","2019","2019","ha","358000","A","Official value",""
"QCL","Crops and livestock products","356","India","5412","Yield","01252","Green garlic","2019","2019","kg/ha","8128.5","A","Official value",""
"QCL","Crops and livestock products","356","India","5510","Production","01252","Green garlic","2019","2019","t","2910000","A","Official value",""
"QCL","Crops and livestock products","356","India","5312","Area harvested","01252","Green garlic","2020","2020","ha","352000","A","Official value",""
"QCL","Crops and livestock products","356","India","5412","Yield","01252","Green garlic","2020","2020","kg/ha","8309.7","A","Official value",""
"QCL","Crops and livestock products","356","India","5510","Production","01252","Green garlic","2020","2020","t","2925000","A","Official value",""
"QCL","Crops and livestock products","356","India","5312","Area harvested","01252","Green garlic","2021","2021","ha","392000","A","Official value",""
"QCL","Crops and livestock products","356","India","5412","Yield","01252","Green garlic","2021","2021","kg/ha","8137.8","A","Official value",""
"QCL","Crops and livestock products","356","India","5510","Production","01252","Green garlic","2021","2021","t","3190000","A","Official value",""
"QCL","Crops and livestock products","356","India","5312","Area harvested","01252","Green garlic","2022","2022","ha","393000","A","Official value",""
"QCL","Crops and livestock products","356","India","5412","Yield","01252","Green garlic","2022","2022","kg/ha","8162.8","A","Official value",""
"QCL","Crops and livestock products","356","India","5510","Production","01252","Green garlic","2022","2022","t","3208000","A","Official value",""
"QCL","Crops and livestock products","356","India","5312","Area harvested","01252","Green garlic","2023","2023","ha","389000","A","Official value",""
"QCL","Crops and livestock products","356","India","5412","Yield","01252","Green garlic","2023","2023","kg/ha","8524.4","A","Official value",""
"QCL","Crops and livestock products","356","India","5510","Production","01252","Green garlic","2023","2023","t","3316000","A","Official value",""
"QCL","Crops and livestock products","356","India","5510","Production","23913","Green tea (not fermented), black tea (fermented) and partly fermented tea, in immediate packings of a content not exceeding 3 kg","2010","2010","t","991182","A","Official value",""
"QCL","Crops and livestock products","356","India","5510","Production","23913","Green tea (not fermented), black tea (fermented) and partly fermented tea, in immediate packings of a content not exceeding 3 kg","2011","2011","t","1095460","A","Official value",""
"QCL","Crops and livestock products","356","India","5510","Production","23913","Green tea (not fermented), black tea (fermented) and partly fermented tea, in immediate packings of a content not exceeding 3 kg","2012","2012","t","1135070","A","Official value",""
"QCL","Crops and livestock products","356","India","5510","Production","23913","Green tea (not fermented), black tea (fermented) and partly fermented tea, in immediate packings of a content not exceeding 3 kg","2013","2013","t","1208780","A","Official value",""
"QCL","Crops and livestock products","356","India","5510","Production","23913","Green tea (not fermented), black tea (fermented) and partly fermented tea, in immediate packings of a content not exceeding 3 kg","2014","2014","t","1207310","A","Official value",""
"QCL","Crops and livestock products","356","India","5510","Production","23913","Green tea (not fermented), black tea (fermented) and partly fermented tea, in immediate packings of a content not exceeding 3 kg","2015","2015","t","1233140","A","Official value",""
"QCL","Crops and livestock products","356","India","5510","Production","23913","Green tea (not fermented), black tea (fermented) and partly fermented tea, in immediate packings of a content not exceeding 3 kg","2016","2016","t","1250490","A","Official value",""
"QCL","Crops and livestock products","356","India","5510","Production","23913","Green tea (not fermented), black tea (fermented) and partly fermented tea, in immediate packings of a content not exceeding 3 kg","2017","2017","t","1325050","A","Official value",""
"QCL","Crops and livestock products","356","India","5510","Production","23913","Green tea (not fermented), black tea (fermented) and partly fermented tea, in immediate packings of a content not exceeding 3 kg","2018","2018","t","1338630","A","Official value",""
"QCL","Crops and livestock products","356","India","5510","Production","23913","Green tea (not fermented), black tea (fermented) and partly fermented tea, in immediate packings of a content not exceeding 3 kg","2019","2019","t","1390080","A","Official value",""
"QCL","Crops and livestock products","356","India","5510","Production","23913","Green tea (not fermented), black tea (fermented) and partly fermented tea, in immediate packings of a content not exceeding 3 kg","2020","2020","t","1261545","A","Official value",""
"QCL","Crops and livestock products","356","India","5510","Production","23913","Green tea (not fermented), black tea (fermented) and partly fermented tea, in immediate packings of a content not exceeding 3 kg","2021","2021","t","1348748","A","Official value",""
"QCL","Crops and livestock products","356","India","5510","Production","23913","Green tea (not fermented), black tea (fermented) and partly fermented tea, in immediate packings of a content not exceeding 3 kg","2022","2022","t","1372835","A","Official value",""
"QCL","Crops and livestock products","356","India","5510","Production","23913","Green tea (not fermented), black tea (fermented) and partly fermented tea, in immediate packings of a content not exceeding 3 kg","2023","2023","t","1399840","A","Official value",""
"QCL","Crops and livestock products","356","India","5510","Production","2162","Groundnut oil","2000","2000","t","1474000","A","Official value",""
"QCL","Crops and livestock products","356","India","5510","Production","2162","Groundnut oil","2001","2001","t","1616000","A","Official value",""
"QCL","Crops and livestock products","356","India","5510","Production","2162","Groundnut oil","2002","2002","t","948000","A","Official value",""
"QCL","Crops and livestock products","356","India","5510","Production","2162","Groundnut oil","2003","2003","t","1869000","A","Official value",""
"QCL","Crops and livestock products","356","India","5510","Production","2162","Groundnut oil","2004","2004","t","1558000","A","Official value",""
"QCL","Crops and livestock products","356","India","5510","Production","2162","Groundnut oil","2005","2005","t","1838000","A","Official value",""
"QCL","Crops and livestock products","356","India","5510","Production","2162","Groundnut oil","2006","2006","t","1119000","A","Official value",""
"QCL","Crops and livestock products","356","India","5510","Production","2162","Groundnut oil","2007","2007","t","2112000","A","Official value",""
"QCL","Crops and livestock products","356","India","5510","Production","2162","Groundnut oil","2010","2010","t","1901000","A","Official value",""
"QCL","Crops and livestock products","356","India","5510","Production","2162","Groundnut oil","2011","2011","t","1602000","A","Official value",""
"QCL","Crops and livestock products","356","India","5510","Production","2162","Groundnut oil","2012","2012","t","1080000","A","Official value",""
"QCL","Crops and livestock products","356","India","5510","Production","2162","Groundnut oil","2013","2013","t","2234000","A","Official value",""
"QCL","Crops and livestock products","356","India","5510","Production","2162","Groundnut oil","2014","2014","t","1702000","A","Official value",""
"QCL","Crops and livestock products","356","India","5510","Production","2162","Groundnut oil","2015","2015","t","1527000","A","Official value",""
"QCL","Crops and livestock products","356","India","5510","Production","2162","Groundnut oil","2016","2016","t","2474000","A","Official value",""
"QCL","Crops and livestock products","356","India","5510","Production","2162","Groundnut oil","2017","2017","t","2581000","A","Official value",""
"QCL","Crops and livestock products","356","India","5510","Production","2162","Groundnut oil","2018","2018","t","2897000","A","Official value",""
"QCL","Crops and livestock products","356","India","5510","Production","2162","Groundnut oil","2019","2019","t","2828000","A","Official value",""
"QCL","Crops and livestock products","356","India","5510","Production","2162","Groundnut oil","2020","2020","t","2323000","A","Official value",""
"QCL","Crops and livestock products","356","India","5510","Production","2162","Groundnut oil","2021","2021","t","2299000","A","Official value",""
"QCL","Crops and livestock products","356","India","5510","Production","2162","Groundnut oil","2022","2022","t","2335000","A","Official value",""
"QCL","Crops and livestock products","356","India","5510","Production","2162","Groundnut oil","2023","2023","t","2309000","A","Official value",""
"QCL","Crops and livestock products","356","India","5312","Area harvested","0142","Groundnuts, excluding shelled","2000","2000","ha","6763700","A","Official value",""
"QCL","Crops and livestock products","356","India","5412","Yield","0142","Groundnuts, excluding shelled","2000","2000","kg/ha","940.3","A","Official value",""
"QCL","Crops and livestock products","356","India","5510","Production","0142","Groundnuts, excluding shelled","2000","2000","t","6360000","A","Official value",""
"QCL","Crops and livestock products","356","India","5312","Area harvested","0142","Groundnuts, excluding shelled","2001","2001","ha","6314402","A","Official value",""
"QCL","Crops and livestock products","356","India","5412","Yield","0142","Groundnuts, excluding shelled","2001","2001","kg/ha","1127.9","A","Official value",""
"QCL","Crops and livestock products","356","India","5510","Production","0142","Groundnuts, excluding shelled","2001","2001","t","7122251.46","A","Official value",""
"QCL","Crops and livestock products","356","India","5312","Area harvested","0142","Groundnuts, excluding shelled","2002","2002","ha","6049498","A","Official value",""
"QCL","Crops and livestock products","356","India","5412","Yield","0142","Groundnuts, excluding shelled","2002","2002","kg/ha","743.9","A","Official value",""
"QCL","Crops and livestock products","356","India","5510","Production","0142","Groundnuts, excluding shelled","2002","2002","t","4500048.54","A","Official value",""
"QCL","Crops and livestock products","356","India","5312","Area harvested","0142","Groundnuts, excluding shelled","2003","2003","ha","5859300","A","Official value",""
"QCL","Crops and livestock products","356","India","5412","Yield","0142","Groundnuts, excluding shelled","2003","2003","kg/ha","1345.9","A","Official value",""
"QCL","Crops and livestock products","356","India","5510","Production","0142","Groundnuts, excluding shelled","2003","2003","t","7885800","A","Official value",""
"QCL","Crops and livestock products","356","India","5312","Area harvested","0142","Groundnuts, excluding shelled","2004","2004","ha","6577100","A","Official value",""
"QCL","Crops and livestock products","356","India","5412","Yield","0142","Groundnuts, excluding shelled","2004","2004","kg/ha","992.7","A","Official value",""
"QCL","Crops and livestock products","356","India","5510","Production","0142","Groundnuts, excluding shelled","2004","2004","t","6529100","A","Official value",""
"QCL","Crops and livestock products","356","India","5312","Area harvested","0142","Groundnuts, excluding shelled","2005","2005","ha","6593800","A","Official value",""
"QCL","Crops and livestock products","356","India","5412","Yield","0142","Groundnuts, excluding shelled","2005","2005","kg/ha","1184.5","A","Official value",""
"QCL","Crops and livestock products","356","India","5510","Production","0142","Groundnuts, excluding shelled","2005","2005","t","7810200","A","Official value",""
"QCL","Crops and livestock products","356","India","5312","Area harvested","0142","Groundnuts, excluding shelled","2006","2006","ha","5776600","A","Official value",""
"QCL","Crops and livestock products","356","India","5412","Yield","0142","Groundnuts, excluding shelled","2006","2006","kg/ha","863.8","A","Official value",""
"QCL","Crops and livestock products","356","India","5510","Production","0142","Groundnuts, excluding shelled","2006","2006","t","4989600","A","Official value",""
"QCL","Crops and livestock products","356","India","5312","Area harvested","0142","Groundnuts, excluding shelled","2007","2007","ha","6146900","A","Official value",""
"QCL","Crops and livestock products","356","India","5412","Yield","0142","Groundnuts, excluding shelled","2007","2007","kg/ha","1453","A","Official value",""
"QCL","Crops and livestock products","356","India","5510","Production","0142","Groundnuts, excluding shelled","2007","2007","t","8931700","A","Official value",""
"QCL","Crops and livestock products","356","India","5312","Area harvested","0142","Groundnuts, excluding shelled","2010","2010","ha","5838926","A","Official value",""
"QCL","Crops and livestock products","356","India","5412","Yield","0142","Groundnuts, excluding shelled","2010","2010","kg/ha","1407.8","A","Official value",""
"QCL","Crops and livestock products","356","India","5510","Production","0142","Groundnuts, excluding shelled","2010","2010","t","8220044","A","Official value",""
"QCL","Crops and livestock products","356","India","5312","Area harvested","0142","Groundnuts, excluding shelled","2011","2011","ha","5194787","A","Official value",""
"QCL","Crops and livestock products","356","India","5412","Yield","0142","Groundnuts, excluding shelled","2011","2011","kg/ha","1299.2","A","Official value",""
"QCL","Crops and livestock products","356","India","5510","Production","0142","Groundnuts, excluding shelled","2011","2011","t","6748930","A","Official value",""
"QCL","Crops and livestock products","356","India","5312","Area harvested","0142","Groundnuts, excluding shelled","2012","2012","ha","4878786","A","Official value",""
"QCL","Crops and livestock products","356","India","5412","Yield","0142","Groundnuts, excluding shelled","2012","2012","kg/ha","1030","A","Official value",""
"QCL","Crops and livestock products","356","India","5510","Production","0142","Groundnuts, excluding shelled","2012","2012","t","5024979","A","Official value",""
"QCL","Crops and livestock products","356","India","5312","Area harvested","0142","Groundnuts, excluding shelled","2013","2013","ha","5435277","A","Official value",""
"QCL","Crops and livestock products","356","India","5412","Yield","0142","Groundnuts, excluding shelled","2013","2013","kg/ha","1759.8","A","Official value",""
"QCL","Crops and livestock products","356","India","5510","Production","0142","Groundnuts, excluding shelled","2013","2013","t","9565085","A","Official value",""
"QCL","Crops and livestock products","356","India","5312","Area harvested","0142","Groundnuts, excluding shelled","2014","2014","ha","4873290","A","Official value",""
"QCL","Crops and livestock products","356","India","5412","Yield","0142","Groundnuts, excluding shelled","2014","2014","kg/ha","1556.7","A","Official value",""
"QCL","Crops and livestock products","356","India","5510","Production","0142","Groundnuts, excluding shelled","2014","2014","t","7586420","A","Official value",""
"QCL","Crops and livestock products","356","India","5312","Area harvested","0142","Groundnuts, excluding shelled","2015","2015","ha","4592970","A","Official value",""
"QCL","Crops and livestock products","356","India","5412","Yield","0142","Groundnuts, excluding shelled","2015","2015","kg/ha","1489","A","Official value",""
"QCL","Crops and livestock products","356","India","5510","Production","0142","Groundnuts, excluding shelled","2015","2015","t","6838734.6","A","Official value",""
"QCL","Crops and livestock products","356","India","5312","Area harvested","0142","Groundnuts, excluding shelled","2016","2016","ha","5336989","A","Official value",""
"QCL","Crops and livestock products","356","India","5412","Yield","0142","Groundnuts, excluding shelled","2016","2016","kg/ha","1389.1","A","Official value",""
"QCL","Crops and livestock products","356","India","5510","Production","0142","Groundnuts, excluding shelled","2016","2016","t","7413461.75","A","Official value",""
"QCL","Crops and livestock products","356","India","5312","Area harvested","0142","Groundnuts, excluding shelled","2017","2017","ha","4901613","A","Official value",""
"QCL","Crops and livestock products","356","India","5412","Yield","0142","Groundnuts, excluding shelled","2017","2017","kg/ha","1838","A","Official value",""
"QCL","Crops and livestock products","356","India","5510","Production","0142","Groundnuts, excluding shelled","2017","2017","t","9009250.45","A","Official value",""
"QCL","Crops and livestock products","356","India","5312","Area harvested","0142","Groundnuts, excluding shelled","2018","2018","ha","4877613","A","Official value",""
"QCL","Crops and livestock products","356","India","5412","Yield","0142","Groundnuts, excluding shelled","2018","2018","kg/ha","1444.2","A","Official value",""
"QCL","Crops and livestock products","356","India","5510","Production","0142","Groundnuts, excluding shelled","2018","2018","t","7044182.42","A","Official value",""
"QCL","Crops and livestock products","356","India","5312","Area harvested","0142","Groundnuts, excluding shelled","2019","2019","ha","4759309","A","Official value",""
"QCL","Crops and livestock products","356","India","5412","Yield","0142","Groundnuts, excluding shelled","2019","2019","kg/ha","2044.2","A","Official value",""
"QCL","Crops and livestock products","356","India","5510","Production","0142","Groundnuts, excluding shelled","2019","2019","t","9729153.53","A","Official value",""
"QCL","Crops and livestock products","356","India","5312","Area harvested","0142","Groundnuts, excluding shelled","2020","2020","ha","5836201","A","Official value",""
"QCL","Crops and livestock products","356","India","5412","Yield","0142","Groundnuts, excluding shelled","2020","2020","kg/ha","1729.1","A","Official value",""
"QCL","Crops and livestock products","356","India","5510","Production","0142","Groundnuts, excluding shelled","2020","2020","t","10091481.06","A","Official value",""
"QCL","Crops and livestock products","356","India","5312","Area harvested","0142","Groundnuts, excluding shelled","2021","2021","ha","5756262","A","Official value",""
"QCL","Crops and livestock products","356","India","5412","Yield","0142","Groundnuts, excluding shelled","2021","2021","kg/ha","1763.3","A","Official value",""
"QCL","Crops and livestock products","356","India","5510","Production","0142","Groundnuts, excluding shelled","2021","2021","t","10150062.65","A","Official value",""
"QCL","Crops and livestock products","356","India","5312","Area harvested","0142","Groundnuts, excluding shelled","2022","2022","ha","5054547","A","Official value",""
"QCL","Crops and livestock products","356","India","5412","Yield","0142","Groundnuts, excluding shelled","2022","2022","kg/ha","2030.3","A","Official value",""
"QCL","Crops and livestock products","356","India","5510","Production","0142","Groundnuts, excluding shelled","2022","2022","t","10262311.03","A","Official value",""
"QCL","Crops and livestock products","356","India","5312","Area harvested","0142","Groundnuts, excluding shelled","2023","2023","ha","4742079","A","Official value",""
"QCL","Crops and livestock products","356","India","5412","Yield","0142","Groundnuts, excluding shelled","2023","2023","kg/ha","2192.1","A","Official value",""
"QCL","Crops and livestock products","356","India","5510","Production","0142","Groundnuts, excluding shelled","2023","2023","t","10395061.13","A","Official value",""
"QCL","Crops and livestock products","356","India","5312","Area harvested","01922.01","Jute, raw or retted","2000","2000","ha","827900","A","Official value",""
"QCL","Crops and livestock products","356","India","5412","Yield","01922.01","Jute, raw or retted","2000","2000","kg/ha","2025.7","A","Official value",""
"QCL","Crops and livestock products","356","India","5510","Production","01922.01","Jute, raw or retted","2000","2000","t","1677060","A","Official value",""
"QCL","Crops and livestock products","356","India","5312","Area harvested","01922.01","Jute, raw or retted","2001","2001","ha","873100","A","Official value",""
"QCL","Crops and livestock products","356","India","5412","Yield","01922.01","Jute, raw or retted","2001","2001","kg/ha","2182","A","Official value",""
"QCL","Crops and livestock products","356","India","5510","Production","01922.01","Jute, raw or retted","2001","2001","t","1905102","A","Official value",""
"QCL","Crops and livestock products","356","India","5312","Area harvested","01922.01","Jute, raw or retted","2002","2002","ha","864500","A","Official value",""
"QCL","Crops and livestock products","356","India","5412","Yield","01922.01","Jute, raw or retted","2002","2002","kg/ha","2144.4","A","Official value",""
"QCL","Crops and livestock products","356","India","5510","Production","01922.01","Jute, raw or retted","2002","2002","t","1853838","A","Official value",""
"QCL","Crops and livestock products","356","India","5312","Area harvested","01922.01","Jute, raw or retted","2003","2003","ha","849000","A","Official value",""
"QCL","Crops and livestock products","356","India","5412","Yield","01922.01","Jute, raw or retted","2003","2003","kg/ha","2173.1","A","Official value",""
"QCL","Crops and livestock products","356","India","5510","Production","01922.01","Jute, raw or retted","2003","2003","t","1845000","A","Official value",""
"QCL","Crops and livestock products","356","India","5312","Area harvested","01922.01","Jute, raw or retted","2004","2004","ha","773900","A","Official value",""
"QCL","Crops and livestock products","356","India","5412","Yield","01922.01","Jute, raw or retted","2004","2004","kg/ha","2186.3","A","Official value",""
"QCL","Crops and livestock products","356","India","5510","Production","01922.01","Jute, raw or retted","2004","2004","t","1692000","A","Official value",""
"QCL","Crops and livestock products","356","India","5312","Area harvested","01922.01","Jute, raw or retted","2005","2005","ha","759800","A","Official value",""
"QCL","Crops and livestock products","356","India","5412","Yield","01922.01","Jute, raw or retted","2005","2005","kg/ha","2362.5","A","Official value",""
"QCL","Crops and livestock products","356","India","5510","Production","01922.01","Jute, raw or retted","2005","2005","t","1795000","A","Official value",""
"QCL","Crops and livestock products","356","India","5312","Area harvested","01922.01","Jute, raw or retted","2006","2006","ha","791000","A","Official value",""
"QCL","Crops and livestock products","356","India","5412","Yield","01922.01","Jute, raw or retted","2006","2006","kg/ha","2347.7","A","Official value",""
"QCL","Crops and livestock products","356","India","5510","Production","01922.01","Jute, raw or retted","2006","2006","t","1857000","A","Official value",""
"QCL","Crops and livestock products","356","India","5312","Area harvested","01922.01","Jute, raw or retted","2007","2007","ha","816000","A","Official value",""
"QCL","Crops and livestock products","356","India","5412","Yield","01922.01","Jute, raw or retted","2007","2007","kg/ha","2254.9","A","Official value",""
"QCL","Crops and livestock products","356","India","5510","Production","01922.01","Jute, raw or retted","2007","2007","t","1840000","A","Official value",""
"QCL","Crops and livestock products","356","India","5312","Area harvested","01922.01","Jute, raw or retted","2010","2010","ha","767630","A","Official value",""
"QCL","Crops and livestock products","356","India","5412","Yield","01922.01","Jute, raw or retted","2010","2010","kg/ha","2343.7","A","Official value",""
"QCL","Crops and livestock products","356","India","5510","Production","01922.01","Jute, raw or retted","2010","2010","t","1799100","A","Official value",""
"QCL","Crops and livestock products","356","India","5312","Area harvested","01922.01","Jute, raw or retted","2011","2011","ha","800000","A","Official value",""
"QCL","Crops and livestock products","356","India","5412","Yield","01922.01","Jute, raw or retted","2011","2011","kg/ha","2450.5","A","Official value",""
"QCL","Crops and livestock products","356","India","5510","Production","01922.01","Jute, raw or retted","2011","2011","t","1960380","A","Official value",""
"QCL","Crops and livestock products","356","India","5312","Area harvested","01922.01","Jute, raw or retted","2012","2012","ha","800000","A","Official value",""
"QCL","Crops and livestock products","356","India","5412","Yield","01922.01","Jute, raw or retted","2012","2012","kg/ha","2390","A","Official value",""
"QCL","Crops and livestock products","356","India","5510","Production","01922.01","Jute, raw or retted","2012","2012","t","1912000","A","Official value",""
"QCL","Crops and livestock products","356","India","5312","Area harvested","01922.01","Jute, raw or retted","2013","2013","ha","800000","A","Official value",""
"QCL","Crops and livestock products","356","India","5412","Yield","01922.01","Jute, raw or retted","2013","2013","kg/ha","2430","A","Official value",""
"QCL","Crops and livestock products","356","India","5510","Production","01922.01","Jute, raw or retted","2013","2013","t","1944000","A","Official value",""
"QCL","Crops and livestock products","356","India","5312","Area harvested","01922.01","Jute, raw or retted","2014","2014","ha","741000","A","Official value",""
"QCL","Crops and livestock products","356","India","5412","Yield","01922.01","Jute, raw or retted","2014","2014","kg/ha","2655.9","A","Official value",""
"QCL","Crops and livestock products","356","India","5510","Production","01922.01","Jute, raw or retted","2014","2014","t","1968000","A","Official value",""
"QCL","Crops and livestock products","356","India","5312","Area harvested","01922.01","Jute, raw or retted","2015","2015","ha","773000","A","Official value",""
"QCL","Crops and livestock products","356","India","5412","Yield","01922.01","Jute, raw or retted","2015","2015","kg/ha","2314.6","A","Official value",""
"QCL","Crops and livestock products","356","India","5510","Production","01922.01","Jute, raw or retted","2015","2015","t","1789200","A","Official value",""
"QCL","Crops and livestock products","356","India","5312","Area harvested","01922.01","Jute, raw or retted","2016","2016","ha","735827","I","Value imputed by a receiving agency",""
"QCL","Crops and livestock products","356","India","5412","Yield","01922.01","Jute, raw or retted","2016","2016","kg/ha","2519.3","E","Estimated value",""
"QCL","Crops and livestock products","356","India","5510","Production","01922.01","Jute, raw or retted","2016","2016","t","1853749.2","I","Value imputed by a receiving agency",""
"QCL","Crops and livestock products","356","India","5312","Area harvested","01922.01","Jute, raw or retted","2017","2017","ha","706070","A","Official value",""
"QCL","Crops and livestock products","356","India","5412","Yield","01922.01","Jute, raw or retted","2017","2017","kg/ha","2659.5","A","Official value",""
"QCL","Crops and livestock products","356","India","5510","Production","01922.01","Jute, raw or retted","2017","2017","t","1877760","A","Official value",""
"QCL","Crops and livestock products","356","India","5312","Area harvested","01922.01","Jute, raw or retted","2018","2018","ha","685750","A","Official value",""
"QCL","Crops and livestock products","356","India","5412","Yield","01922.01","Jute, raw or retted","2018","2018","kg/ha","2517.5","A","Official value",""
"QCL","Crops and livestock products","356","India","5510","Production","01922.01","Jute, raw or retted","2018","2018","t","1726380","A","Official value",""
"QCL","Crops and livestock products","356","India","5312","Area harvested","01922.01","Jute, raw or retted","2019","2019","ha","665300","A","Official value",""
"QCL","Crops and livestock products","356","India","5412","Yield","01922.01","Jute, raw or retted","2019","2019","kg/ha","2569.5","A","Official value",""
"QCL","Crops and livestock products","356","India","5510","Production","01922.01","Jute, raw or retted","2019","2019","t","1709460","A","Official value",""
"QCL","Crops and livestock products","356","India","5312","Area harvested","01922.01","Jute, raw or retted","2020","2020","ha","628390","A","Official value",""
"QCL","Crops and livestock products","356","India","5412","Yield","01922.01","Jute, raw or retted","2020","2020","kg/ha","2706.6","A","Official value",""
"QCL","Crops and livestock products","356","India","5510","Production","01922.01","Jute, raw or retted","2020","2020","t","1700820","A","Official value",""
"QCL","Crops and livestock products","356","India","5312","Area harvested","01922.01","Jute, raw or retted","2021","2021","ha","621860","A","Official value",""
"QCL","Crops and livestock products","356","India","5412","Yield","01922.01","Jute, raw or retted","2021","2021","kg/ha","2591.5","A","Official value",""
"QCL","Crops and livestock products","356","India","5510","Production","01922.01","Jute, raw or retted","2021","2021","t","1611540","A","Official value",""
"QCL","Crops and livestock products","356","India","5312","Area harvested","01922.01","Jute, raw or retted","2022","2022","ha","619083","A","Official value",""
"QCL","Crops and livestock products","356","India","5412","Yield","01922.01","Jute, raw or retted","2022","2022","kg/ha","2468.4","A","Official value",""
"QCL","Crops and livestock products","356","India","5510","Production","01922.01","Jute, raw or retted","2022","2022","t","1528140.63","A","Official value",""
"QCL","Crops and livestock products","356","India","5312","Area harvested","01922.01","Jute, raw or retted","2023","2023","ha","598478","A","Official value",""
"QCL","Crops and livestock products","356","India","5412","Yield","01922.01","Jute, raw or retted","2023","2023","kg/ha","2628","A","Official value",""
"QCL","Crops and livestock products","356","India","5510","Production","01922.01","Jute, raw or retted","2023","2023","t","1572800.93","A","Official value",""
"QCL","Crops and livestock products","356","India","5312","Area harvested","01922.02","Kenaf, and other textile bast fibres, raw or retted","2000","2000","ha","188700","A","Official value",""
"QCL","Crops and livestock products","356","India","5412","Yield","01922.02","Kenaf, and other textile bast fibres, raw or retted","2000","2000","kg/ha","1077.7","A","Official value",""
"QCL","Crops and livestock products","356","India","5510","Production","01922.02","Kenaf, and other textile bast fibres, raw or retted","2000","2000","t","203364","A","Official value",""
"QCL","Crops and livestock products","356","India","5312","Area harvested","01922.02","Kenaf, and other textile bast fibres, raw or retted","2001","2001","ha","189700","A","Official value",""
"QCL","Crops and livestock products","356","India","5412","Yield","01922.02","Kenaf, and other textile bast fibres, raw or retted","2001","2001","kg/ha","1175.9","A","Official value",""
"QCL","Crops and livestock products","356","India","5510","Production","01922.02","Kenaf, and other textile bast fibres, raw or retted","2001","2001","t","223074","A","Official value",""
"QCL","Crops and livestock products","356","India","5312","Area harvested","01922.02","Kenaf, and other textile bast fibres, raw or retted","2002","2002","ha","174100","A","Official value",""
"QCL","Crops and livestock products","356","India","5412","Yield","01922.02","Kenaf, and other textile bast fibres, raw or retted","2002","2002","kg/ha","1131.5","A","Official value",""
"QCL","Crops and livestock products","356","India","5510","Production","01922.02","Kenaf, and other textile bast fibres, raw or retted","2002","2002","t","196992","A","Official value",""
"QCL","Crops and livestock products","356","India","5312","Area harvested","01922.02","Kenaf, and other textile bast fibres, raw or retted","2003","2003","ha","170800","A","Official value",""
"QCL","Crops and livestock products","356","India","5412","Yield","01922.02","Kenaf, and other textile bast fibres, raw or retted","2003","2003","kg/ha","1055.7","A","Official value",""
"QCL","Crops and livestock products","356","India","5510","Production","01922.02","Kenaf, and other textile bast fibres, raw or retted","2003","2003","t","180306","A","Official value",""
"QCL","Crops and livestock products","356","India","5312","Area harvested","01922.02","Kenaf, and other textile bast fibres, raw or retted","2004","2004","ha","152500","A","Official value",""
"QCL","Crops and livestock products","356","India","5412","Yield","01922.02","Kenaf, and other textile bast fibres, raw or retted","2004","2004","kg/ha","1087.4","A","Official value",""
"QCL","Crops and livestock products","356","India","5510","Production","01922.02","Kenaf, and other textile bast fibres, raw or retted","2004","2004","t","165834","A","Official value",""
"QCL","Crops and livestock products","356","India","5312","Area harvested","01922.02","Kenaf, and other textile bast fibres, raw or retted","2005","2005","ha","141800","A","Official value",""
"QCL","Crops and livestock products","356","India","5412","Yield","01922.02","Kenaf, and other textile bast fibres, raw or retted","2005","2005","kg/ha","1108.2","A","Official value",""
"QCL","Crops and livestock products","356","India","5510","Production","01922.02","Kenaf, and other textile bast fibres, raw or retted","2005","2005","t","157140","A","Official value",""
"QCL","Crops and livestock products","356","India","5312","Area harvested","01922.02","Kenaf, and other textile bast fibres, raw or retted","2006","2006","ha","137900","A","Official value",""
"QCL","Crops and livestock products","356","India","5412","Yield","01922.02","Kenaf, and other textile bast fibres, raw or retted","2006","2006","kg/ha","1135.7","A","Official value",""
"QCL","Crops and livestock products","356","India","5510","Production","01922.02","Kenaf, and other textile bast fibres, raw or retted","2006","2006","t","156618","A","Official value",""
"QCL","Crops and livestock products","356","India","5312","Area harvested","01922.02","Kenaf, and other textile bast fibres, raw or retted","2007","2007","ha","144000","A","Official value",""
"QCL","Crops and livestock products","356","India","5412","Yield","01922.02","Kenaf, and other textile bast fibres, raw or retted","2007","2007","kg/ha","1195","A","Official value",""
"QCL","Crops and livestock products","356","India","5510","Production","01922.02","Kenaf, and other textile bast fibres, raw or retted","2007","2007","t","172080","A","Official value",""
"QCL","Crops and livestock products","356","India","5312","Area harvested","01922.02","Kenaf, and other textile bast fibres, raw or retted","2010","2010","ha","87000","A","Official value",""
"QCL","Crops and livestock products","356","India","5412","Yield","01922.02","Kenaf, and other textile bast fibres, raw or retted","2010","2010","kg/ha","1223","A","Official value",""
"QCL","Crops and livestock products","356","India","5510","Production","01922.02","Kenaf, and other textile bast fibres, raw or retted","2010","2010","t","106400","A","Official value",""
"QCL","Crops and livestock products","356","India","5312","Area harvested","01922.02","Kenaf, and other textile bast fibres, raw or retted","2011","2011","ha","91000","A","Official value",""
"QCL","Crops and livestock products","356","India","5412","Yield","01922.02","Kenaf, and other textile bast fibres, raw or retted","2011","2011","kg/ha","1271.4","A","Official value",""
"QCL","Crops and livestock products","356","India","5510","Production","01922.02","Kenaf, and other textile bast fibres, raw or retted","2011","2011","t","115700","A","Official value",""
"QCL","Crops and livestock products","356","India","5312","Area harvested","01922.02","Kenaf, and other textile bast fibres, raw or retted","2012","2012","ha","87000","A","Official value",""
"QCL","Crops and livestock products","356","India","5412","Yield","01922.02","Kenaf, and other textile bast fibres, raw or retted","2012","2012","kg/ha","1298.9","A","Official value",""
"QCL","Crops and livestock products","356","India","5510","Production","01922.02","Kenaf, and other textile bast fibres, raw or retted","2012","2012","t","113000","A","Official value",""
"QCL","Crops and livestock products","356","India","5312","Area harvested","01922.02","Kenaf, and other textile bast fibres, raw or retted","2013","2013","ha","100000","A","Official value",""
"QCL","Crops and livestock products","356","India","5412","Yield","01922.02","Kenaf, and other textile bast fibres, raw or retted","2013","2013","kg/ha","1080","A","Official value",""
"QCL","Crops and livestock products","356","India","5510","Production","01922.02","Kenaf, and other textile bast fibres, raw or retted","2013","2013","t","108000","A","Official value",""
"QCL","Crops and livestock products","356","India","5312","Area harvested","01922.02","Kenaf, and other textile bast fibres, raw or retted","2014","2014","ha","88325","I","Value imputed by a receiving agency",""
"QCL","Crops and livestock products","356","India","5412","Yield","01922.02","Kenaf, and other textile bast fibres, raw or retted","2014","2014","kg/ha","1176.7","E","Estimated value",""
"QCL","Crops and livestock products","356","India","5510","Production","01922.02","Kenaf, and other textile bast fibres, raw or retted","2014","2014","t","103933.65","I","Value imputed by a receiving agency",""
"QCL","Crops and livestock products","356","India","5312","Area harvested","01922.02","Kenaf, and other textile bast fibres, raw or retted","2015","2015","ha","81031","I","Value imputed by a receiving agency",""
"QCL","Crops and livestock products","356","India","5412","Yield","01922.02","Kenaf, and other textile bast fibres, raw or retted","2015","2015","kg/ha","1216.1","E","Estimated value",""
"QCL","Crops and livestock products","356","India","5510","Production","01922.02","Kenaf, and other textile bast fibres, raw or retted","2015","2015","t","98542.99","I","Value imputed by a receiving agency",""
"QCL","Crops and livestock products","356","India","5312","Area harvested","01922.02","Kenaf, and other textile bast fibres, raw or retted","2016","2016","ha","89785","E","Estimated value",""
"QCL","Crops and livestock products","356","India","5412","Yield","01922.02","Kenaf, and other textile bast fibres, raw or retted","2016","2016","kg/ha","1152.7","E","Estimated value",""
"QCL","Crops and livestock products","356","India","5510","Production","01922.02","Kenaf, and other textile bast fibres, raw or retted","2016","2016","t","103492.21","E","Estimated value",""
"QCL","Crops and livestock products","356","India","5312","Area harvested","01922.02","Kenaf, and other textile bast fibres, raw or retted","2017","2017","ha","86381","E","Estimated value",""
"QCL","Crops and livestock products","356","India","5412","Yield","01922.02","Kenaf, and other textile bast fibres, raw or retted","2017","2017","kg/ha","1180.7","E","Estimated value",""
"QCL","Crops and livestock products","356","India","5510","Production","01922.02","Kenaf, and other textile bast fibres, raw or retted","2017","2017","t","101989.62","E","Estimated value",""
"QCL","Crops and livestock products","356","India","5312","Area harvested","01922.02","Kenaf, and other textile bast fibres, raw or retted","2018","2018","ha","85732","E","Estimated value",""
"QCL","Crops and livestock products","356","India","5412","Yield","01922.02","Kenaf, and other textile bast fibres, raw or retted","2018","2018","kg/ha","1182.1","E","Estimated value",""
"QCL","Crops and livestock products","356","India","5510","Production","01922.02","Kenaf, and other textile bast fibres, raw or retted","2018","2018","t","101341.61","E","Estimated value",""
"QCL","Crops and livestock products","356","India","5312","Area harvested","01922.02","Kenaf, and other textile bast fibres, raw or retted","2019","2019","ha","87299","E","Estimated value",""
"QCL","Crops and livestock products","356","India","5412","Yield","01922.02","Kenaf, and other textile bast fibres, raw or retted","2019","2019","kg/ha","1171.5","E","Estimated value",""
"QCL","Crops and livestock products","356","India","5510","Production","01922.02","Kenaf, and other textile bast fibres, raw or retted","2019","2019","t","102274.48","E","Estimated value",""
"QCL","Crops and livestock products","356","India","5312","Area harvested","01922.02","Kenaf, and other textile bast fibres, raw or retted","2020","2020","ha","86471","E","Estimated value",""
"QCL","Crops and livestock products","356","India","5412","Yield","01922.02","Kenaf, and other textile bast fibres, raw or retted","2020","2020","kg/ha","1178.1","E","Estimated value",""
"QCL","Crops and livestock products","356","India","5510","Production","01922.02","Kenaf, and other textile bast fibres, raw or retted","2020","2020","t","101868.57","E","Estimated value",""
"QCL","Crops and livestock products","356","India","5312","Area harvested","01922.02","Kenaf, and other textile bast fibres, raw or retted","2021","2021","ha","86501","E","Estimated value",""
"QCL","Crops and livestock products","356","India","5412","Yield","01922.02","Kenaf, and other textile bast fibres, raw or retted","2021","2021","kg/ha","1177.2","E","Estimated value",""
"QCL","Crops and livestock products","356","India","5510","Production","01922.02","Kenaf, and other textile bast fibres, raw or retted","2021","2021","t","101828.22","E","Estimated value",""
"QCL","Crops and livestock products","356","India","5312","Area harvested","01922.02","Kenaf, and other textile bast fibres, raw or retted","2022","2022","ha","86757","E","Estimated value",""
"QCL","Crops and livestock products","356","India","5412","Yield","01922.02","Kenaf, and other textile bast fibres, raw or retted","2022","2022","kg/ha","1175.6","E","Estimated value",""
"QCL","Crops and livestock products","356","India","5510","Production","01922.02","Kenaf, and other textile bast fibres, raw or retted","2022","2022","t","101990.42","E","Estimated value",""
"QCL","Crops and livestock products","356","India","5312","Area harvested","01922.02","Kenaf, and other textile bast fibres, raw or retted","2023","2023","ha","86576","E","Estimated value",""
"QCL","Crops and livestock products","356","India","5412","Yield","01922.02","Kenaf, and other textile bast fibres, raw or retted","2023","2023","kg/ha","1176.9","E","Estimated value",""
"QCL","Crops and livestock products","356","India","5510","Production","01922.02","Kenaf, and other textile bast fibres, raw or retted","2023","2023","t","101895.74","E","Estimated value",""
"QCL","Crops and livestock products","356","India","5312","Area harvested","01352","Kiwi fruit","2010","2010","ha","","M","Missing value; data cannot exist",""
"QCL","Crops and livestock products","356","India","5510","Production","01352","Kiwi fruit","2010","2010","t","","M","Missing value; data cannot exist",""
"QCL","Crops and livestock products","356","India","5312","Area harvested","01352","Kiwi fruit","2011","2011","ha","500","E","Estimated value",""
"QCL","Crops and livestock products","356","India","5412","Yield","01352","Kiwi fruit","2011","2011","kg/ha","2000","E","Estimated value",""
"QCL","Crops and livestock products","356","India","5510","Production","01352","Kiwi fruit","2011","2011","t","1000","A","Official value",""
"QCL","Crops and livestock products","356","India","5312","Area harvested","01352","Kiwi fruit","2012","2012","ha","3000","A","Official value",""
"QCL","Crops and livestock products","356","India","5412","Yield","01352","Kiwi fruit","2012","2012","kg/ha","2000","A","Official value",""
"QCL","Crops and livestock products","356","India","5510","Production","01352","Kiwi fruit","2012","2012","t","6000","A","Official value",""
"QCL","Crops and livestock products","356","India","5312","Area harvested","01352","Kiwi fruit","2013","2013","ha","4000","A","Official value",""
"QCL","Crops and livestock products","356","India","5412","Yield","01352","Kiwi fruit","2013","2013","kg/ha","1750","A","Official value",""
"QCL","Crops and livestock products","356","India","5510","Production","01352","Kiwi fruit","2013","2013","t","7000","A","Official value",""
"QCL","Crops and livestock products","356","India","5312","Area harvested","01352","Kiwi fruit","2014","2014","ha","5000","A","Official value",""
"QCL","Crops and livestock products","356","India","5412","Yield","01352","Kiwi fruit","2014","2014","kg/ha","1600","A","Official value",""
"QCL","Crops and livestock products","356","India","5510","Production","01352","Kiwi fruit","2014","2014","t","8000","A","Official value",""
"QCL","Crops and livestock products","356","India","5312","Area harvested","01352","Kiwi fruit","2015","2015","ha","5000","A","Official value",""
"QCL","Crops and livestock products","356","India","5412","Yield","01352","Kiwi fruit","2015","2015","kg/ha","1600","A","Official value",""
"QCL","Crops and livestock products","356","India","5510","Production","01352","Kiwi fruit","2015","2015","t","8000","A","Official value",""
"QCL","Crops and livestock products","356","India","5312","Area harvested","01352","Kiwi fruit","2016","2016","ha","4249","A","Official value",""
"QCL","Crops and livestock products","356","India","5412","Yield","01352","Kiwi fruit","2016","2016","kg/ha","2505.6","A","Official value",""
"QCL","Crops and livestock products","356","India","5510","Production","01352","Kiwi fruit","2016","2016","t","10646.34","A","Official value",""
"QCL","Crops and livestock products","356","India","5312","Area harvested","01352","Kiwi fruit","2017","2017","ha","4189","A","Official value",""
"QCL","Crops and livestock products","356","India","5412","Yield","01352","Kiwi fruit","2017","2017","kg/ha","2862.5","A","Official value",""
"QCL","Crops and livestock products","356","India","5510","Production","01352","Kiwi fruit","2017","2017","t","11991","A","Official value",""
"QCL","Crops and livestock products","356","India","5312","Area harvested","01352","Kiwi fruit","2018","2018","ha","4322","A","Official value",""
"QCL","Crops and livestock products","356","India","5412","Yield","01352","Kiwi fruit","2018","2018","kg/ha","2785.1","A","Official value",""
"QCL","Crops and livestock products","356","India","5510","Production","01352","Kiwi fruit","2018","2018","t","12037","A","Official value",""
"QCL","Crops and livestock products","356","India","5312","Area harvested","01352","Kiwi fruit","2019","2019","ha","4514","A","Official value",""
"QCL","Crops and livestock products","356","India","5412","Yield","01352","Kiwi fruit","2019","2019","kg/ha","2774.9","A","Official value",""
"QCL","Crops and livestock products","356","India","5510","Production","01352","Kiwi fruit","2019","2019","t","12524.61","A","Official value",""
"QCL","Crops and livestock products","356","India","5312","Area harvested","01352","Kiwi fruit","2020","2020","ha","4646","A","Official value",""
"QCL","Crops and livestock products","356","India","5412","Yield","01352","Kiwi fruit","2020","2020","kg/ha","2966.5","A","Official value",""
"QCL","Crops and livestock products","356","India","5510","Production","01352","Kiwi fruit","2020","2020","t","13781.11","A","Official value",""
"QCL","Crops and livestock products","356","India","5312","Area harvested","01352","Kiwi fruit","2021","2021","ha","4874","A","Official value",""
"QCL","Crops and livestock products","356","India","5412","Yield","01352","Kiwi fruit","2021","2021","kg/ha","3271.6","A","Official value",""
"QCL","Crops and livestock products","356","India","5510","Production","01352","Kiwi fruit","2021","2021","t","15946","A","Official value",""
"QCL","Crops and livestock products","356","India","5312","Area harvested","01352","Kiwi fruit","2022","2022","ha","5094","A","Official value",""
"QCL","Crops and livestock products","356","India","5412","Yield","01352","Kiwi fruit","2022","2022","kg/ha","3109.5","A","Official value",""
"QCL","Crops and livestock products","356","India","5510","Production","01352","Kiwi fruit","2022","2022","t","15840","A","Official value",""
"QCL","Crops and livestock products","356","India","5312","Area harvested","01352","Kiwi fruit","2023","2023","ha","5442","A","Official value",""
"QCL","Crops and livestock products","356","India","5412","Yield","01352","Kiwi fruit","2023","2023","kg/ha","3310.2","A","Official value",""
"QCL","Crops and livestock products","356","India","5510","Production","01352","Kiwi fruit","2023","2023","t","18014","A","Official value",""
"QCL","Crops and livestock products","356","India","5312","Area harvested","01322","Lemons and limes","2000","2000","ha","169300","A","Official value",""
"QCL","Crops and livestock products","356","India","5412","Yield","01322","Lemons and limes","2000","2000","kg/ha","8809.8","A","Official value",""
"QCL","Crops and livestock products","356","India","5510","Production","01322","Lemons and limes","2000","2000","t","1491500","A","Official value",""
"QCL","Crops and livestock products","356","India","5312","Area harvested","01322","Lemons and limes","2001","2001","ha","164200","A","Official value",""
"QCL","Crops and livestock products","356","India","5412","Yield","01322","Lemons and limes","2001","2001","kg/ha","8387.3","A","Official value",""
"QCL","Crops and livestock products","356","India","5510","Production","01322","Lemons and limes","2001","2001","t","1377200","A","Official value",""
"QCL","Crops and livestock products","356","India","5312","Area harvested","01322","Lemons and limes","2002","2002","ha","161300","A","Official value",""
"QCL","Crops and livestock products","356","India","5412","Yield","01322","Lemons and limes","2002","2002","kg/ha","8764.4","A","Official value",""
"QCL","Crops and livestock products","356","India","5510","Production","01322","Lemons and limes","2002","2002","t","1413700","A","Official value",""
"QCL","Crops and livestock products","356","India","5312","Area harvested","01322","Lemons and limes","2003","2003","ha","146200","A","Official value",""
"QCL","Crops and livestock products","356","India","5412","Yield","01322","Lemons and limes","2003","2003","kg/ha","9846.8","A","Official value",""
"QCL","Crops and livestock products","356","India","5510","Production","01322","Lemons and limes","2003","2003","t","1439600","A","Official value",""
"QCL","Crops and livestock products","356","India","5312","Area harvested","01322","Lemons and limes","2004","2004","ha","167800","A","Official value",""
"QCL","Crops and livestock products","356","India","5412","Yield","01322","Lemons and limes","2004","2004","kg/ha","8899.3","A","Official value",""
"QCL","Crops and livestock products","356","India","5510","Production","01322","Lemons and limes","2004","2004","t","1493300","A","Official value",""
"QCL","Crops and livestock products","356","India","5312","Area harvested","01322","Lemons and limes","2005","2005","ha","78900","A","Official value",""
"QCL","Crops and livestock products","356","India","5412","Yield","01322","Lemons and limes","2005","2005","kg/ha","13093.8","A","Official value",""
"QCL","Crops and livestock products","356","India","5510","Production","01322","Lemons and limes","2005","2005","t","1033100","A","Official value",""
"QCL","Crops and livestock products","356","India","5312","Area harvested","01322","Lemons and limes","2006","2006","ha","268700","A","Official value",""
"QCL","Crops and livestock products","356","India","5412","Yield","01322","Lemons and limes","2006","2006","kg/ha","8035","A","Official value",""
"QCL","Crops and livestock products","356","India","5510","Production","01322","Lemons and limes","2006","2006","t","2159000","A","Official value",""
"QCL","Crops and livestock products","356","India","5312","Area harvested","01322","Lemons and limes","2007","2007","ha","294900","A","Official value",""
"QCL","Crops and livestock products","356","India","5412","Yield","01322","Lemons and limes","2007","2007","kg/ha","7833.8","A","Official value",""
"QCL","Crops and livestock products","356","India","5510","Production","01322","Lemons and limes","2007","2007","t","2310200","A","Official value",""
"QCL","Crops and livestock products","356","India","5312","Area harvested","01322","Lemons and limes","2010","2010","ha","295600","A","Official value",""
"QCL","Crops and livestock products","356","India","5412","Yield","01322","Lemons and limes","2010","2010","kg/ha","8894.5","A","Official value",""
"QCL","Crops and livestock products","356","India","5510","Production","01322","Lemons and limes","2010","2010","t","2629200","A","Official value",""
"QCL","Crops and livestock products","356","India","5312","Area harvested","01322","Lemons and limes","2011","2011","ha","219000","A","Official value",""
"QCL","Crops and livestock products","356","India","5412","Yield","01322","Lemons and limes","2011","2011","kg/ha","9625.6","A","Official value",""
"QCL","Crops and livestock products","356","India","5510","Production","01322","Lemons and limes","2011","2011","t","2108000","A","Official value",""
"QCL","Crops and livestock products","356","India","5312","Area harvested","01322","Lemons and limes","2012","2012","ha","234000","A","Official value",""
"QCL","Crops and livestock products","356","India","5412","Yield","01322","Lemons and limes","2012","2012","kg/ha","9709.8","A","Official value",""
"QCL","Crops and livestock products","356","India","5510","Production","01322","Lemons and limes","2012","2012","t","2272100","A","Official value",""
"QCL","Crops and livestock products","356","India","5312","Area harvested","01322","Lemons and limes","2013","2013","ha","255200","A","Official value",""
"QCL","Crops and livestock products","356","India","5412","Yield","01322","Lemons and limes","2013","2013","kg/ha","9888.3","A","Official value",""
"QCL","Crops and livestock products","356","India","5510","Production","01322","Lemons and limes","2013","2013","t","2523500","A","Official value",""
"QCL","Crops and livestock products","356","India","5312","Area harvested","01322","Lemons and limes","2014","2014","ha","286410","A","Official value",""
"QCL","Crops and livestock products","356","India","5412","Yield","01322","Lemons and limes","2014","2014","kg/ha","9898.5","A","Official value",""
"QCL","Crops and livestock products","356","India","5510","Production","01322","Lemons and limes","2014","2014","t","2835020","A","Official value",""
"QCL","Crops and livestock products","356","India","5312","Area harvested","01322","Lemons and limes","2015","2015","ha","268000","A","Official value",""
"QCL","Crops and livestock products","356","India","5412","Yield","01322","Lemons and limes","2015","2015","kg/ha","11007.5","A","Official value",""
"QCL","Crops and livestock products","356","India","5510","Production","01322","Lemons and limes","2015","2015","t","2950000","A","Official value",""
"QCL","Crops and livestock products","356","India","5312","Area harvested","01322","Lemons and limes","2016","2016","ha","245000","A","Official value",""
"QCL","Crops and livestock products","356","India","5412","Yield","01322","Lemons and limes","2016","2016","kg/ha","9951","A","Official value",""
"QCL","Crops and livestock products","356","India","5510","Production","01322","Lemons and limes","2016","2016","t","2438000","A","Official value",""
"QCL","Crops and livestock products","356","India","5312","Area harvested","01322","Lemons and limes","2017","2017","ha","248000","A","Official value",""
"QCL","Crops and livestock products","356","India","5412","Yield","01322","Lemons and limes","2017","2017","kg/ha","9532.3","A","Official value",""
"QCL","Crops and livestock products","356","India","5510","Production","01322","Lemons and limes","2017","2017","t","2364000","A","Official value",""
"QCL","Crops and livestock products","356","India","5312","Area harvested","01322","Lemons and limes","2018","2018","ha","286000","A","Official value",""
"QCL","Crops and livestock products","356","India","5412","Yield","01322","Lemons and limes","2018","2018","kg/ha","11007","A","Official value",""
"QCL","Crops and livestock products","356","India","5510","Production","01322","Lemons and limes","2018","2018","t","3148000","A","Official value",""
"QCL","Crops and livestock products","356","India","5312","Area harvested","01322","Lemons and limes","2019","2019","ha","305000","A","Official value",""
"QCL","Crops and livestock products","356","India","5412","Yield","01322","Lemons and limes","2019","2019","kg/ha","11416.4","A","Official value",""
"QCL","Crops and livestock products","356","India","5510","Production","01322","Lemons and limes","2019","2019","t","3482000","A","Official value",""
"QCL","Crops and livestock products","356","India","5312","Area harvested","01322","Lemons and limes","2020","2020","ha","322000","A","Official value",""
"QCL","Crops and livestock products","356","India","5412","Yield","01322","Lemons and limes","2020","2020","kg/ha","11450.3","A","Official value",""
"QCL","Crops and livestock products","356","India","5510","Production","01322","Lemons and limes","2020","2020","t","3687000","A","Official value",""
"QCL","Crops and livestock products","356","India","5312","Area harvested","01322","Lemons and limes","2021","2021","ha","327000","A","Official value",""
"QCL","Crops and livestock products","356","India","5412","Yield","01322","Lemons and limes","2021","2021","kg/ha","10850.2","A","Official value",""
"QCL","Crops and livestock products","356","India","5510","Production","01322","Lemons and limes","2021","2021","t","3548000","A","Official value",""
"QCL","Crops and livestock products","356","India","5312","Area harvested","01322","Lemons and limes","2022","2022","ha","313000","A","Official value",""
"QCL","Crops and livestock products","356","India","5412","Yield","01322","Lemons and limes","2022","2022","kg/ha","12063.9","A","Official value",""
"QCL","Crops and livestock products","356","India","5510","Production","01322","Lemons and limes","2022","2022","t","3776000","A","Official value",""
"QCL","Crops and livestock products","356","India","5312","Area harvested","01322","Lemons and limes","2023","2023","ha","312000","A","Official value",""
"QCL","Crops and livestock products","356","India","5412","Yield","01322","Lemons and limes","2023","2023","kg/ha","12137.8","A","Official value",""
"QCL","Crops and livestock products","356","India","5510","Production","01322","Lemons and limes","2023","2023","t","3787000","A","Official value",""
"QCL","Crops and livestock products","356","India","5312","Area harvested","01704","Lentils, dry","2000","2000","ha","1461600","A","Official value",""
"QCL","Crops and livestock products","356","India","5412","Yield","01704","Lentils, dry","2000","2000","kg/ha","738.2","A","Official value",""
"QCL","Crops and livestock products","356","India","5510","Production","01704","Lentils, dry","2000","2000","t","1078900","A","Official value",""
"QCL","Crops and livestock products","356","India","5312","Area harvested","01704","Lentils, dry","2001","2001","ha","1477800","A","Official value",""
"QCL","Crops and livestock products","356","India","5412","Yield","01704","Lentils, dry","2001","2001","kg/ha","619.3","A","Official value",""
"QCL","Crops and livestock products","356","India","5510","Production","01704","Lentils, dry","2001","2001","t","915200","A","Official value",""
"QCL","Crops and livestock products","356","India","5312","Area harvested","01704","Lentils, dry","2002","2002","ha","1470000","A","Official value",""
"QCL","Crops and livestock products","356","India","5412","Yield","01704","Lentils, dry","2002","2002","kg/ha","662.9","A","Official value",""
"QCL","Crops and livestock products","356","India","5510","Production","01704","Lentils, dry","2002","2002","t","974400","A","Official value",""
"QCL","Crops and livestock products","356","India","5312","Area harvested","01704","Lentils, dry","2003","2003","ha","1380000","A","Official value",""
"QCL","Crops and livestock products","356","India","5412","Yield","01704","Lentils, dry","2003","2003","kg/ha","632.8","A","Official value",""
"QCL","Crops and livestock products","356","India","5510","Production","01704","Lentils, dry","2003","2003","t","873200","A","Official value",""
"QCL","Crops and livestock products","356","India","5312","Area harvested","01704","Lentils, dry","2004","2004","ha","1400000","A","Official value",""
"QCL","Crops and livestock products","356","India","5412","Yield","01704","Lentils, dry","2004","2004","kg/ha","741.3","A","Official value",""
"QCL","Crops and livestock products","356","India","5510","Production","01704","Lentils, dry","2004","2004","t","1037800","A","Official value",""
"QCL","Crops and livestock products","356","India","5312","Area harvested","01704","Lentils, dry","2005","2005","ha","1470000","A","Official value",""
"QCL","Crops and livestock products","356","India","5412","Yield","01704","Lentils, dry","2005","2005","kg/ha","676.3","A","Official value",""
"QCL","Crops and livestock products","356","India","5510","Production","01704","Lentils, dry","2005","2005","t","994200","A","Official value",""
"QCL","Crops and livestock products","356","India","5312","Area harvested","01704","Lentils, dry","2006","2006","ha","1510000","A","Official value",""
"QCL","Crops and livestock products","356","India","5412","Yield","01704","Lentils, dry","2006","2006","kg/ha","626.6","A","Official value",""
"QCL","Crops and livestock products","356","India","5510","Production","01704","Lentils, dry","2006","2006","t","946200","A","Official value",""
"QCL","Crops and livestock products","356","India","5312","Area harvested","01704","Lentils, dry","2007","2007","ha","1470000","A","Official value",""
"QCL","Crops and livestock products","356","India","5412","Yield","01704","Lentils, dry","2007","2007","kg/ha","619","A","Official value",""
"QCL","Crops and livestock products","356","India","5510","Production","01704","Lentils, dry","2007","2007","t","910000","A","Official value",""
"QCL","Crops and livestock products","356","India","5312","Area harvested","01704","Lentils, dry","2010","2010","ha","1479400","A","Official value",""
"QCL","Crops and livestock products","356","India","5412","Yield","01704","Lentils, dry","2010","2010","kg/ha","697.3","A","Official value",""
"QCL","Crops and livestock products","356","India","5510","Production","01704","Lentils, dry","2010","2010","t","1031600","A","Official value",""
"QCL","Crops and livestock products","356","India","5312","Area harvested","01704","Lentils, dry","2011","2011","ha","1597400","A","Official value",""
"QCL","Crops and livestock products","356","India","5412","Yield","01704","Lentils, dry","2011","2011","kg/ha","590.8","A","Official value",""
"QCL","Crops and livestock products","356","India","5510","Production","01704","Lentils, dry","2011","2011","t","943800","A","Official value",""
"QCL","Crops and livestock products","356","India","5312","Area harvested","01704","Lentils, dry","2012","2012","ha","1562000","A","Official value",""
"QCL","Crops and livestock products","356","India","5412","Yield","01704","Lentils, dry","2012","2012","kg/ha","677.8","A","Official value",""
"QCL","Crops and livestock products","356","India","5510","Production","01704","Lentils, dry","2012","2012","t","1058700","A","Official value",""
"QCL","Crops and livestock products","356","India","5312","Area harvested","01704","Lentils, dry","2013","2013","ha","1423000","A","Official value",""
"QCL","Crops and livestock products","356","India","5412","Yield","01704","Lentils, dry","2013","2013","kg/ha","796.9","A","Official value",""
"QCL","Crops and livestock products","356","India","5510","Production","01704","Lentils, dry","2013","2013","t","1134000","A","Official value",""
"QCL","Crops and livestock products","356","India","5312","Area harvested","01704","Lentils, dry","2014","2014","ha","1341000","A","Official value",""
"QCL","Crops and livestock products","356","India","5412","Yield","01704","Lentils, dry","2014","2014","kg/ha","758.4","A","Official value",""
"QCL","Crops and livestock products","356","India","5510","Production","01704","Lentils, dry","2014","2014","t","1017000","A","Official value",""
"QCL","Crops and livestock products","356","India","5312","Area harvested","01704","Lentils, dry","2015","2015","ha","1469000","A","Official value",""
"QCL","Crops and livestock products","356","India","5412","Yield","01704","Lentils, dry","2015","2015","kg/ha","704.6","A","Official value",""
"QCL","Crops and livestock products","356","India","5510","Production","01704","Lentils, dry","2015","2015","t","1035000","A","Official value",""
"QCL","Crops and livestock products","356","India","5312","Area harvested","01704","Lentils, dry","2016","2016","ha","1276000","A","Official value",""
"QCL","Crops and livestock products","356","India","5412","Yield","01704","Lentils, dry","2016","2016","kg/ha","764.9","A","Official value",""
"QCL","Crops and livestock products","356","India","5510","Production","01704","Lentils, dry","2016","2016","t","976000","A","Official value",""
"QCL","Crops and livestock products","356","India","5312","Area harvested","01704","Lentils, dry","2017","2017","ha","1461140","A","Official value",""
"QCL","Crops and livestock products","356","India","5412","Yield","01704","Lentils, dry","2017","2017","kg/ha","837.6","A","Official value",""
"QCL","Crops and livestock products","356","India","5510","Production","01704","Lentils, dry","2017","2017","t","1223850","A","Official value",""
"QCL","Crops and livestock products","356","India","5312","Area harvested","01704","Lentils, dry","2018","2018","ha","1549210","A","Official value",""
"QCL","Crops and livestock products","356","India","5412","Yield","01704","Lentils, dry","2018","2018","kg/ha","1046.9","A","Official value",""
"QCL","Crops and livestock products","356","India","5510","Production","01704","Lentils, dry","2018","2018","t","1621810","A","Official value",""
"QCL","Crops and livestock products","356","India","5312","Area harvested","01704","Lentils, dry","2019","2019","ha","1362720","A","Official value",""
"QCL","Crops and livestock products","356","India","5412","Yield","01704","Lentils, dry","2019","2019","kg/ha","901","A","Official value",""
"QCL","Crops and livestock products","356","India","5510","Production","01704","Lentils, dry","2019","2019","t","1227820","A","Official value",""
"QCL","Crops and livestock products","356","India","5312","Area harvested","01704","Lentils, dry","2020","2020","ha","1302690","A","Official value",""
"QCL","Crops and livestock products","356","India","5412","Yield","01704","Lentils, dry","2020","2020","kg/ha","846.7","A","Official value",""
"QCL","Crops and livestock products","356","India","5510","Production","01704","Lentils, dry","2020","2020","t","1103030","A","Official value",""
"QCL","Crops and livestock products","356","India","5312","Area harvested","01704","Lentils, dry","2021","2021","ha","1468310","A","Official value",""
"QCL","Crops and livestock products","356","India","5412","Yield","01704","Lentils, dry","2021","2021","kg/ha","1017.4","A","Official value",""
"QCL","Crops and livestock products","356","India","5510","Production","01704","Lentils, dry","2021","2021","t","1493850","A","Official value",""
"QCL","Crops and livestock products","356","India","5312","Area harvested","01704","Lentils, dry","2022","2022","ha","1411920","A","Official value",""
"QCL","Crops and livestock products","356","India","5412","Yield","01704","Lentils, dry","2022","2022","kg/ha","898.7","A","Official value",""
"QCL","Crops and livestock products","356","India","5510","Production","01704","Lentils, dry","2022","2022","t","1268830","A","Official value",""
"QCL","Crops and livestock products","356","India","5312","Area harvested","01704","Lentils, dry","2023","2023","ha","1636781","A","Official value",""
"QCL","Crops and livestock products","356","India","5412","Yield","01704","Lentils, dry","2023","2023","kg/ha","952.3","A","Official value",""
"QCL","Crops and livestock products","356","India","5510","Production","01704","Lentils, dry","2023","2023","t","1558636.62","A","Official value",""
"QCL","Crops and livestock products","356","India","5312","Area harvested","01214","Lettuce and chicory","2000","2000","ha","120000","E","Estimated value",""
"QCL","Crops and livestock products","356","India","5412","Yield","01214","Lettuce and chicory","2000","2000","kg/ha","6541.7","E","Estimated value",""
"QCL","Crops and livestock products","356","India","5510","Production","01214","Lettuce and chicory","2000","2000","t","785000","E","Estimated value",""
"QCL","Crops and livestock products","356","India","5312","Area harvested","01214","Lettuce and chicory","2001","2001","ha","121337","I","Value imputed by a receiving agency",""
"QCL","Crops and livestock products","356","India","5412","Yield","01214","Lettuce and chicory","2001","2001","kg/ha","6510.8","E","Estimated value",""
"QCL","Crops and livestock products","356","India","5510","Production","01214","Lettuce and chicory","2001","2001","t","790000","E","Estimated value",""
"QCL","Crops and livestock products","356","India","5312","Area harvested","01214","Lettuce and chicory","2002","2002","ha","123834","I","Value imputed by a receiving agency",""
"QCL","Crops and livestock products","356","India","5412","Yield","01214","Lettuce and chicory","2002","2002","kg/ha","6490.9","E","Estimated value",""
"QCL","Crops and livestock products","356","India","5510","Production","01214","Lettuce and chicory","2002","2002","t","803791.73","I","Value imputed by a receiving agency",""
"QCL","Crops and livestock products","356","India","5312","Area harvested","01214","Lettuce and chicory","2003","2003","ha","126563","I","Value imputed by a receiving agency",""
"QCL","Crops and livestock products","356","India","5412","Yield","01214","Lettuce and chicory","2003","2003","kg/ha","6472.6","E","Estimated value",""
"QCL","Crops and livestock products","356","India","5510","Production","01214","Lettuce and chicory","2003","2003","t","819184.52","I","Value imputed by a receiving agency",""
"QCL","Crops and livestock products","356","India","5312","Area harvested","01214","Lettuce and chicory","2004","2004","ha","129464","I","Value imputed by a receiving agency",""
"QCL","Crops and livestock products","356","India","5412","Yield","01214","Lettuce and chicory","2004","2004","kg/ha","6455.1","E","Estimated value",""
"QCL","Crops and livestock products","356","India","5510","Production","01214","Lettuce and chicory","2004","2004","t","835702.28","I","Value imputed by a receiving agency",""
"QCL","Crops and livestock products","356","India","5312","Area harvested","01214","Lettuce and chicory","2005","2005","ha","132998","I","Value imputed by a receiving agency",""
"QCL","Crops and livestock products","356","India","5412","Yield","01214","Lettuce and chicory","2005","2005","kg/ha","6413.5","E","Estimated value",""
"QCL","Crops and livestock products","356","India","5510","Production","01214","Lettuce and chicory","2005","2005","t","852975.95","I","Value imputed by a receiving agency",""
"QCL","Crops and livestock products","356","India","5312","Area harvested","01214","Lettuce and chicory","2006","2006","ha","142547","I","Value imputed by a receiving agency",""
"QCL","Crops and livestock products","356","India","5412","Yield","01214","Lettuce and chicory","2006","2006","kg/ha","6433.2","E","Estimated value",""
"QCL","Crops and livestock products","356","India","5510","Production","01214","Lettuce and chicory","2006","2006","t","917027.66","I","Value imputed by a receiving agency",""
"QCL","Crops and livestock products","356","India","5312","Area harvested","01214","Lettuce and chicory","2007","2007","ha","146840","I","Value imputed by a receiving agency",""
"QCL","Crops and livestock products","356","India","5412","Yield","01214","Lettuce and chicory","2007","2007","kg/ha","6421.8","E","Estimated value",""
"QCL","Crops and livestock products","356","India","5510","Production","01214","Lettuce and chicory","2007","2007","t","942979.67","I","Value imputed by a receiving agency",""
"QCL","Crops and livestock products","356","India","5312","Area harvested","01214","Lettuce and chicory","2010","2010","ha","160078","I","Value imputed by a receiving agency",""
"QCL","Crops and livestock products","356","India","5412","Yield","01214","Lettuce and chicory","2010","2010","kg/ha","6392.5","E","Estimated value",""
"QCL","Crops and livestock products","356","India","5510","Production","01214","Lettuce and chicory","2010","2010","t","1023292.85","I","Value imputed by a receiving agency",""
"QCL","Crops and livestock products","356","India","5312","Area harvested","01214","Lettuce and chicory","2011","2011","ha","164054","I","Value imputed by a receiving agency",""
"QCL","Crops and livestock products","356","India","5412","Yield","01214","Lettuce and chicory","2011","2011","kg/ha","6385.2","E","Estimated value",""
"QCL","Crops and livestock products","356","India","5510","Production","01214","Lettuce and chicory","2011","2011","t","1047525.57","I","Value imputed by a receiving agency",""
"QCL","Crops and livestock products","356","India","5312","Area harvested","01214","Lettuce and chicory","2012","2012","ha","170000","E","Estimated value",""
"QCL","Crops and livestock products","356","India","5412","Yield","01214","Lettuce and chicory","2012","2012","kg/ha","6323.5","E","Estimated value",""
"QCL","Crops and livestock products","356","India","5510","Production","01214","Lettuce and chicory","2012","2012","t","1075000","E","Estimated value",""
"QCL","Crops and livestock products","356","India","5312","Area harvested","01214","Lettuce and chicory","2013","2013","ha","170000","E","Estimated value",""
"QCL","Crops and livestock products","356","India","5412","Yield","01214","Lettuce and chicory","2013","2013","kg/ha","6352.9","E","Estimated value",""
"QCL","Crops and livestock products","356","India","5510","Production","01214","Lettuce and chicory","2013","2013","t","1080000","E","Estimated value",""
"QCL","Crops and livestock products","356","India","5312","Area harvested","01214","Lettuce and chicory","2014","2014","ha","172439","I","Value imputed by a receiving agency",""
"QCL","Crops and livestock products","356","India","5412","Yield","01214","Lettuce and chicory","2014","2014","kg/ha","6350.8","E","Estimated value",""
"QCL","Crops and livestock products","356","India","5510","Production","01214","Lettuce and chicory","2014","2014","t","1095119.75","I","Value imputed by a receiving agency",""
"QCL","Crops and livestock products","356","India","5312","Area harvested","01214","Lettuce and chicory","2015","2015","ha","181630","I","Value imputed by a receiving agency",""
"QCL","Crops and livestock products","356","India","5412","Yield","01214","Lettuce and chicory","2015","2015","kg/ha","6345.2","E","Estimated value",""
"QCL","Crops and livestock products","356","India","5510","Production","01214","Lettuce and chicory","2015","2015","t","1152478.67","I","Value imputed by a receiving agency",""
"QCL","Crops and livestock products","356","India","5312","Area harvested","01214","Lettuce and chicory","2016","2016","ha","174690","E","Estimated value",""
"QCL","Crops and livestock products","356","India","5412","Yield","01214","Lettuce and chicory","2016","2016","kg/ha","6349.5","E","Estimated value",""
"QCL","Crops and livestock products","356","India","5510","Production","01214","Lettuce and chicory","2016","2016","t","1109199.48","E","Estimated value",""
"QCL","Crops and livestock products","356","India","5312","Area harvested","01214","Lettuce and chicory","2017","2017","ha","179113","I","Value imputed by a receiving agency",""
"QCL","Crops and livestock products","356","India","5412","Yield","01214","Lettuce and chicory","2017","2017","kg/ha","6334.8","E","Estimated value",""
"QCL","Crops and livestock products","356","India","5510","Production","01214","Lettuce and chicory","2017","2017","t","1134650.53","I","Value imputed by a receiving agency",""
"QCL","Crops and livestock products","356","India","5312","Area harvested","01214","Lettuce and chicory","2018","2018","ha","181124","I","Value imputed by a receiving agency",""
"QCL","Crops and livestock products","356","India","5412","Yield","01214","Lettuce and chicory","2018","2018","kg/ha","6319.3","E","Estimated value",""
"QCL","Crops and livestock products","356","India","5510","Production","01214","Lettuce and chicory","2018","2018","t","1144583","I","Value imputed by a receiving agency",""
"QCL","Crops and livestock products","356","India","5312","Area harvested","01214","Lettuce and chicory","2019","2019","ha","182759","I","Value imputed by a receiving agency",""
"QCL","Crops and livestock products","356","India","5412","Yield","01214","Lettuce and chicory","2019","2019","kg/ha","6307.7","E","Estimated value",""
"QCL","Crops and livestock products","356","India","5510","Production","01214","Lettuce and chicory","2019","2019","t","1152790.6","I","Value imputed by a receiving agency",""
"QCL","Crops and livestock products","356","India","5312","Area harvested","01214","Lettuce and chicory","2020","2020","ha","184619","I","Value imputed by a receiving agency",""
"QCL","Crops and livestock products","356","India","5412","Yield","01214","Lettuce and chicory","2020","2020","kg/ha","6295.6","E","Estimated value",""
"QCL","Crops and livestock products","356","India","5510","Production","01214","Lettuce and chicory","2020","2020","t","1162290.76","I","Value imputed by a receiving agency",""
"QCL","Crops and livestock products","356","India","5312","Area harvested","01214","Lettuce and chicory","2021","2021","ha","188255","I","Value imputed by a receiving agency",""
"QCL","Crops and livestock products","356","India","5412","Yield","01214","Lettuce and chicory","2021","2021","kg/ha","6298.4","E","Estimated value",""
"QCL","Crops and livestock products","356","India","5510","Production","01214","Lettuce and chicory","2021","2021","t","1185708.24","I","Value imputed by a receiving agency",""
"QCL","Crops and livestock products","356","India","5312","Area harvested","01214","Lettuce and chicory","2022","2022","ha","185211","E","Estimated value",""
"QCL","Crops and livestock products","356","India","5412","Yield","01214","Lettuce and chicory","2022","2022","kg/ha","6300.5","E","Estimated value",""
"QCL","Crops and livestock products","356","India","5510","Production","01214","Lettuce and chicory","2022","2022","t","1166929.86","E","Estimated value",""
"QCL","Crops and livestock products","356","India","5312","Area harvested","01214","Lettuce and chicory","2023","2023","ha","186028","E","Estimated value",""
"QCL","Crops and livestock products","356","India","5412","Yield","01214","Lettuce and chicory","2023","2023","kg/ha","6298.2","E","Estimated value",""
"QCL","Crops and livestock products","356","India","5510","Production","01214","Lettuce and chicory","2023","2023","t","1171642.95","E","Estimated value",""
"QCL","Crops and livestock products","356","India","5312","Area harvested","01441","Linseed","2000","2000","ha","593100","A","Official value",""
"QCL","Crops and livestock products","356","India","5412","Yield","01441","Linseed","2000","2000","kg/ha","406","A","Official value",""
"QCL","Crops and livestock products","356","India","5510","Production","01441","Linseed","2000","2000","t","240800","A","Official value",""
"QCL","Crops and livestock products","356","India","5312","Area harvested","01441","Linseed","2001","2001","ha","579900","A","Official value",""
"QCL","Crops and livestock products","356","India","5412","Yield","01441","Linseed","2001","2001","kg/ha","350.9","A","Official value",""
"QCL","Crops and livestock products","356","India","5510","Production","01441","Linseed","2001","2001","t","203500","A","Official value",""
"QCL","Crops and livestock products","356","India","5312","Area harvested","01441","Linseed","2002","2002","ha","535800","A","Official value",""
"QCL","Crops and livestock products","356","India","5412","Yield","01441","Linseed","2002","2002","kg/ha","390.3","A","Official value",""
"QCL","Crops and livestock products","356","India","5510","Production","01441","Linseed","2002","2002","t","209100","A","Official value",""
"QCL","Crops and livestock products","356","India","5312","Area harvested","01441","Linseed","2003","2003","ha","450100","A","Official value",""
"QCL","Crops and livestock products","356","India","5412","Yield","01441","Linseed","2003","2003","kg/ha","392.6","A","Official value",""
"QCL","Crops and livestock products","356","India","5510","Production","01441","Linseed","2003","2003","t","176700","A","Official value",""
"QCL","Crops and livestock products","356","India","5312","Area harvested","01441","Linseed","2004","2004","ha","476500","A","Official value",""
"QCL","Crops and livestock products","356","India","5412","Yield","01441","Linseed","2004","2004","kg/ha","412.4","A","Official value",""
"QCL","Crops and livestock products","356","India","5510","Production","01441","Linseed","2004","2004","t","196500","A","Official value",""
"QCL","Crops and livestock products","356","India","5312","Area harvested","01441","Linseed","2005","2005","ha","448700","A","Official value",""
"QCL","Crops and livestock products","356","India","5412","Yield","01441","Linseed","2005","2005","kg/ha","378.2","A","Official value",""
"QCL","Crops and livestock products","356","India","5510","Production","01441","Linseed","2005","2005","t","169700","A","Official value",""
"QCL","Crops and livestock products","356","India","5312","Area harvested","01441","Linseed","2006","2006","ha","436800","A","Official value",""
"QCL","Crops and livestock products","356","India","5412","Yield","01441","Linseed","2006","2006","kg/ha","394.9","A","Official value",""
"QCL","Crops and livestock products","356","India","5510","Production","01441","Linseed","2006","2006","t","172500","A","Official value",""
"QCL","Crops and livestock products","356","India","5312","Area harvested","01441","Linseed","2007","2007","ha","426000","A","Official value",""
"QCL","Crops and livestock products","356","India","5412","Yield","01441","Linseed","2007","2007","kg/ha","394.1","A","Official value",""
"QCL","Crops and livestock products","356","India","5510","Production","01441","Linseed","2007","2007","t","167900","A","Official value",""
"QCL","Crops and livestock products","356","India","5312","Area harvested","01441","Linseed","2010","2010","ha","342000","A","Official value",""
"QCL","Crops and livestock products","356","India","5412","Yield","01441","Linseed","2010","2010","kg/ha","449.4","A","Official value",""
"QCL","Crops and livestock products","356","India","5510","Production","01441","Linseed","2010","2010","t","153700","A","Official value",""
"QCL","Crops and livestock products","356","India","5312","Area harvested","01441","Linseed","2011","2011","ha","359000","A","Official value",""
"QCL","Crops and livestock products","356","India","5412","Yield","01441","Linseed","2011","2011","kg/ha","409.5","A","Official value",""
"QCL","Crops and livestock products","356","India","5510","Production","01441","Linseed","2011","2011","t","147000","A","Official value",""
"QCL","Crops and livestock products","356","India","5312","Area harvested","01441","Linseed","2012","2012","ha","323000","A","Official value",""
"QCL","Crops and livestock products","356","India","5412","Yield","01441","Linseed","2012","2012","kg/ha","470.6","A","Official value",""
"QCL","Crops and livestock products","356","India","5510","Production","01441","Linseed","2012","2012","t","152000","A","Official value",""
"QCL","Crops and livestock products","356","India","5312","Area harvested","01441","Linseed","2013","2013","ha","296000","A","Official value",""
"QCL","Crops and livestock products","356","India","5412","Yield","01441","Linseed","2013","2013","kg/ha","496.6","A","Official value",""
"QCL","Crops and livestock products","356","India","5510","Production","01441","Linseed","2013","2013","t","147000","A","Official value",""
"QCL","Crops and livestock products","356","India","5312","Area harvested","01441","Linseed","2014","2014","ha","293070","A","Official value",""
"QCL","Crops and livestock products","356","India","5412","Yield","01441","Linseed","2014","2014","kg/ha","483.6","A","Official value",""
"QCL","Crops and livestock products","356","India","5510","Production","01441","Linseed","2014","2014","t","141730","A","Official value",""
"QCL","Crops and livestock products","356","India","5312","Area harvested","01441","Linseed","2015","2015","ha","285000","A","Official value",""
"QCL","Crops and livestock products","356","India","5412","Yield","01441","Linseed","2015","2015","kg/ha","543.9","A","Official value",""
"QCL","Crops and livestock products","356","India","5510","Production","01441","Linseed","2015","2015","t","155000","A","Official value",""
"QCL","Crops and livestock products","356","India","5312","Area harvested","01441","Linseed","2016","2016","ha","298000","A","Official value",""
"QCL","Crops and livestock products","356","India","5412","Yield","01441","Linseed","2016","2016","kg/ha","419.5","A","Official value",""
"QCL","Crops and livestock products","356","India","5510","Production","01441","Linseed","2016","2016","t","125000","A","Official value",""
"QCL","Crops and livestock products","356","India","5312","Area harvested","01441","Linseed","2017","2017","ha","325220","A","Official value",""
"QCL","Crops and livestock products","356","India","5412","Yield","01441","Linseed","2017","2017","kg/ha","566.5","A","Official value",""
"QCL","Crops and livestock products","356","India","5510","Production","01441","Linseed","2017","2017","t","184250","A","Official value",""
"QCL","Crops and livestock products","356","India","5312","Area harvested","01441","Linseed","2018","2018","ha","326180","A","Official value",""
"QCL","Crops and livestock products","356","India","5412","Yield","01441","Linseed","2018","2018","kg/ha","532.7","A","Official value",""
"QCL","Crops and livestock products","356","India","5510","Production","01441","Linseed","2018","2018","t","173760","A","Official value",""
"QCL","Crops and livestock products","356","India","5312","Area harvested","01441","Linseed","2019","2019","ha","172710","A","Official value",""
"QCL","Crops and livestock products","356","India","5412","Yield","01441","Linseed","2019","2019","kg/ha","573.6","A","Official value",""
"QCL","Crops and livestock products","356","India","5510","Production","01441","Linseed","2019","2019","t","99070","A","Official value",""
"QCL","Crops and livestock products","356","India","5312","Area harvested","01441","Linseed","2020","2020","ha","179900","A","Official value",""
"QCL","Crops and livestock products","356","India","5412","Yield","01441","Linseed","2020","2020","kg/ha","670.8","A","Official value",""
"QCL","Crops and livestock products","356","India","5510","Production","01441","Linseed","2020","2020","t","120670","A","Official value",""
"QCL","Crops and livestock products","356","India","5312","Area harvested","01441","Linseed","2021","2021","ha","174870","A","Official value",""
"QCL","Crops and livestock products","356","India","5412","Yield","01441","Linseed","2021","2021","kg/ha","636.8","A","Official value",""
"QCL","Crops and livestock products","356","India","5510","Production","01441","Linseed","2021","2021","t","111360","A","Official value",""
"QCL","Crops and livestock products","356","India","5312","Area harvested","01441","Linseed","2022","2022","ha","196900","A","Official value",""
"QCL","Crops and livestock products","356","India","5412","Yield","01441","Linseed","2022","2022","kg/ha","642.1","A","Official value",""
"QCL","Crops and livestock products","356","India","5510","Production","01441","Linseed","2022","2022","t","126420","A","Official value",""
"QCL","Crops and livestock products","356","India","5312","Area harvested","01441","Linseed","2023","2023","ha","238731","A","Official value",""
"QCL","Crops and livestock products","356","India","5412","Yield","01441","Linseed","2023","2023","kg/ha","698.5","A","Official value",""
"QCL","Crops and livestock products","356","India","5510","Production","01441","Linseed","2023","2023","t","166753.17","A","Official value",""
"QCL","Crops and livestock products","356","India","5312","Area harvested","0112","Maize (corn)","2000","2000","ha","6682300","A","Official value",""
"QCL","Crops and livestock products","356","India","5412","Yield","0112","Maize (corn)","2000","2000","kg/ha","1799.2","A","Official value",""
"QCL","Crops and livestock products","356","India","5510","Production","0112","Maize (corn)","2000","2000","t","12023000","A","Official value",""
"QCL","Crops and livestock products","356","India","5312","Area harvested","0112","Maize (corn)","2001","2001","ha","6558000","A","Official value",""
"QCL","Crops and livestock products","356","India","5412","Yield","0112","Maize (corn)","2001","2001","kg/ha","1993.3","A","Official value",""
"QCL","Crops and livestock products","356","India","5510","Production","0112","Maize (corn)","2001","2001","t","13071900","A","Official value",""
"QCL","Crops and livestock products","356","India","5312","Area harvested","0112","Maize (corn)","2002","2002","ha","6623800","A","Official value",""
"QCL","Crops and livestock products","356","India","5412","Yield","0112","Maize (corn)","2002","2002","kg/ha","1688.5","A","Official value",""
"QCL","Crops and livestock products","356","India","5510","Production","0112","Maize (corn)","2002","2002","t","11184300","A","Official value",""
"QCL","Crops and livestock products","356","India","5312","Area harvested","0112","Maize (corn)","2003","2003","ha","7249200","A","Official value",""
"QCL","Crops and livestock products","356","India","5412","Yield","0112","Maize (corn)","2003","2003","kg/ha","2015.9","A","Official value",""
"QCL","Crops and livestock products","356","India","5510","Production","0112","Maize (corn)","2003","2003","t","14613700","A","Official value",""
"QCL","Crops and livestock products","356","India","5312","Area harvested","0112","Maize (corn)","2004","2004","ha","7347500","A","Official value",""
"QCL","Crops and livestock products","356","India","5412","Yield","0112","Maize (corn)","2004","2004","kg/ha","1868.2","A","Official value",""
"QCL","Crops and livestock products","356","India","5510","Production","0112","Maize (corn)","2004","2004","t","13726300","A","Official value",""
"QCL","Crops and livestock products","356","India","5312","Area harvested","0112","Maize (corn)","2005","2005","ha","7594100","A","Official value",""
"QCL","Crops and livestock products","356","India","5412","Yield","0112","Maize (corn)","2005","2005","kg/ha","1955.7","A","Official value",""
"QCL","Crops and livestock products","356","India","5510","Production","0112","Maize (corn)","2005","2005","t","14851500","A","Official value",""
"QCL","Crops and livestock products","356","India","5312","Area harvested","0112","Maize (corn)","2006","2006","ha","7790800","A","Official value",""
"QCL","Crops and livestock products","356","India","5412","Yield","0112","Maize (corn)","2006","2006","kg/ha","1811.1","A","Official value",""
"QCL","Crops and livestock products","356","India","5510","Production","0112","Maize (corn)","2006","2006","t","14110300","A","Official value",""
"QCL","Crops and livestock products","356","India","5312","Area harvested","0112","Maize (corn)","2007","2007","ha","8052300","A","Official value",""
"QCL","Crops and livestock products","356","India","5412","Yield","0112","Maize (corn)","2007","2007","kg/ha","2315.8","A","Official value",""
"QCL","Crops and livestock products","356","India","5510","Production","0112","Maize (corn)","2007","2007","t","18647400","A","Official value",""
"QCL","Crops and livestock products","356","India","5312","Area harvested","0112","Maize (corn)","2010","2010","ha","8480267","A","Official value",""
"QCL","Crops and livestock products","356","India","5412","Yield","0112","Maize (corn)","2010","2010","kg/ha","2483.8","A","Official value",""
"QCL","Crops and livestock products","356","India","5510","Production","0112","Maize (corn)","2010","2010","t","21063550.6","A","Official value",""
"QCL","Crops and livestock products","356","India","5312","Area harvested","0112","Maize (corn)","2011","2011","ha","8652320","A","Official value",""
"QCL","Crops and livestock products","356","India","5412","Yield","0112","Maize (corn)","2011","2011","kg/ha","2493.5","A","Official value",""
"QCL","Crops and livestock products","356","India","5510","Production","0112","Maize (corn)","2011","2011","t","21574657.4","A","Official value",""
"QCL","Crops and livestock products","356","India","5312","Area harvested","0112","Maize (corn)","2012","2012","ha","8615188","A","Official value",""
"QCL","Crops and livestock products","356","India","5412","Yield","0112","Maize (corn)","2012","2012","kg/ha","2493","A","Official value",""
"QCL","Crops and livestock products","356","India","5510","Production","0112","Maize (corn)","2012","2012","t","21477569","A","Official value",""
"QCL","Crops and livestock products","356","India","5312","Area harvested","0112","Maize (corn)","2013","2013","ha","8767898","A","Official value",""
"QCL","Crops and livestock products","356","India","5412","Yield","0112","Maize (corn)","2013","2013","kg/ha","2645.9","A","Official value",""
"QCL","Crops and livestock products","356","India","5510","Production","0112","Maize (corn)","2013","2013","t","23198940.44","A","Official value",""
"QCL","Crops and livestock products","356","India","5312","Area harvested","0112","Maize (corn)","2014","2014","ha","9319980","A","Official value",""
"QCL","Crops and livestock products","356","India","5412","Yield","0112","Maize (corn)","2014","2014","kg/ha","2588.8","A","Official value",""
"QCL","Crops and livestock products","356","India","5510","Production","0112","Maize (corn)","2014","2014","t","24127852.08","A","Official value",""
"QCL","Crops and livestock products","356","India","5312","Area harvested","0112","Maize (corn)","2015","2015","ha","8801813","A","Official value",""
"QCL","Crops and livestock products","356","India","5412","Yield","0112","Maize (corn)","2015","2015","kg/ha","2637.2","A","Official value",""
"QCL","Crops and livestock products","356","India","5510","Production","0112","Maize (corn)","2015","2015","t","23212166.9","A","Official value",""
"QCL","Crops and livestock products","356","India","5312","Area harvested","0112","Maize (corn)","2016","2016","ha","9467938","A","Official value",""
"QCL","Crops and livestock products","356","India","5412","Yield","0112","Maize (corn)","2016","2016","kg/ha","2686.3","A","Official value",""
"QCL","Crops and livestock products","356","India","5510","Production","0112","Maize (corn)","2016","2016","t","25433487.4","A","Official value",""
"QCL","Crops and livestock products","356","India","5312","Area harvested","0112","Maize (corn)","2017","2017","ha","9225196","A","Official value",""
"QCL","Crops and livestock products","356","India","5412","Yield","0112","Maize (corn)","2017","2017","kg/ha","2937.5","A","Official value",""
"QCL","Crops and livestock products","356","India","5510","Production","0112","Maize (corn)","2017","2017","t","27099085.11","A","Official value",""
"QCL","Crops and livestock products","356","India","5312","Area harvested","0112","Maize (corn)","2018","2018","ha","9276951","A","Official value",""
"QCL","Crops and livestock products","356","India","5412","Yield","0112","Maize (corn)","2018","2018","kg/ha","3023.4","A","Official value",""
"QCL","Crops and livestock products","356","India","5510","Production","0112","Maize (corn)","2018","2018","t","28048097.7","A","Official value",""
"QCL","Crops and livestock products","356","India","5312","Area harvested","0112","Maize (corn)","2019","2019","ha","9249478","A","Official value",""
"QCL","Crops and livestock products","356","India","5412","Yield","0112","Maize (corn)","2019","2019","kg/ha","2998.1","A","Official value",""
"QCL","Crops and livestock products","356","India","5510","Production","0112","Maize (corn)","2019","2019","t","27730830.78","A","Official value",""
"QCL","Crops and livestock products","356","India","5312","Area harvested","0112","Maize (corn)","2020","2020","ha","9771598","A","Official value",""
"QCL","Crops and livestock products","356","India","5412","Yield","0112","Maize (corn)","2020","2020","kg/ha","3161.4","A","Official value",""
"QCL","Crops and livestock products","356","India","5510","Production","0112","Maize (corn)","2020","2020","t","30891725.28","A","Official value",""
"QCL","Crops and livestock products","356","India","5312","Area harvested","0112","Maize (corn)","2021","2021","ha","9921097","A","Official value",""
"QCL","Crops and livestock products","356","India","5412","Yield","0112","Maize (corn)","2021","2021","kg/ha","3303.3","A","Official value",""
"QCL","Crops and livestock products","356","India","5510","Production","0112","Maize (corn)","2021","2021","t","32772407.24","A","Official value",""
"QCL","Crops and livestock products","356","India","5312","Area harvested","0112","Maize (corn)","2022","2022","ha","10226318","A","Official value",""
"QCL","Crops and livestock products","356","India","5412","Yield","0112","Maize (corn)","2022","2022","kg/ha","3395.4","A","Official value",""
"QCL","Crops and livestock products","356","India","5510","Production","0112","Maize (corn)","2022","2022","t","34722657.26","A","Official value",""
"QCL","Crops and livestock products","356","India","5312","Area harvested","0112","Maize (corn)","2023","2023","ha","11019656","A","Official value",""
"QCL","Crops and livestock products","356","India","5412","Yield","0112","Maize (corn)","2023","2023","kg/ha","3326.5","A","Official value",""
"QCL","Crops and livestock products","356","India","5510","Production","0112","Maize (corn)","2023","2023","t","36656692.78","A","Official value",""
"QCL","Crops and livestock products","356","India","5312","Area harvested","01316","Mangoes, guavas and mangosteens","2000","2000","ha","1669900","A","Official value",""
"QCL","Crops and livestock products","356","India","5412","Yield","01316","Mangoes, guavas and mangosteens","2000","2000","kg/ha","7046.7","A","Official value",""
"QCL","Crops and livestock products","356","India","5510","Production","01316","Mangoes, guavas and mangosteens","2000","2000","t","11767300","A","Official value",""
"QCL","Crops and livestock products","356","India","5312","Area harvested","01316","Mangoes, guavas and mangosteens","2001","2001","ha","1724000","A","Official value",""
"QCL","Crops and livestock products","356","India","5412","Yield","01316","Mangoes, guavas and mangosteens","2001","2001","kg/ha","6758.5","A","Official value",""
"QCL","Crops and livestock products","356","India","5510","Production","01316","Mangoes, guavas and mangosteens","2001","2001","t","11651700","A","Official value",""
"QCL","Crops and livestock products","356","India","5312","Area harvested","01316","Mangoes, guavas and mangosteens","2002","2002","ha","1778000","A","Official value",""
"QCL","Crops and livestock products","356","India","5412","Yield","01316","Mangoes, guavas and mangosteens","2002","2002","kg/ha","8126.4","A","Official value",""
"QCL","Crops and livestock products","356","India","5510","Production","01316","Mangoes, guavas and mangosteens","2002","2002","t","14448700","A","Official value",""
"QCL","Crops and livestock products","356","India","5312","Area harvested","01316","Mangoes, guavas and mangosteens","2003","2003","ha","2061300","A","Official value",""
"QCL","Crops and livestock products","356","India","5412","Yield","01316","Mangoes, guavas and mangosteens","2003","2003","kg/ha","6444","A","Official value",""
"QCL","Crops and livestock products","356","India","5510","Production","01316","Mangoes, guavas and mangosteens","2003","2003","t","13283000","A","Official value",""
"QCL","Crops and livestock products","356","India","5312","Area harvested","01316","Mangoes, guavas and mangosteens","2004","2004","ha","2136800","A","Official value",""
"QCL","Crops and livestock products","356","India","5412","Yield","01316","Mangoes, guavas and mangosteens","2004","2004","kg/ha","6392.9","A","Official value",""
"QCL","Crops and livestock products","356","India","5510","Production","01316","Mangoes, guavas and mangosteens","2004","2004","t","13660400","A","Official value",""
"QCL","Crops and livestock products","356","India","5312","Area harvested","01316","Mangoes, guavas and mangosteens","2005","2005","ha","2241700","A","Official value",""
"QCL","Crops and livestock products","356","India","5412","Yield","01316","Mangoes, guavas and mangosteens","2005","2005","kg/ha","6399.6","A","Official value",""
"QCL","Crops and livestock products","356","India","5510","Production","01316","Mangoes, guavas and mangosteens","2005","2005","t","14345900","A","Official value",""
"QCL","Crops and livestock products","356","India","5312","Area harvested","01316","Mangoes, guavas and mangosteens","2006","2006","ha","2320500","A","Official value",""
"QCL","Crops and livestock products","356","India","5412","Yield","01316","Mangoes, guavas and mangosteens","2006","2006","kg/ha","6666.9","A","Official value",""
"QCL","Crops and livestock products","356","India","5510","Production","01316","Mangoes, guavas and mangosteens","2006","2006","t","15470600","A","Official value",""
"QCL","Crops and livestock products","356","India","5312","Area harvested","01316","Mangoes, guavas and mangosteens","2007","2007","ha","2377000","A","Official value",""
"QCL","Crops and livestock products","356","India","5412","Yield","01316","Mangoes, guavas and mangosteens","2007","2007","kg/ha","6658.8","A","Official value",""
"QCL","Crops and livestock products","356","India","5510","Production","01316","Mangoes, guavas and mangosteens","2007","2007","t","15828000","A","Official value",""
"QCL","Crops and livestock products","356","India","5312","Area harvested","01316","Mangoes, guavas and mangosteens","2010","2010","ha","2516700","A","Official value",""
"QCL","Crops and livestock products","356","India","5412","Yield","01316","Mangoes, guavas and mangosteens","2010","2010","kg/ha","7056.7","A","Official value",""
"QCL","Crops and livestock products","356","India","5510","Production","01316","Mangoes, guavas and mangosteens","2010","2010","t","17759500","A","Official value",""
"QCL","Crops and livestock products","356","India","5312","Area harvested","01316","Mangoes, guavas and mangosteens","2011","2011","ha","2502000","A","Official value",""
"QCL","Crops and livestock products","356","India","5412","Yield","01316","Mangoes, guavas and mangosteens","2011","2011","kg/ha","7054.4","A","Official value",""
"QCL","Crops and livestock products","356","India","5510","Production","01316","Mangoes, guavas and mangosteens","2011","2011","t","17650000","A","Official value",""
"QCL","Crops and livestock products","356","India","5312","Area harvested","01316","Mangoes, guavas and mangosteens","2012","2012","ha","2598000","A","Official value",""
"QCL","Crops and livestock products","356","India","5412","Yield","01316","Mangoes, guavas and mangosteens","2012","2012","kg/ha","7200.2","A","Official value",""
"QCL","Crops and livestock products","356","India","5510","Production","01316","Mangoes, guavas and mangosteens","2012","2012","t","18706000","A","Official value",""
"QCL","Crops and livestock products","356","India","5312","Area harvested","01316","Mangoes, guavas and mangosteens","2013","2013","ha","2736000","A","Official value",""
"QCL","Crops and livestock products","356","India","5412","Yield","01316","Mangoes, guavas and mangosteens","2013","2013","kg/ha","7748.5","A","Official value",""
"QCL","Crops and livestock products","356","India","5510","Production","01316","Mangoes, guavas and mangosteens","2013","2013","t","21200000","A","Official value",""
"QCL","Crops and livestock products","356","India","5312","Area harvested","01316","Mangoes, guavas and mangosteens","2014","2014","ha","2784000","A","Official value",""
"QCL","Crops and livestock products","356","India","5412","Yield","01316","Mangoes, guavas and mangosteens","2014","2014","kg/ha","7937.9","A","Official value",""
"QCL","Crops and livestock products","356","India","5510","Production","01316","Mangoes, guavas and mangosteens","2014","2014","t","22099000","A","Official value",""
"QCL","Crops and livestock products","356","India","5312","Area harvested","01316","Mangoes, guavas and mangosteens","2015","2015","ha","2409000","A","Official value",""
"QCL","Crops and livestock products","356","India","5412","Yield","01316","Mangoes, guavas and mangosteens","2015","2015","kg/ha","9348.7","A","Official value",""
"QCL","Crops and livestock products","356","India","5510","Production","01316","Mangoes, guavas and mangosteens","2015","2015","t","22521000","A","Official value",""
"QCL","Crops and livestock products","356","India","5312","Area harvested","01316","Mangoes, guavas and mangosteens","2016","2016","ha","2463430","A","Official value",""
"QCL","Crops and livestock products","356","India","5412","Yield","01316","Mangoes, guavas and mangosteens","2016","2016","kg/ha","9210.9","A","Official value",""
"QCL","Crops and livestock products","356","India","5510","Production","01316","Mangoes, guavas and mangosteens","2016","2016","t","22690327.08","A","Official value",""
"QCL","Crops and livestock products","356","India","5312","Area harvested","01316","Mangoes, guavas and mangosteens","2017","2017","ha","2472308","A","Official value",""
"QCL","Crops and livestock products","356","India","5412","Yield","01316","Mangoes, guavas and mangosteens","2017","2017","kg/ha","9437.6","A","Official value",""
"QCL","Crops and livestock products","356","India","5510","Production","01316","Mangoes, guavas and mangosteens","2017","2017","t","23332591","A","Official value",""
"QCL","Crops and livestock products","356","India","5312","Area harvested","01316","Mangoes, guavas and mangosteens","2018","2018","ha","2527152","A","Official value",""
"QCL","Crops and livestock products","356","India","5412","Yield","01316","Mangoes, guavas and mangosteens","2018","2018","kg/ha","9879.1","A","Official value",""
"QCL","Crops and livestock products","356","India","5510","Production","01316","Mangoes, guavas and mangosteens","2018","2018","t","24965999.18","A","Official value",""
"QCL","Crops and livestock products","356","India","5312","Area harvested","01316","Mangoes, guavas and mangosteens","2019","2019","ha","2572056","A","Official value",""
"QCL","Crops and livestock products","356","India","5412","Yield","01316","Mangoes, guavas and mangosteens","2019","2019","kg/ha","9965.1","A","Official value",""
"QCL","Crops and livestock products","356","India","5510","Production","01316","Mangoes, guavas and mangosteens","2019","2019","t","25630690.5","A","Official value",""
"QCL","Crops and livestock products","356","India","5312","Area harvested","01316","Mangoes, guavas and mangosteens","2020","2020","ha","2586382","A","Official value",""
"QCL","Crops and livestock products","356","India","5412","Yield","01316","Mangoes, guavas and mangosteens","2020","2020","kg/ha","9541.5","A","Official value",""
"QCL","Crops and livestock products","356","India","5510","Production","01316","Mangoes, guavas and mangosteens","2020","2020","t","24677842.12","A","Official value",""
"QCL","Crops and livestock products","356","India","5312","Area harvested","01316","Mangoes, guavas and mangosteens","2021","2021","ha","2624906","A","Official value",""
"QCL","Crops and livestock products","356","India","5412","Yield","01316","Mangoes, guavas and mangosteens","2021","2021","kg/ha","9512.1","A","Official value",""
"QCL","Crops and livestock products","356","India","5510","Production","01316","Mangoes, guavas and mangosteens","2021","2021","t","24968289.83","A","Official value",""
"QCL","Crops and livestock products","356","India","5312","Area harvested","01316","Mangoes, guavas and mangosteens","2022","2022","ha","2704000","A","Official value",""
"QCL","Crops and livestock products","356","India","5412","Yield","01316","Mangoes, guavas and mangosteens","2022","2022","kg/ha","9726","A","Official value",""
"QCL","Crops and livestock products","356","India","5510","Production","01316","Mangoes, guavas and mangosteens","2022","2022","t","26299000","A","Official value",""
"QCL","Crops and livestock products","356","India","5312","Area harvested","01316","Mangoes, guavas and mangosteens","2023","2023","ha","2698000","A","Official value",""
"QCL","Crops and livestock products","356","India","5412","Yield","01316","Mangoes, guavas and mangosteens","2023","2023","kg/ha","9724.2","A","Official value",""
"QCL","Crops and livestock products","356","India","5510","Production","01316","Mangoes, guavas and mangosteens","2023","2023","t","26236000","A","Official value",""
"QCL","Crops and livestock products","356","India","5510","Production","21700.02","Margarine and shortening","2000","2000","t","1320000","A","Official value",""
"QCL","Crops and livestock products","356","India","5510","Production","21700.02","Margarine and shortening","2001","2001","t","1445000","A","Official value",""
"QCL","Crops and livestock products","356","India","5510","Production","21700.02","Margarine and shortening","2002","2002","t","1301000","A","Official value",""
"QCL","Crops and livestock products","356","India","5510","Production","21700.02","Margarine and shortening","2003","2003","t","1448000","A","Official value",""
"QCL","Crops and livestock products","356","India","5510","Production","21700.02","Margarine and shortening","2004","2004","t","1628000","A","Official value",""
"QCL","Crops and livestock products","356","India","5510","Production","21700.02","Margarine and shortening","2005","2005","t","1898000","A","Official value",""
"QCL","Crops and livestock products","356","India","5510","Production","21700.02","Margarine and shortening","2006","2006","t","1193000","A","Official value",""
"QCL","Crops and livestock products","356","India","5510","Production","21700.02","Margarine and shortening","2007","2007","t","1285000","A","Official value",""
"QCL","Crops and livestock products","356","India","5510","Production","21700.02","Margarine and shortening","2010","2010","t","1122000","A","Official value",""
"QCL","Crops and livestock products","356","India","5510","Production","21700.02","Margarine and shortening","2011","2011","t","827000","A","Official value",""
"QCL","Crops and livestock products","356","India","5510","Production","21700.02","Margarine and shortening","2012","2012","t","930000","X","Value from external organization","Unofficial figure"
"QCL","Crops and livestock products","356","India","5510","Production","21700.02","Margarine and shortening","2013","2013","t","815500","X","Value from external organization","Unofficial figure"
"QCL","Crops and livestock products","356","India","5510","Production","21700.02","Margarine and shortening","2014","2014","t","887500","X","Value from external organization","Unofficial figure"
"QCL","Crops and livestock products","356","India","5510","Production","21700.02","Margarine and shortening","2015","2015","t","1045800","X","Value from external organization","Unofficial figure"
"QCL","Crops and livestock products","356","India","5510","Production","21700.02","Margarine and shortening","2016","2016","t","939000","X","Value from external organization","Unofficial figure"
"QCL","Crops and livestock products","356","India","5510","Production","21700.02","Margarine and shortening","2017","2017","t","859600","X","Value from external organization","Unofficial figure"
"QCL","Crops and livestock products","356","India","5510","Production","21700.02","Margarine and shortening","2018","2018","t","573600","X","Value from external organization","Unofficial figure"
"QCL","Crops and livestock products","356","India","5510","Production","21700.02","Margarine and shortening","2019","2019","t","574400","X","Value from external organization","Unofficial figure"
"QCL","Crops and livestock products","356","India","5510","Production","21700.02","Margarine and shortening","2020","2020","t","497100","X","Value from external organization","Unofficial figure"
"QCL","Crops and livestock products","356","India","5510","Production","21700.02","Margarine and shortening","2021","2021","t","483000","X","Value from external organization","Unofficial figure"
"QCL","Crops and livestock products","356","India","5510","Production","21700.02","Margarine and shortening","2022","2022","t","436000","X","Value from external organization","Unofficial figure"
"QCL","Crops and livestock products","356","India","5510","Production","21700.02","Margarine and shortening","2023","2023","t","445000","X","Value from external organization","Unofficial figure"
"QCL","Crops and livestock products","356","India","5312","Area harvested","0118","Millet","2000","2000","ha","13076000","A","Official value",""
"QCL","Crops and livestock products","356","India","5412","Yield","0118","Millet","2000","2000","kg/ha","781.5","A","Official value",""
"QCL","Crops and livestock products","356","India","5510","Production","0118","Millet","2000","2000","t","10218800","A","Official value",""
"QCL","Crops and livestock products","356","India","5312","Area harvested","0118","Millet","2001","2001","ha","12478300","A","Official value",""
"QCL","Crops and livestock products","356","India","5412","Yield","0118","Millet","2001","2001","kg/ha","900.6","A","Official value",""
"QCL","Crops and livestock products","356","India","5510","Production","0118","Millet","2001","2001","t","11237700","A","Official value",""
"QCL","Crops and livestock products","356","India","5312","Area harvested","0118","Millet","2002","2002","ha","10317300","A","Official value",""
"QCL","Crops and livestock products","356","India","5412","Yield","0118","Millet","2002","2002","kg/ha","631.1","A","Official value",""
"QCL","Crops and livestock products","356","India","5510","Production","0118","Millet","2002","2002","t","6511500","A","Official value",""
"QCL","Crops and livestock products","356","India","5312","Area harvested","0118","Millet","2003","2003","ha","13447400","A","Official value",""
"QCL","Crops and livestock products","356","India","5412","Yield","0118","Millet","2003","2003","kg/ha","1081.4","A","Official value",""
"QCL","Crops and livestock products","356","India","5510","Production","0118","Millet","2003","2003","t","14542200","A","Official value",""
"QCL","Crops and livestock products","356","India","5312","Area harvested","0118","Millet","2004","2004","ha","11918900","A","Official value",""
"QCL","Crops and livestock products","356","India","5412","Yield","0118","Millet","2004","2004","kg/ha","913.6","A","Official value",""
"QCL","Crops and livestock products","356","India","5510","Production","0118","Millet","2004","2004","t","10888720","A","Official value",""
"QCL","Crops and livestock products","356","India","5312","Area harvested","0118","Millet","2005","2005","ha","12184600","A","Official value",""
"QCL","Crops and livestock products","356","India","5412","Yield","0118","Millet","2005","2005","kg/ha","857.5","A","Official value",""
"QCL","Crops and livestock products","356","India","5510","Production","0118","Millet","2005","2005","t","10448400","A","Official value",""
"QCL","Crops and livestock products","356","India","5312","Area harvested","0118","Millet","2006","2006","ha","11681200","A","Official value",""
"QCL","Crops and livestock products","356","India","5412","Yield","0118","Millet","2006","2006","kg/ha","888.2","A","Official value",""
"QCL","Crops and livestock products","356","India","5510","Production","0118","Millet","2006","2006","t","10375400","A","Official value",""
"QCL","Crops and livestock products","356","India","5312","Area harvested","0118","Millet","2007","2007","ha","11970600","A","Official value",""
"QCL","Crops and livestock products","356","India","5412","Yield","0118","Millet","2007","2007","kg/ha","1044.9","A","Official value",""
"QCL","Crops and livestock products","356","India","5510","Production","0118","Millet","2007","2007","t","12508300","A","Official value",""
"QCL","Crops and livestock products","356","India","5312","Area harvested","0118","Millet","2010","2010","ha","11482354","A","Official value",""
"QCL","Crops and livestock products","356","India","5412","Yield","0118","Millet","2010","2010","kg/ha","1105.5","A","Official value",""
"QCL","Crops and livestock products","356","India","5510","Production","0118","Millet","2010","2010","t","12693410.4","A","Official value",""
"QCL","Crops and livestock products","356","India","5312","Area harvested","0118","Millet","2011","2011","ha","10805223","A","Official value",""
"QCL","Crops and livestock products","356","India","5412","Yield","0118","Millet","2011","2011","kg/ha","1171.4","A","Official value",""
"QCL","Crops and livestock products","356","India","5510","Production","0118","Millet","2011","2011","t","12656823.46","A","Official value",""
"QCL","Crops and livestock products","356","India","5312","Area harvested","0118","Millet","2012","2012","ha","9567895","A","Official value",""
"QCL","Crops and livestock products","356","India","5412","Yield","0118","Millet","2012","2012","kg/ha","1205","A","Official value",""
"QCL","Crops and livestock products","356","India","5510","Production","0118","Millet","2012","2012","t","11529157.59","A","Official value",""
"QCL","Crops and livestock products","356","India","5312","Area harvested","0118","Millet","2013","2013","ha","9686646","A","Official value",""
"QCL","Crops and livestock products","356","India","5412","Yield","0118","Millet","2013","2013","kg/ha","1204","A","Official value",""
"QCL","Crops and livestock products","356","India","5510","Production","0118","Millet","2013","2013","t","11662927.1","A","Official value",""
"QCL","Crops and livestock products","356","India","5312","Area harvested","0118","Millet","2014","2014","ha","9115600","A","Official value",""
"QCL","Crops and livestock products","356","India","5412","Yield","0118","Millet","2014","2014","kg/ha","1275.9","A","Official value",""
"QCL","Crops and livestock products","356","India","5510","Production","0118","Millet","2014","2014","t","11631000","A","Official value",""
"QCL","Crops and livestock products","356","India","5312","Area harvested","0118","Millet","2015","2015","ha","8916754","A","Official value",""
"QCL","Crops and livestock products","356","India","5412","Yield","0118","Millet","2015","2015","kg/ha","1152.8","A","Official value",""
"QCL","Crops and livestock products","356","India","5510","Production","0118","Millet","2015","2015","t","10279447.33","A","Official value",""
"QCL","Crops and livestock products","356","India","5312","Area harvested","0118","Millet","2016","2016","ha","9093724","A","Official value",""
"QCL","Crops and livestock products","356","India","5412","Yield","0118","Millet","2016","2016","kg/ha","1270.9","A","Official value",""
"QCL","Crops and livestock products","356","India","5510","Production","0118","Millet","2016","2016","t","11556916.27","A","Official value",""
"QCL","Crops and livestock products","356","India","5312","Area harvested","0118","Millet","2017","2017","ha","9221160","A","Official value",""
"QCL","Crops and livestock products","356","India","5412","Yield","0118","Millet","2017","2017","kg/ha","1261.6","A","Official value",""
"QCL","Crops and livestock products","356","India","5510","Production","0118","Millet","2017","2017","t","11633068.43","A","Official value",""
"QCL","Crops and livestock products","356","India","5312","Area harvested","0118","Millet","2018","2018","ha","8449723","A","Official value",""
"QCL","Crops and livestock products","356","India","5412","Yield","0118","Millet","2018","2018","kg/ha","1211.4","A","Official value",""
"QCL","Crops and livestock products","356","India","5510","Production","0118","Millet","2018","2018","t","10235828.75","A","Official value",""
"QCL","Crops and livestock products","356","India","5312","Area harvested","0118","Millet","2019","2019","ha","9005493","A","Official value",""
"QCL","Crops and livestock products","356","India","5412","Yield","0118","Millet","2019","2019","kg/ha","1386.8","A","Official value",""
"QCL","Crops and livestock products","356","India","5510","Production","0118","Millet","2019","2019","t","12488468.03","A","Official value",""
"QCL","Crops and livestock products","356","India","5312","Area harvested","0118","Millet","2020","2020","ha","9255542","A","Official value",""
"QCL","Crops and livestock products","356","India","5412","Yield","0118","Millet","2020","2020","kg/ha","1427.1","A","Official value",""
"QCL","Crops and livestock products","356","India","5510","Production","0118","Millet","2020","2020","t","13208479.58","A","Official value",""
"QCL","Crops and livestock products","356","India","5312","Area harvested","0118","Millet","2021","2021","ha","8488147","A","Official value",""
"QCL","Crops and livestock products","356","India","5412","Yield","0118","Millet","2021","2021","kg/ha","1396","A","Official value",""
"QCL","Crops and livestock products","356","India","5510","Production","0118","Millet","2021","2021","t","11849184.52","A","Official value",""
"QCL","Crops and livestock products","356","India","5312","Area harvested","0118","Millet","2022","2022","ha","8763589","A","Official value",""
"QCL","Crops and livestock products","356","India","5412","Yield","0118","Millet","2022","2022","kg/ha","1417.7","A","Official value",""
"QCL","Crops and livestock products","356","India","5510","Production","0118","Millet","2022","2022","t","12424565.34","A","Official value",""
"QCL","Crops and livestock products","356","India","5312","Area harvested","0118","Millet","2023","2023","ha","9060986","A","Official value",""
"QCL","Crops and livestock products","356","India","5412","Yield","0118","Millet","2023","2023","kg/ha","1419.7","A","Official value",""
"QCL","Crops and livestock products","356","India","5510","Production","0118","Millet","2023","2023","t","12864089.9","A","Official value",""
"QCL","Crops and livestock products","356","India","5510","Production","23540","Molasses","2000","2000","t","8022000","X","Value from external organization","Unofficial figure"
"QCL","Crops and livestock products","356","India","5510","Production","23540","Molasses","2001","2001","t","7820000","X","Value from external organization","Unofficial figure"
"QCL","Crops and livestock products","356","India","5510","Production","23540","Molasses","2002","2002","t","8073000","X","Value from external organization","Unofficial figure"
"QCL","Crops and livestock products","356","India","5510","Production","23540","Molasses","2003","2003","t","8879000","X","Value from external organization","Unofficial figure"
"QCL","Crops and livestock products","356","India","5510","Production","23540","Molasses","2004","2004","t","5905000","X","Value from external organization","Unofficial figure"
"QCL","Crops and livestock products","356","India","5510","Production","23540","Molasses","2005","2005","t","5514000","X","Value from external organization","Unofficial figure"
"QCL","Crops and livestock products","356","India","5510","Production","23540","Molasses","2006","2006","t","8550000","X","Value from external organization","Unofficial figure"
"QCL","Crops and livestock products","356","India","5510","Production","23540","Molasses","2007","2007","t","13089000","X","Value from external organization","Unofficial figure"
"QCL","Crops and livestock products","356","India","5510","Production","23540","Molasses","2010","2010","t","8400000","X","Value from external organization","Unofficial figure"
"QCL","Crops and livestock products","356","India","5510","Production","23540","Molasses","2011","2011","t","10970000","X","Value from external organization","Unofficial figure"
"QCL","Crops and livestock products","356","India","5510","Production","23540","Molasses","2012","2012","t","11800000","X","Value from external organization","Unofficial figure"
"QCL","Crops and livestock products","356","India","5510","Production","23540","Molasses","2013","2013","t","11744000","X","Value from external organization","Unofficial figure"
"QCL","Crops and livestock products","356","India","5510","Production","23540","Molasses","2014","2014","t","10882000","X","Value from external organization","Unofficial figure"
"QCL","Crops and livestock products","356","India","5510","Production","23540","Molasses","2015","2015","t","12482000","X","Value from external organization","Unofficial figure"
"QCL","Crops and livestock products","356","India","5510","Production","23540","Molasses","2016","2016","t","10873000","X","Value from external organization","Unofficial figure"
"QCL","Crops and livestock products","356","India","5510","Production","23540","Molasses","2017","2017","t","9026000","X","Value from external organization","Unofficial figure"
"QCL","Crops and livestock products","356","India","5510","Production","23540","Molasses","2018","2018","t","14063000","X","Value from external organization","Unofficial figure"
"QCL","Crops and livestock products","356","India","5510","Production","23540","Molasses","2019","2019","t","14100000","X","Value from external organization","Unofficial figure"
"QCL","Crops and livestock products","356","India","5510","Production","23540","Molasses","2020","2020","t","11125000","X","Value from external organization","Unofficial figure"
"QCL","Crops and livestock products","356","India","5510","Production","23540","Molasses","2021","2021","t","12325733.99","I","Value imputed by a receiving agency",""
"QCL","Crops and livestock products","356","India","5510","Production","23540","Molasses","2022","2022","t","14352466.67","I","Value imputed by a receiving agency",""
"QCL","Crops and livestock products","356","India","5510","Production","23540","Molasses","2023","2023","t","14399166.67","I","Value imputed by a receiving agency",""
"QCL","Crops and livestock products","356","India","5510","Production","01270","Mushrooms and truffles","2000","2000","t","24000","E","Estimated value",""
"QCL","Crops and livestock products","356","India","5510","Production","01270","Mushrooms and truffles","2001","2001","t","30000","E","Estimated value",""
"QCL","Crops and livestock products","356","India","5510","Production","01270","Mushrooms and truffles","2002","2002","t","40000","A","Official value",""
"QCL","Crops and livestock products","356","India","5510","Production","01270","Mushrooms and truffles","2003","2003","t","40000","A","Official value",""
"QCL","Crops and livestock products","356","India","5510","Production","01270","Mushrooms and truffles","2004","2004","t","40000","A","Official value",""
"QCL","Crops and livestock products","356","India","5510","Production","01270","Mushrooms and truffles","2005","2005","t","40000","A","Official value",""
"QCL","Crops and livestock products","356","India","5510","Production","01270","Mushrooms and truffles","2006","2006","t","35000","A","Official value",""
"QCL","Crops and livestock products","356","India","5510","Production","01270","Mushrooms and truffles","2007","2007","t","37000","A","Official value",""
"QCL","Crops and livestock products","356","India","5510","Production","01270","Mushrooms and truffles","2010","2010","t","40600","A","Official value",""
"QCL","Crops and livestock products","356","India","5510","Production","01270","Mushrooms and truffles","2011","2011","t","40600","A","Official value",""
"QCL","Crops and livestock products","356","India","5510","Production","01270","Mushrooms and truffles","2012","2012","t","30000","E","Estimated value",""
"QCL","Crops and livestock products","356","India","5510","Production","01270","Mushrooms and truffles","2013","2013","t","17000","A","Official value",""
"QCL","Crops and livestock products","356","India","5510","Production","01270","Mushrooms and truffles","2014","2014","t","28000","A","Official value",""
"QCL","Crops and livestock products","356","India","5510","Production","01270","Mushrooms and truffles","2015","2015","t","51000","A","Official value",""
"QCL","Crops and livestock products","356","India","5510","Production","01270","Mushrooms and truffles","2016","2016","t","76000","A","Official value",""
"QCL","Crops and livestock products","356","India","5510","Production","01270","Mushrooms and truffles","2017","2017","t","102020.79","I","Value imputed by a receiving agency",""
"QCL","Crops and livestock products","356","India","5510","Production","01270","Mushrooms and truffles","2018","2018","t","134000","A","Official value",""
"QCL","Crops and livestock products","356","India","5510","Production","01270","Mushrooms and truffles","2019","2019","t","182000","A","Official value",""
"QCL","Crops and livestock products","356","India","5510","Production","01270","Mushrooms and truffles","2020","2020","t","211000","A","Official value",""
"QCL","Crops and livestock products","356","India","5510","Production","01270","Mushrooms and truffles","2021","2021","t","243000","A","Official value",""
"QCL","Crops and livestock products","356","India","5510","Production","01270","Mushrooms and truffles","2022","2022","t","280000","A","Official value",""
"QCL","Crops and livestock products","356","India","5510","Production","01270","Mushrooms and truffles","2023","2023","t","315000","A","Official value",""
"QCL","Crops and livestock products","356","India","5312","Area harvested","01950.01","Natural rubber in primary forms","2000","2000","ha","400000","A","Official value",""
"QCL","Crops and livestock products","356","India","5412","Yield","01950.01","Natural rubber in primary forms","2000","2000","kg/ha","1575","A","Official value",""
"QCL","Crops and livestock products","356","India","5510","Production","01950.01","Natural rubber in primary forms","2000","2000","t","630000","A","Official value",""
"QCL","Crops and livestock products","356","India","5312","Area harvested","01950.01","Natural rubber in primary forms","2001","2001","ha","401000","A","Official value",""
"QCL","Crops and livestock products","356","India","5412","Yield","01950.01","Natural rubber in primary forms","2001","2001","kg/ha","1573.6","A","Official value",""
"QCL","Crops and livestock products","356","India","5510","Production","01950.01","Natural rubber in primary forms","2001","2001","t","631000","A","Official value",""
"QCL","Crops and livestock products","356","India","5312","Area harvested","01950.01","Natural rubber in primary forms","2002","2002","ha","408000","A","Official value",""
"QCL","Crops and livestock products","356","India","5412","Yield","01950.01","Natural rubber in primary forms","2002","2002","kg/ha","1591.8","A","Official value",""
"QCL","Crops and livestock products","356","India","5510","Production","01950.01","Natural rubber in primary forms","2002","2002","t","649435","A","Official value",""
"QCL","Crops and livestock products","356","India","5312","Area harvested","01950.01","Natural rubber in primary forms","2003","2003","ha","428000","A","Official value",""
"QCL","Crops and livestock products","356","India","5412","Yield","01950.01","Natural rubber in primary forms","2003","2003","kg/ha","1662.7","A","Official value",""
"QCL","Crops and livestock products","356","India","5510","Production","01950.01","Natural rubber in primary forms","2003","2003","t","711650","A","Official value",""
"QCL","Crops and livestock products","356","India","5312","Area harvested","01950.01","Natural rubber in primary forms","2004","2004","ha","440000","A","Official value",""
"QCL","Crops and livestock products","356","India","5412","Yield","01950.01","Natural rubber in primary forms","2004","2004","kg/ha","1703.8","A","Official value",""
"QCL","Crops and livestock products","356","India","5510","Production","01950.01","Natural rubber in primary forms","2004","2004","t","749665","A","Official value",""
"QCL","Crops and livestock products","356","India","5312","Area harvested","01950.01","Natural rubber in primary forms","2005","2005","ha","447000","A","Official value",""
"QCL","Crops and livestock products","356","India","5412","Yield","01950.01","Natural rubber in primary forms","2005","2005","kg/ha","1795.6","A","Official value",""
"QCL","Crops and livestock products","356","India","5510","Production","01950.01","Natural rubber in primary forms","2005","2005","t","802625","A","Official value",""
"QCL","Crops and livestock products","356","India","5312","Area harvested","01950.01","Natural rubber in primary forms","2006","2006","ha","454000","A","Official value",""
"QCL","Crops and livestock products","356","India","5412","Yield","01950.01","Natural rubber in primary forms","2006","2006","kg/ha","1878.6","A","Official value",""
"QCL","Crops and livestock products","356","India","5510","Production","01950.01","Natural rubber in primary forms","2006","2006","t","852895","A","Official value",""
"QCL","Crops and livestock products","356","India","5312","Area harvested","01950.01","Natural rubber in primary forms","2007","2007","ha","459000","A","Official value",""
"QCL","Crops and livestock products","356","India","5412","Yield","01950.01","Natural rubber in primary forms","2007","2007","kg/ha","1798.1","A","Official value",""
"QCL","Crops and livestock products","356","India","5510","Production","01950.01","Natural rubber in primary forms","2007","2007","t","825345","A","Official value",""
"QCL","Crops and livestock products","356","India","5312","Area harvested","01950.01","Natural rubber in primary forms","2010","2010","ha","477000","A","Official value",""
"QCL","Crops and livestock products","356","India","5412","Yield","01950.01","Natural rubber in primary forms","2010","2010","kg/ha","1807.1","A","Official value",""
"QCL","Crops and livestock products","356","India","5510","Production","01950.01","Natural rubber in primary forms","2010","2010","t","862000","A","Official value",""
"QCL","Crops and livestock products","356","India","5312","Area harvested","01950.01","Natural rubber in primary forms","2011","2011","ha","440000","E","Estimated value",""
"QCL","Crops and livestock products","356","India","5412","Yield","01950.01","Natural rubber in primary forms","2011","2011","kg/ha","1818.2","E","Estimated value",""
"QCL","Crops and livestock products","356","India","5510","Production","01950.01","Natural rubber in primary forms","2011","2011","t","800000","A","Official value",""
"QCL","Crops and livestock products","356","India","5312","Area harvested","01950.01","Natural rubber in primary forms","2012","2012","ha","442000","E","Estimated value",""
"QCL","Crops and livestock products","356","India","5412","Yield","01950.01","Natural rubber in primary forms","2012","2012","kg/ha","2036.2","E","Estimated value",""
"QCL","Crops and livestock products","356","India","5510","Production","01950.01","Natural rubber in primary forms","2012","2012","t","900000","A","Official value",""
"QCL","Crops and livestock products","356","India","5312","Area harvested","01950.01","Natural rubber in primary forms","2013","2013","ha","450000","E","Estimated value",""
"QCL","Crops and livestock products","356","India","5412","Yield","01950.01","Natural rubber in primary forms","2013","2013","kg/ha","2000","E","Estimated value",""
"QCL","Crops and livestock products","356","India","5510","Production","01950.01","Natural rubber in primary forms","2013","2013","t","900000","A","Official value",""
"QCL","Crops and livestock products","356","India","5312","Area harvested","01950.01","Natural rubber in primary forms","2014","2014","ha","455000","E","Estimated value",""
"QCL","Crops and livestock products","356","India","5412","Yield","01950.01","Natural rubber in primary forms","2014","2014","kg/ha","2065.9","E","Estimated value",""
"QCL","Crops and livestock products","356","India","5510","Production","01950.01","Natural rubber in primary forms","2014","2014","t","940000","E","Estimated value",""
"QCL","Crops and livestock products","356","India","5312","Area harvested","01950.01","Natural rubber in primary forms","2015","2015","ha","455991","I","Value imputed by a receiving agency",""
"QCL","Crops and livestock products","356","India","5412","Yield","01950.01","Natural rubber in primary forms","2015","2015","kg/ha","2071.3","E","Estimated value",""
"QCL","Crops and livestock products","356","India","5510","Production","01950.01","Natural rubber in primary forms","2015","2015","t","944504.26","I","Value imputed by a receiving agency",""
"QCL","Crops and livestock products","356","India","5312","Area harvested","01950.01","Natural rubber in primary forms","2016","2016","ha","457422","I","Value imputed by a receiving agency",""
"QCL","Crops and livestock products","356","India","5412","Yield","01950.01","Natural rubber in primary forms","2016","2016","kg/ha","2078.2","E","Estimated value",""
"QCL","Crops and livestock products","356","India","5510","Production","01950.01","Natural rubber in primary forms","2016","2016","t","950600.4","I","Value imputed by a receiving agency",""
"QCL","Crops and livestock products","356","India","5312","Area harvested","01950.01","Natural rubber in primary forms","2017","2017","ha","340833","I","Value imputed by a receiving agency",""
"QCL","Crops and livestock products","356","India","5412","Yield","01950.01","Natural rubber in primary forms","2017","2017","kg/ha","2091.9","E","Estimated value",""
"QCL","Crops and livestock products","356","India","5510","Production","01950.01","Natural rubber in primary forms","2017","2017","t","713000","X","Value from external organization","Unofficial figure"
"QCL","Crops and livestock products","356","India","5312","Area harvested","01950.01","Natural rubber in primary forms","2018","2018","ha","312390","I","Value imputed by a receiving agency",""
"QCL","Crops and livestock products","356","India","5412","Yield","01950.01","Natural rubber in primary forms","2018","2018","kg/ha","2112.7","E","Estimated value",""
"QCL","Crops and livestock products","356","India","5510","Production","01950.01","Natural rubber in primary forms","2018","2018","t","660000","X","Value from external organization","Unofficial figure"
"QCL","Crops and livestock products","356","India","5312","Area harvested","01950.01","Natural rubber in primary forms","2019","2019","ha","327932","I","Value imputed by a receiving agency",""
"QCL","Crops and livestock products","356","India","5412","Yield","01950.01","Natural rubber in primary forms","2019","2019","kg/ha","2140.7","E","Estimated value",""
"QCL","Crops and livestock products","356","India","5510","Production","01950.01","Natural rubber in primary forms","2019","2019","t","702000","X","Value from external organization","Unofficial figure"
"QCL","Crops and livestock products","356","India","5312","Area harvested","01950.01","Natural rubber in primary forms","2020","2020","ha","316014","I","Value imputed by a receiving agency",""
"QCL","Crops and livestock products","356","India","5412","Yield","01950.01","Natural rubber in primary forms","2020","2020","kg/ha","2167.6","E","Estimated value",""
"QCL","Crops and livestock products","356","India","5510","Production","01950.01","Natural rubber in primary forms","2020","2020","t","685000","X","Value from external organization","Unofficial figure"
"QCL","Crops and livestock products","356","India","5312","Area harvested","01950.01","Natural rubber in primary forms","2021","2021","ha","337396","I","Value imputed by a receiving agency",""
"QCL","Crops and livestock products","356","India","5412","Yield","01950.01","Natural rubber in primary forms","2021","2021","kg/ha","2219.9","E","Estimated value",""
"QCL","Crops and livestock products","356","India","5510","Production","01950.01","Natural rubber in primary forms","2021","2021","t","749000","X","Value from external organization","Unofficial figure"
"QCL","Crops and livestock products","356","India","5312","Area harvested","01950.01","Natural rubber in primary forms","2022","2022","ha","377915","I","Value imputed by a receiving agency",""
"QCL","Crops and livestock products","356","India","5412","Yield","01950.01","Natural rubber in primary forms","2022","2022","kg/ha","2230.7","E","Estimated value",""
"QCL","Crops and livestock products","356","India","5510","Production","01950.01","Natural rubber in primary forms","2022","2022","t","843000","X","Value from external organization","Unofficial figure"
"QCL","Crops and livestock products","356","India","5312","Area harvested","01950.01","Natural rubber in primary forms","2023","2023","ha","376335","I","Value imputed by a receiving agency",""
"QCL","Crops and livestock products","356","India","5412","Yield","01950.01","Natural rubber in primary forms","2023","2023","kg/ha","2256","E","Estimated value",""
"QCL","Crops and livestock products","356","India","5510","Production","01950.01","Natural rubber in primary forms","2023","2023","t","849000","X","Value from external organization","Unofficial figure"
"QCL","Crops and livestock products","356","India","5312","Area harvested","01653","Nutmeg, mace, cardamoms, raw","2000","2000","ha","92400","A","Official value",""
"QCL","Crops and livestock products","356","India","5412","Yield","01653","Nutmeg, mace, cardamoms, raw","2000","2000","kg/ha","156.9","A","Official value",""
"QCL","Crops and livestock products","356","India","5510","Production","01653","Nutmeg, mace, cardamoms, raw","2000","2000","t","14500","A","Official value",""
"QCL","Crops and livestock products","356","India","5312","Area harvested","01653","Nutmeg, mace, cardamoms, raw","2001","2001","ha","91600","A","Official value",""
"QCL","Crops and livestock products","356","India","5412","Yield","01653","Nutmeg, mace, cardamoms, raw","2001","2001","kg/ha","165.9","A","Official value",""
"QCL","Crops and livestock products","356","India","5510","Production","01653","Nutmeg, mace, cardamoms, raw","2001","2001","t","15200","A","Official value",""
"QCL","Crops and livestock products","356","India","5312","Area harvested","01653","Nutmeg, mace, cardamoms, raw","2002","2002","ha","88500","A","Official value",""
"QCL","Crops and livestock products","356","India","5412","Yield","01653","Nutmeg, mace, cardamoms, raw","2002","2002","kg/ha","174","A","Official value",""
"QCL","Crops and livestock products","356","India","5510","Production","01653","Nutmeg, mace, cardamoms, raw","2002","2002","t","15400","A","Official value",""
"QCL","Crops and livestock products","356","India","5312","Area harvested","01653","Nutmeg, mace, cardamoms, raw","2003","2003","ha","95600","A","Official value",""
"QCL","Crops and livestock products","356","India","5412","Yield","01653","Nutmeg, mace, cardamoms, raw","2003","2003","kg/ha","174.7","A","Official value",""
"QCL","Crops and livestock products","356","India","5510","Production","01653","Nutmeg, mace, cardamoms, raw","2003","2003","t","16700","A","Official value",""
"QCL","Crops and livestock products","356","India","5312","Area harvested","01653","Nutmeg, mace, cardamoms, raw","2004","2004","ha","95200","A","Official value",""
"QCL","Crops and livestock products","356","India","5412","Yield","01653","Nutmeg, mace, cardamoms, raw","2004","2004","kg/ha","177.5","A","Official value",""
"QCL","Crops and livestock products","356","India","5510","Production","01653","Nutmeg, mace, cardamoms, raw","2004","2004","t","16900","A","Official value",""
"QCL","Crops and livestock products","356","India","5312","Area harvested","01653","Nutmeg, mace, cardamoms, raw","2005","2005","ha","95800","A","Official value",""
"QCL","Crops and livestock products","356","India","5412","Yield","01653","Nutmeg, mace, cardamoms, raw","2005","2005","kg/ha","185.8","A","Official value",""
"QCL","Crops and livestock products","356","India","5510","Production","01653","Nutmeg, mace, cardamoms, raw","2005","2005","t","17800","A","Official value",""
"QCL","Crops and livestock products","356","India","5312","Area harvested","01653","Nutmeg, mace, cardamoms, raw","2006","2006","ha","104000","A","Official value",""
"QCL","Crops and livestock products","356","India","5412","Yield","01653","Nutmeg, mace, cardamoms, raw","2006","2006","kg/ha","163.5","A","Official value",""
"QCL","Crops and livestock products","356","India","5510","Production","01653","Nutmeg, mace, cardamoms, raw","2006","2006","t","17000","A","Official value",""
"QCL","Crops and livestock products","356","India","5312","Area harvested","01653","Nutmeg, mace, cardamoms, raw","2007","2007","ha","81930","A","Official value",""
"QCL","Crops and livestock products","356","India","5412","Yield","01653","Nutmeg, mace, cardamoms, raw","2007","2007","kg/ha","166.6","A","Official value",""
"QCL","Crops and livestock products","356","India","5510","Production","01653","Nutmeg, mace, cardamoms, raw","2007","2007","t","13650","A","Official value",""
"QCL","Crops and livestock products","356","India","5312","Area harvested","01653","Nutmeg, mace, cardamoms, raw","2010","2010","ha","86700","A","Official value",""
"QCL","Crops and livestock products","356","India","5412","Yield","01653","Nutmeg, mace, cardamoms, raw","2010","2010","kg/ha","181.1","A","Official value",""
"QCL","Crops and livestock products","356","India","5510","Production","01653","Nutmeg, mace, cardamoms, raw","2010","2010","t","15700","A","Official value",""
"QCL","Crops and livestock products","356","India","5312","Area harvested","01653","Nutmeg, mace, cardamoms, raw","2011","2011","ha","89006","A","Official value",""
"QCL","Crops and livestock products","356","India","5412","Yield","01653","Nutmeg, mace, cardamoms, raw","2011","2011","kg/ha","177.7","A","Official value",""
"QCL","Crops and livestock products","356","India","5510","Production","01653","Nutmeg, mace, cardamoms, raw","2011","2011","t","15816","A","Official value",""
"QCL","Crops and livestock products","356","India","5312","Area harvested","01653","Nutmeg, mace, cardamoms, raw","2012","2012","ha","92000","A","Official value",""
"QCL","Crops and livestock products","356","India","5412","Yield","01653","Nutmeg, mace, cardamoms, raw","2012","2012","kg/ha","196.4","A","Official value",""
"QCL","Crops and livestock products","356","India","5510","Production","01653","Nutmeg, mace, cardamoms, raw","2012","2012","t","18070","A","Official value",""
"QCL","Crops and livestock products","356","India","5312","Area harvested","01653","Nutmeg, mace, cardamoms, raw","2013","2013","ha","95930","A","Official value",""
"QCL","Crops and livestock products","356","India","5412","Yield","01653","Nutmeg, mace, cardamoms, raw","2013","2013","kg/ha","172.7","A","Official value",""
"QCL","Crops and livestock products","356","India","5510","Production","01653","Nutmeg, mace, cardamoms, raw","2013","2013","t","16565","A","Official value",""
"QCL","Crops and livestock products","356","India","5312","Area harvested","01653","Nutmeg, mace, cardamoms, raw","2014","2014","ha","93000","A","Official value",""
"QCL","Crops and livestock products","356","India","5412","Yield","01653","Nutmeg, mace, cardamoms, raw","2014","2014","kg/ha","225.8","A","Official value",""
"QCL","Crops and livestock products","356","India","5510","Production","01653","Nutmeg, mace, cardamoms, raw","2014","2014","t","21000","A","Official value",""
"QCL","Crops and livestock products","356","India","5312","Area harvested","01653","Nutmeg, mace, cardamoms, raw","2015","2015","ha","92000","A","Official value",""
"QCL","Crops and livestock products","356","India","5412","Yield","01653","Nutmeg, mace, cardamoms, raw","2015","2015","kg/ha","239.1","A","Official value",""
"QCL","Crops and livestock products","356","India","5510","Production","01653","Nutmeg, mace, cardamoms, raw","2015","2015","t","22000","A","Official value",""
"QCL","Crops and livestock products","356","India","5312","Area harvested","01653","Nutmeg, mace, cardamoms, raw","2016","2016","ha","107000","A","Official value",""
"QCL","Crops and livestock products","356","India","5412","Yield","01653","Nutmeg, mace, cardamoms, raw","2016","2016","kg/ha","355.1","A","Official value",""
"QCL","Crops and livestock products","356","India","5510","Production","01653","Nutmeg, mace, cardamoms, raw","2016","2016","t","38000","A","Official value",""
"QCL","Crops and livestock products","356","India","5312","Area harvested","01653","Nutmeg, mace, cardamoms, raw","2017","2017","ha","108000","A","Official value",""
"QCL","Crops and livestock products","356","India","5412","Yield","01653","Nutmeg, mace, cardamoms, raw","2017","2017","kg/ha","398.1","A","Official value",""
"QCL","Crops and livestock products","356","India","5510","Production","01653","Nutmeg, mace, cardamoms, raw","2017","2017","t","43000","A","Official value",""
"QCL","Crops and livestock products","356","India","5312","Area harvested","01653","Nutmeg, mace, cardamoms, raw","2018","2018","ha","108000","A","Official value",""
"QCL","Crops and livestock products","356","India","5412","Yield","01653","Nutmeg, mace, cardamoms, raw","2018","2018","kg/ha","398.1","A","Official value",""
"QCL","Crops and livestock products","356","India","5510","Production","01653","Nutmeg, mace, cardamoms, raw","2018","2018","t","43000","A","Official value",""
"QCL","Crops and livestock products","356","India","5312","Area harvested","01653","Nutmeg, mace, cardamoms, raw","2019","2019","ha","105000","A","Official value",""
"QCL","Crops and livestock products","356","India","5412","Yield","01653","Nutmeg, mace, cardamoms, raw","2019","2019","kg/ha","361.9","A","Official value",""
"QCL","Crops and livestock products","356","India","5510","Production","01653","Nutmeg, mace, cardamoms, raw","2019","2019","t","38000","A","Official value",""
"QCL","Crops and livestock products","356","India","5312","Area harvested","01653","Nutmeg, mace, cardamoms, raw","2020","2020","ha","109000","A","Official value",""
"QCL","Crops and livestock products","356","India","5412","Yield","01653","Nutmeg, mace, cardamoms, raw","2020","2020","kg/ha","339.4","A","Official value",""
"QCL","Crops and livestock products","356","India","5510","Production","01653","Nutmeg, mace, cardamoms, raw","2020","2020","t","37000","A","Official value",""
"QCL","Crops and livestock products","356","India","5312","Area harvested","01653","Nutmeg, mace, cardamoms, raw","2021","2021","ha","109000","A","Official value",""
"QCL","Crops and livestock products","356","India","5412","Yield","01653","Nutmeg, mace, cardamoms, raw","2021","2021","kg/ha","458.7","A","Official value",""
"QCL","Crops and livestock products","356","India","5510","Production","01653","Nutmeg, mace, cardamoms, raw","2021","2021","t","50000","A","Official value",""
"QCL","Crops and livestock products","356","India","5312","Area harvested","01653","Nutmeg, mace, cardamoms, raw","2022","2022","ha","109000","A","Official value",""
"QCL","Crops and livestock products","356","India","5412","Yield","01653","Nutmeg, mace, cardamoms, raw","2022","2022","kg/ha","504.6","A","Official value",""
"QCL","Crops and livestock products","356","India","5510","Production","01653","Nutmeg, mace, cardamoms, raw","2022","2022","t","55000","A","Official value",""
"QCL","Crops and livestock products","356","India","5312","Area harvested","01653","Nutmeg, mace, cardamoms, raw","2023","2023","ha","111000","A","Official value",""
"QCL","Crops and livestock products","356","India","5412","Yield","01653","Nutmeg, mace, cardamoms, raw","2023","2023","kg/ha","486.5","A","Official value",""
"QCL","Crops and livestock products","356","India","5510","Production","01653","Nutmeg, mace, cardamoms, raw","2023","2023","t","54000","A","Official value",""
"QCL","Crops and livestock products","356","India","5510","Production","21691.12","Oil of linseed","2000","2000","t","72000","A","Official value",""
"QCL","Crops and livestock products","356","India","5510","Production","21691.12","Oil of linseed","2001","2001","t","60000","A","Official value",""
"QCL","Crops and livestock products","356","India","5510","Production","21691.12","Oil of linseed","2002","2002","t","63000","A","Official value",""
"QCL","Crops and livestock products","356","India","5510","Production","21691.12","Oil of linseed","2003","2003","t","53000","A","Official value",""
"QCL","Crops and livestock products","356","India","5510","Production","21691.12","Oil of linseed","2004","2004","t","59000","A","Official value",""
"QCL","Crops and livestock products","356","India","5510","Production","21691.12","Oil of linseed","2005","2005","t","51000","A","Official value",""
"QCL","Crops and livestock products","356","India","5510","Production","21691.12","Oil of linseed","2006","2006","t","52000","A","Official value",""
"QCL","Crops and livestock products","356","India","5510","Production","21691.12","Oil of linseed","2007","2007","t","50000","A","Official value",""
"QCL","Crops and livestock products","356","India","5510","Production","21691.12","Oil of linseed","2010","2010","t","44000","A","Official value",""
"QCL","Crops and livestock products","356","India","5510","Production","21691.12","Oil of linseed","2011","2011","t","46000","A","Official value",""
"QCL","Crops and livestock products","356","India","5510","Production","21691.12","Oil of linseed","2012","2012","t","45000","A","Official value",""
"QCL","Crops and livestock products","356","India","5510","Production","21691.12","Oil of linseed","2013","2013","t","41000","A","Official value",""
"QCL","Crops and livestock products","356","India","5510","Production","21691.12","Oil of linseed","2014","2014","t","47000","A","Official value",""
"QCL","Crops and livestock products","356","India","5510","Production","21691.12","Oil of linseed","2015","2015","t","32000","A","Official value",""
"QCL","Crops and livestock products","356","India","5510","Production","21691.12","Oil of linseed","2016","2016","t","39000","A","Official value",""
"QCL","Crops and livestock products","356","India","5510","Production","21691.12","Oil of linseed","2017","2017","t","44000","A","Official value",""
"QCL","Crops and livestock products","356","India","5510","Production","21691.12","Oil of linseed","2018","2018","t","40000","A","Official value",""
"QCL","Crops and livestock products","356","India","5510","Production","21691.12","Oil of linseed","2019","2019","t","28000","A","Official value",""
"QCL","Crops and livestock products","356","India","5510","Production","21691.12","Oil of linseed","2020","2020","t","28000","A","Official value",""
"QCL","Crops and livestock products","356","India","5510","Production","21691.12","Oil of linseed","2021","2021","t","32000","A","Official value",""
"QCL","Crops and livestock products","356","India","5510","Production","21691.12","Oil of linseed","2022","2022","t","42000","A","Official value",""
"QCL","Crops and livestock products","356","India","5510","Production","21691.12","Oil of linseed","2023","2023","t","29000","A","Official value",""
"QCL","Crops and livestock products","356","India","5510","Production","21691.02","Oil of maize","2000","2000","t","4500","I","Value imputed by a receiving agency",""
"QCL","Crops and livestock products","356","India","5510","Production","21691.02","Oil of maize","2001","2001","t","4500","I","Value imputed by a receiving agency",""
"QCL","Crops and livestock products","356","India","5510","Production","21691.02","Oil of maize","2002","2002","t","4500","I","Value imputed by a receiving agency",""
"QCL","Crops and livestock products","356","India","5510","Production","21691.02","Oil of maize","2003","2003","t","20700","I","Value imputed by a receiving agency",""
"QCL","Crops and livestock products","356","India","5510","Production","21691.02","Oil of maize","2004","2004","t","12150","I","Value imputed by a receiving agency",""
"QCL","Crops and livestock products","356","India","5510","Production","21691.02","Oil of maize","2005","2005","t","4950","I","Value imputed by a receiving agency",""
"QCL","Crops and livestock products","356","India","5510","Production","21691.02","Oil of maize","2006","2006","t","23310","I","Value imputed by a receiving agency",""
"QCL","Crops and livestock products","356","India","5510","Production","21691.02","Oil of maize","2007","2007","t","35775","I","Value imputed by a receiving agency",""
"QCL","Crops and livestock products","356","India","5510","Production","21691.02","Oil of maize","2010","2010","t","5796.79","I","Value imputed by a receiving agency",""
"QCL","Crops and livestock products","356","India","5510","Production","21691.02","Oil of maize","2011","2011","t","5257.91","I","Value imputed by a receiving agency",""
"QCL","Crops and livestock products","356","India","5510","Production","21691.02","Oil of maize","2012","2012","t","5405.02","I","Value imputed by a receiving agency",""
"QCL","Crops and livestock products","356","India","5510","Production","21691.02","Oil of maize","2013","2013","t","5810.88","I","Value imputed by a receiving agency",""
"QCL","Crops and livestock products","356","India","5510","Production","21691.02","Oil of maize","2014","2014","t","5378.08","I","Value imputed by a receiving agency",""
"QCL","Crops and livestock products","356","India","5510","Production","21691.02","Oil of maize","2015","2015","t","6647.55","I","Value imputed by a receiving agency",""
"QCL","Crops and livestock products","356","India","5510","Production","21691.02","Oil of maize","2016","2016","t","6435.67","I","Value imputed by a receiving agency",""
"QCL","Crops and livestock products","356","India","5510","Production","21691.02","Oil of maize","2017","2017","t","6438.06","I","Value imputed by a receiving agency",""
"QCL","Crops and livestock products","356","India","5510","Production","21691.02","Oil of maize","2018","2018","t","6829.49","I","Value imputed by a receiving agency",""
"QCL","Crops and livestock products","356","India","5510","Production","21691.02","Oil of maize","2019","2019","t","6608.66","I","Value imputed by a receiving agency",""
"QCL","Crops and livestock products","356","India","5510","Production","21691.02","Oil of maize","2020","2020","t","4660.65","I","Value imputed by a receiving agency",""
"QCL","Crops and livestock products","356","India","5510","Production","21691.02","Oil of maize","2021","2021","t","4674.4","I","Value imputed by a receiving agency",""
"QCL","Crops and livestock products","356","India","5510","Production","21691.02","Oil of maize","2022","2022","t","4686.52","I","Value imputed by a receiving agency",""
"QCL","Crops and livestock products","356","India","5510","Production","21691.02","Oil of maize","2023","2023","t","6262.76","I","Value imputed by a receiving agency",""
"QCL","Crops and livestock products","356","India","5510","Production","21691.07","Oil of sesame seed","2000","2000","t","120000","X","Value from external organization","Unofficial figure"
"QCL","Crops and livestock products","356","India","5510","Production","21691.07","Oil of sesame seed","2001","2001","t","113200","X","Value from external organization","Unofficial figure"
"QCL","Crops and livestock products","356","India","5510","Production","21691.07","Oil of sesame seed","2002","2002","t","150400","X","Value from external organization","Unofficial figure"
"QCL","Crops and livestock products","356","India","5510","Production","21691.07","Oil of sesame seed","2003","2003","t","149200","X","Value from external organization","Unofficial figure"
"QCL","Crops and livestock products","356","India","5510","Production","21691.07","Oil of sesame seed","2004","2004","t","147800","X","Value from external organization","Unofficial figure"
"QCL","Crops and livestock products","356","India","5510","Production","21691.07","Oil of sesame seed","2005","2005","t","148600","X","Value from external organization","Unofficial figure"
"QCL","Crops and livestock products","356","India","5510","Production","21691.07","Oil of sesame seed","2006","2006","t","131500","X","Value from external organization","Unofficial figure"
"QCL","Crops and livestock products","356","India","5510","Production","21691.07","Oil of sesame seed","2007","2007","t","117600","X","Value from external organization","Unofficial figure"
"QCL","Crops and livestock products","356","India","5510","Production","21691.07","Oil of sesame seed","2010","2010","t","277000","A","Official value",""
"QCL","Crops and livestock products","356","India","5510","Production","21691.07","Oil of sesame seed","2011","2011","t","251000","A","Official value",""
"QCL","Crops and livestock products","356","India","5510","Production","21691.07","Oil of sesame seed","2012","2012","t","212000","A","Official value",""
"QCL","Crops and livestock products","356","India","5510","Production","21691.07","Oil of sesame seed","2013","2013","t","221000","A","Official value",""
"QCL","Crops and livestock products","356","India","5510","Production","21691.07","Oil of sesame seed","2014","2014","t","257000","A","Official value",""
"QCL","Crops and livestock products","356","India","5510","Production","21691.07","Oil of sesame seed","2015","2015","t","265000","A","Official value",""
"QCL","Crops and livestock products","356","India","5510","Production","21691.07","Oil of sesame seed","2016","2016","t","245000","A","Official value",""
"QCL","Crops and livestock products","356","India","5510","Production","21691.07","Oil of sesame seed","2017","2017","t","234000","A","Official value",""
"QCL","Crops and livestock products","356","India","5510","Production","21691.07","Oil of sesame seed","2018","2018","t","236000","A","Official value",""
"QCL","Crops and livestock products","356","India","5510","Production","21691.07","Oil of sesame seed","2019","2019","t","234000","A","Official value",""
"QCL","Crops and livestock products","356","India","5510","Production","21691.07","Oil of sesame seed","2020","2020","t","255000","A","Official value",""
"QCL","Crops and livestock products","356","India","5510","Production","21691.07","Oil of sesame seed","2021","2021","t","246000","A","Official value",""
"QCL","Crops and livestock products","356","India","5510","Production","21691.07","Oil of sesame seed","2022","2022","t","250000","A","Official value",""
"QCL","Crops and livestock products","356","India","5510","Production","21691.07","Oil of sesame seed","2023","2023","t","264000","A","Official value",""
"QCL","Crops and livestock products","356","India","5312","Area harvested","01239.01","Okra","2000","2000","ha","350000","A","Official value",""
"QCL","Crops and livestock products","356","India","5412","Yield","01239.01","Okra","2000","2000","kg/ha","9771.4","A","Official value",""
"QCL","Crops and livestock products","356","India","5510","Production","01239.01","Okra","2000","2000","t","3420000","A","Official value",""
"QCL","Crops and livestock products","356","India","5312","Area harvested","01239.01","Okra","2001","2001","ha","350000","A","Official value",""
"QCL","Crops and livestock products","356","India","5412","Yield","01239.01","Okra","2001","2001","kg/ha","9542.9","A","Official value",""
"QCL","Crops and livestock products","356","India","5510","Production","01239.01","Okra","2001","2001","t","3340000","A","Official value",""
"QCL","Crops and livestock products","356","India","5312","Area harvested","01239.01","Okra","2002","2002","ha","350000","A","Official value",""
"QCL","Crops and livestock products","356","India","5412","Yield","01239.01","Okra","2002","2002","kg/ha","9485.7","A","Official value",""
"QCL","Crops and livestock products","356","India","5510","Production","01239.01","Okra","2002","2002","t","3320000","A","Official value",""
"QCL","Crops and livestock products","356","India","5312","Area harvested","01239.01","Okra","2003","2003","ha","370000","A","Official value",""
"QCL","Crops and livestock products","356","India","5412","Yield","01239.01","Okra","2003","2003","kg/ha","9540.5","A","Official value",""
"QCL","Crops and livestock products","356","India","5510","Production","01239.01","Okra","2003","2003","t","3530000","A","Official value",""
"QCL","Crops and livestock products","356","India","5312","Area harvested","01239.01","Okra","2004","2004","ha","353100","A","Official value",""
"QCL","Crops and livestock products","356","India","5412","Yield","01239.01","Okra","2004","2004","kg/ha","10284.3","A","Official value",""
"QCL","Crops and livestock products","356","India","5510","Production","01239.01","Okra","2004","2004","t","3631400","A","Official value",""
"QCL","Crops and livestock products","356","India","5312","Area harvested","01239.01","Okra","2005","2005","ha","357300","A","Official value",""
"QCL","Crops and livestock products","356","India","5412","Yield","01239.01","Okra","2005","2005","kg/ha","9830.4","A","Official value",""
"QCL","Crops and livestock products","356","India","5510","Production","01239.01","Okra","2005","2005","t","3512400","A","Official value",""
"QCL","Crops and livestock products","356","India","5312","Area harvested","01239.01","Okra","2006","2006","ha","391800","A","Official value",""
"QCL","Crops and livestock products","356","India","5412","Yield","01239.01","Okra","2006","2006","kg/ha","10144.5","A","Official value",""
"QCL","Crops and livestock products","356","India","5510","Production","01239.01","Okra","2006","2006","t","3974600","A","Official value",""
"QCL","Crops and livestock products","356","India","5312","Area harvested","01239.01","Okra","2007","2007","ha","396000","A","Official value",""
"QCL","Crops and livestock products","356","India","5412","Yield","01239.01","Okra","2007","2007","kg/ha","10277.8","A","Official value",""
"QCL","Crops and livestock products","356","India","5510","Production","01239.01","Okra","2007","2007","t","4070000","A","Official value",""
"QCL","Crops and livestock products","356","India","5312","Area harvested","01239.01","Okra","2010","2010","ha","452000","A","Official value",""
"QCL","Crops and livestock products","356","India","5412","Yield","01239.01","Okra","2010","2010","kg/ha","10626.1","A","Official value",""
"QCL","Crops and livestock products","356","India","5510","Production","01239.01","Okra","2010","2010","t","4803000","A","Official value",""
"QCL","Crops and livestock products","356","India","5312","Area harvested","01239.01","Okra","2011","2011","ha","498000","A","Official value",""
"QCL","Crops and livestock products","356","India","5412","Yield","01239.01","Okra","2011","2011","kg/ha","11614.5","A","Official value",""
"QCL","Crops and livestock products","356","India","5510","Production","01239.01","Okra","2011","2011","t","5784000","A","Official value",""
"QCL","Crops and livestock products","356","India","5312","Area harvested","01239.01","Okra","2012","2012","ha","518000","A","Official value",""
"QCL","Crops and livestock products","356","India","5412","Yield","01239.01","Okra","2012","2012","kg/ha","12083","A","Official value",""
"QCL","Crops and livestock products","356","India","5510","Production","01239.01","Okra","2012","2012","t","6259000","A","Official value",""
"QCL","Crops and livestock products","356","India","5312","Area harvested","01239.01","Okra","2013","2013","ha","530790","A","Official value",""
"QCL","Crops and livestock products","356","India","5412","Yield","01239.01","Okra","2013","2013","kg/ha","11963.3","A","Official value",""
"QCL","Crops and livestock products","356","India","5510","Production","01239.01","Okra","2013","2013","t","6350000","A","Official value",""
"QCL","Crops and livestock products","356","India","5312","Area harvested","01239.01","Okra","2014","2014","ha","532660","A","Official value",""
"QCL","Crops and livestock products","356","India","5412","Yield","01239.01","Okra","2014","2014","kg/ha","11914.5","A","Official value",""
"QCL","Crops and livestock products","356","India","5510","Production","01239.01","Okra","2014","2014","t","6346370","A","Official value",""
"QCL","Crops and livestock products","356","India","5312","Area harvested","01239.01","Okra","2015","2015","ha","504000","A","Official value",""
"QCL","Crops and livestock products","356","India","5412","Yield","01239.01","Okra","2015","2015","kg/ha","11327.4","A","Official value",""
"QCL","Crops and livestock products","356","India","5510","Production","01239.01","Okra","2015","2015","t","5709000","A","Official value",""
"QCL","Crops and livestock products","356","India","5312","Area harvested","01239.01","Okra","2016","2016","ha","511000","A","Official value",""
"QCL","Crops and livestock products","356","India","5412","Yield","01239.01","Okra","2016","2016","kg/ha","11446.2","A","Official value",""
"QCL","Crops and livestock products","356","India","5510","Production","01239.01","Okra","2016","2016","t","5849000","A","Official value",""
"QCL","Crops and livestock products","356","India","5312","Area harvested","01239.01","Okra","2017","2017","ha","507000","A","Official value",""
"QCL","Crops and livestock products","356","India","5412","Yield","01239.01","Okra","2017","2017","kg/ha","11840.2","A","Official value",""
"QCL","Crops and livestock products","356","India","5510","Production","01239.01","Okra","2017","2017","t","6003000","A","Official value",""
"QCL","Crops and livestock products","356","India","5312","Area harvested","01239.01","Okra","2018","2018","ha","509000","A","Official value",""
"QCL","Crops and livestock products","356","India","5412","Yield","01239.01","Okra","2018","2018","kg/ha","11974.5","A","Official value",""
"QCL","Crops and livestock products","356","India","5510","Production","01239.01","Okra","2018","2018","t","6095000","A","Official value",""
"QCL","Crops and livestock products","356","India","5312","Area harvested","01239.01","Okra","2019","2019","ha","513000","A","Official value",""
"QCL","Crops and livestock products","356","India","5412","Yield","01239.01","Okra","2019","2019","kg/ha","12039","A","Official value",""
"QCL","Crops and livestock products","356","India","5510","Production","01239.01","Okra","2019","2019","t","6176000","A","Official value",""
"QCL","Crops and livestock products","356","India","5312","Area harvested","01239.01","Okra","2020","2020","ha","521000","A","Official value",""
"QCL","Crops and livestock products","356","India","5412","Yield","01239.01","Okra","2020","2020","kg/ha","12197.7","A","Official value",""
"QCL","Crops and livestock products","356","India","5510","Production","01239.01","Okra","2020","2020","t","6355000","A","Official value",""
"QCL","Crops and livestock products","356","India","5312","Area harvested","01239.01","Okra","2021","2021","ha","531000","A","Official value",""
"QCL","Crops and livestock products","356","India","5412","Yield","01239.01","Okra","2021","2021","kg/ha","12177","A","Official value",""
"QCL","Crops and livestock products","356","India","5510","Production","01239.01","Okra","2021","2021","t","6466000","A","Official value",""
"QCL","Crops and livestock products","356","India","5312","Area harvested","01239.01","Okra","2022","2022","ha","550000","A","Official value",""
"QCL","Crops and livestock products","356","India","5412","Yield","01239.01","Okra","2022","2022","kg/ha","12496.4","A","Official value",""
"QCL","Crops and livestock products","356","India","5510","Production","01239.01","Okra","2022","2022","t","6873000","A","Official value",""
"QCL","Crops and livestock products","356","India","5312","Area harvested","01239.01","Okra","2023","2023","ha","549000","A","Official value",""
"QCL","Crops and livestock products","356","India","5412","Yield","01239.01","Okra","2023","2023","kg/ha","13038.3","A","Official value",""
"QCL","Crops and livestock products","356","India","5510","Production","01239.01","Okra","2023","2023","t","7158000","A","Official value",""
"QCL","Crops and livestock products","356","India","5312","Area harvested","01253.02","Onions and shallots, dry (excluding dehydrated)","2000","2000","ha","450000","A","Official value",""
"QCL","Crops and livestock products","356","India","5412","Yield","01253.02","Onions and shallots, dry (excluding dehydrated)","2000","2000","kg/ha","10491.3","A","Official value",""
"QCL","Crops and livestock products","356","India","5510","Production","01253.02","Onions and shallots, dry (excluding dehydrated)","2000","2000","t","4721100","A","Official value",""
"QCL","Crops and livestock products","356","India","5312","Area harvested","01253.02","Onions and shallots, dry (excluding dehydrated)","2001","2001","ha","495800","A","Official value",""
"QCL","Crops and livestock products","356","India","5412","Yield","01253.02","Onions and shallots, dry (excluding dehydrated)","2001","2001","kg/ha","10593.2","A","Official value",""
"QCL","Crops and livestock products","356","India","5510","Production","01253.02","Onions and shallots, dry (excluding dehydrated)","2001","2001","t","5252100","A","Official value",""
"QCL","Crops and livestock products","356","India","5312","Area harvested","01253.02","Onions and shallots, dry (excluding dehydrated)","2002","2002","ha","424700","A","Official value",""
"QCL","Crops and livestock products","356","India","5412","Yield","01253.02","Onions and shallots, dry (excluding dehydrated)","2002","2002","kg/ha","9911.7","A","Official value",""
"QCL","Crops and livestock products","356","India","5510","Production","01253.02","Onions and shallots, dry (excluding dehydrated)","2002","2002","t","4209500","A","Official value",""
"QCL","Crops and livestock products","356","India","5312","Area harvested","01253.02","Onions and shallots, dry (excluding dehydrated)","2003","2003","ha","553800","A","Official value",""
"QCL","Crops and livestock products","356","India","5412","Yield","01253.02","Onions and shallots, dry (excluding dehydrated)","2003","2003","kg/ha","11317.4","A","Official value",""
"QCL","Crops and livestock products","356","India","5510","Production","01253.02","Onions and shallots, dry (excluding dehydrated)","2003","2003","t","6267600","A","Official value",""
"QCL","Crops and livestock products","356","India","5312","Area harvested","01253.02","Onions and shallots, dry (excluding dehydrated)","2004","2004","ha","613800","A","Official value",""
"QCL","Crops and livestock products","356","India","5412","Yield","01253.02","Onions and shallots, dry (excluding dehydrated)","2004","2004","kg/ha","12643.5","A","Official value",""
"QCL","Crops and livestock products","356","India","5510","Production","01253.02","Onions and shallots, dry (excluding dehydrated)","2004","2004","t","7760600","A","Official value",""
"QCL","Crops and livestock products","356","India","5312","Area harvested","01253.02","Onions and shallots, dry (excluding dehydrated)","2005","2005","ha","703600","A","Official value",""
"QCL","Crops and livestock products","356","India","5412","Yield","01253.02","Onions and shallots, dry (excluding dehydrated)","2005","2005","kg/ha","13406.1","A","Official value",""
"QCL","Crops and livestock products","356","India","5510","Production","01253.02","Onions and shallots, dry (excluding dehydrated)","2005","2005","t","9432500","A","Official value",""
"QCL","Crops and livestock products","356","India","5312","Area harvested","01253.02","Onions and shallots, dry (excluding dehydrated)","2006","2006","ha","768000","A","Official value",""
"QCL","Crops and livestock products","356","India","5412","Yield","01253.02","Onions and shallots, dry (excluding dehydrated)","2006","2006","kg/ha","14123.7","A","Official value",""
"QCL","Crops and livestock products","356","India","5510","Production","01253.02","Onions and shallots, dry (excluding dehydrated)","2006","2006","t","10847000","A","Official value",""
"QCL","Crops and livestock products","356","India","5312","Area harvested","01253.02","Onions and shallots, dry (excluding dehydrated)","2007","2007","ha","821000","A","Official value",""
"QCL","Crops and livestock products","356","India","5412","Yield","01253.02","Onions and shallots, dry (excluding dehydrated)","2007","2007","kg/ha","16930.6","A","Official value",""
"QCL","Crops and livestock products","356","India","5510","Production","01253.02","Onions and shallots, dry (excluding dehydrated)","2007","2007","t","13900000","A","Official value",""
"QCL","Crops and livestock products","356","India","5312","Area harvested","01253.02","Onions and shallots, dry (excluding dehydrated)","2010","2010","ha","1064000","A","Official value",""
"QCL","Crops and livestock products","356","India","5412","Yield","01253.02","Onions and shallots, dry (excluding dehydrated)","2010","2010","kg/ha","14208.6","A","Official value",""
"QCL","Crops and livestock products","356","India","5510","Production","01253.02","Onions and shallots, dry (excluding dehydrated)","2010","2010","t","15118000","A","Official value",""
"QCL","Crops and livestock products","356","India","5312","Area harvested","01253.02","Onions and shallots, dry (excluding dehydrated)","2011","2011","ha","1087230","A","Official value",""
"QCL","Crops and livestock products","356","India","5412","Yield","01253.02","Onions and shallots, dry (excluding dehydrated)","2011","2011","kg/ha","16106.2","A","Official value",""
"QCL","Crops and livestock products","356","India","5510","Production","01253.02","Onions and shallots, dry (excluding dehydrated)","2011","2011","t","17511090","A","Official value",""
"QCL","Crops and livestock products","356","India","5312","Area harvested","01253.02","Onions and shallots, dry (excluding dehydrated)","2012","2012","ha","1052000","A","Official value",""
"QCL","Crops and livestock products","356","India","5412","Yield","01253.02","Onions and shallots, dry (excluding dehydrated)","2012","2012","kg/ha","15981.9","A","Official value",""
"QCL","Crops and livestock products","356","India","5510","Production","01253.02","Onions and shallots, dry (excluding dehydrated)","2012","2012","t","16813000","A","Official value",""
"QCL","Crops and livestock products","356","India","5312","Area harvested","01253.02","Onions and shallots, dry (excluding dehydrated)","2013","2013","ha","1217000","A","Official value",""
"QCL","Crops and livestock products","356","India","5412","Yield","01253.02","Onions and shallots, dry (excluding dehydrated)","2013","2013","kg/ha","15857.8","A","Official value",""
"QCL","Crops and livestock products","356","India","5510","Production","01253.02","Onions and shallots, dry (excluding dehydrated)","2013","2013","t","19299000","A","Official value",""
"QCL","Crops and livestock products","356","India","5312","Area harvested","01253.02","Onions and shallots, dry (excluding dehydrated)","2014","2014","ha","1203570","A","Official value",""
"QCL","Crops and livestock products","356","India","5412","Yield","01253.02","Onions and shallots, dry (excluding dehydrated)","2014","2014","kg/ha","16120.1","A","Official value",""
"QCL","Crops and livestock products","356","India","5510","Production","01253.02","Onions and shallots, dry (excluding dehydrated)","2014","2014","t","19401680","A","Official value",""
"QCL","Crops and livestock products","356","India","5312","Area harvested","01253.02","Onions and shallots, dry (excluding dehydrated)","2015","2015","ha","1173000","A","Official value",""
"QCL","Crops and livestock products","356","India","5412","Yield","01253.02","Onions and shallots, dry (excluding dehydrated)","2015","2015","kg/ha","16135.5","A","Official value",""
"QCL","Crops and livestock products","356","India","5510","Production","01253.02","Onions and shallots, dry (excluding dehydrated)","2015","2015","t","18927000","A","Official value",""
"QCL","Crops and livestock products","356","India","5312","Area harvested","01253.02","Onions and shallots, dry (excluding dehydrated)","2016","2016","ha","1320000","A","Official value",""
"QCL","Crops and livestock products","356","India","5412","Yield","01253.02","Onions and shallots, dry (excluding dehydrated)","2016","2016","kg/ha","15856.8","A","Official value",""
"QCL","Crops and livestock products","356","India","5510","Production","01253.02","Onions and shallots, dry (excluding dehydrated)","2016","2016","t","20931000","A","Official value",""
"QCL","Crops and livestock products","356","India","5312","Area harvested","01253.02","Onions and shallots, dry (excluding dehydrated)","2017","2017","ha","1306000","A","Official value",""
"QCL","Crops and livestock products","356","India","5412","Yield","01253.02","Onions and shallots, dry (excluding dehydrated)","2017","2017","kg/ha","17172.3","A","Official value",""
"QCL","Crops and livestock products","356","India","5510","Production","01253.02","Onions and shallots, dry (excluding dehydrated)","2017","2017","t","22427000","A","Official value",""
"QCL","Crops and livestock products","356","India","5312","Area harvested","01253.02","Onions and shallots, dry (excluding dehydrated)","2018","2018","ha","1285000","A","Official value",""
"QCL","Crops and livestock products","356","India","5412","Yield","01253.02","Onions and shallots, dry (excluding dehydrated)","2018","2018","kg/ha","18102.7","A","Official value",""
"QCL","Crops and livestock products","356","India","5510","Production","01253.02","Onions and shallots, dry (excluding dehydrated)","2018","2018","t","23262000","A","Official value",""
"QCL","Crops and livestock products","356","India","5312","Area harvested","01253.02","Onions and shallots, dry (excluding dehydrated)","2019","2019","ha","1220000","A","Official value",""
"QCL","Crops and livestock products","356","India","5412","Yield","01253.02","Onions and shallots, dry (excluding dehydrated)","2019","2019","kg/ha","18704.1","A","Official value",""
"QCL","Crops and livestock products","356","India","5510","Production","01253.02","Onions and shallots, dry (excluding dehydrated)","2019","2019","t","22819000","A","Official value",""
"QCL","Crops and livestock products","356","India","5312","Area harvested","01253.02","Onions and shallots, dry (excluding dehydrated)","2020","2020","ha","1431000","A","Official value",""
"QCL","Crops and livestock products","356","India","5412","Yield","01253.02","Onions and shallots, dry (excluding dehydrated)","2020","2020","kg/ha","18232.7","A","Official value",""
"QCL","Crops and livestock products","356","India","5510","Production","01253.02","Onions and shallots, dry (excluding dehydrated)","2020","2020","t","26091000","A","Official value",""
"QCL","Crops and livestock products","356","India","5312","Area harvested","01253.02","Onions and shallots, dry (excluding dehydrated)","2021","2021","ha","1624000","A","Official value",""
"QCL","Crops and livestock products","356","India","5412","Yield","01253.02","Onions and shallots, dry (excluding dehydrated)","2021","2021","kg/ha","16404.6","A","Official value",""
"QCL","Crops and livestock products","356","India","5510","Production","01253.02","Onions and shallots, dry (excluding dehydrated)","2021","2021","t","26641000","A","Official value",""
"QCL","Crops and livestock products","356","India","5312","Area harvested","01253.02","Onions and shallots, dry (excluding dehydrated)","2022","2022","ha","1941000","A","Official value",""
"QCL","Crops and livestock products","356","India","5412","Yield","01253.02","Onions and shallots, dry (excluding dehydrated)","2022","2022","kg/ha","16325.1","A","Official value",""
"QCL","Crops and livestock products","356","India","5510","Production","01253.02","Onions and shallots, dry (excluding dehydrated)","2022","2022","t","31687000","A","Official value",""
"QCL","Crops and livestock products","356","India","5312","Area harvested","01253.02","Onions and shallots, dry (excluding dehydrated)","2023","2023","ha","1740000","A","Official value",""
"QCL","Crops and livestock products","356","India","5412","Yield","01253.02","Onions and shallots, dry (excluding dehydrated)","2023","2023","kg/ha","17360.9","A","Official value",""
"QCL","Crops and livestock products","356","India","5510","Production","01253.02","Onions and shallots, dry (excluding dehydrated)","2023","2023","t","30208000","A","Official value",""
"QCL","Crops and livestock products","356","India","5312","Area harvested","01323","Oranges","2000","2000","ha","75200","A","Official value",""
"QCL","Crops and livestock products","356","India","5412","Yield","01323","Oranges","2000","2000","kg/ha","13523.9","A","Official value",""
"QCL","Crops and livestock products","356","India","5510","Production","01323","Oranges","2000","2000","t","1017000","A","Official value",""
"QCL","Crops and livestock products","356","India","5312","Area harvested","01323","Oranges","2001","2001","ha","80600","A","Official value",""
"QCL","Crops and livestock products","356","India","5412","Yield","01323","Oranges","2001","2001","kg/ha","14397","A","Official value",""
"QCL","Crops and livestock products","356","India","5510","Production","01323","Oranges","2001","2001","t","1160400","A","Official value",""
"QCL","Crops and livestock products","356","India","5312","Area harvested","01323","Oranges","2002","2002","ha","126400","A","Official value",""
"QCL","Crops and livestock products","356","India","5412","Yield","01323","Oranges","2002","2002","kg/ha","9575.9","A","Official value",""
"QCL","Crops and livestock products","356","India","5510","Production","01323","Oranges","2002","2002","t","1210400","A","Official value",""
"QCL","Crops and livestock products","356","India","5312","Area harvested","01323","Oranges","2003","2003","ha","146100","A","Official value",""
"QCL","Crops and livestock products","356","India","5412","Yield","01323","Oranges","2003","2003","kg/ha","5375.1","A","Official value",""
"QCL","Crops and livestock products","356","India","5510","Production","01323","Oranges","2003","2003","t","785300","A","Official value",""
"QCL","Crops and livestock products","356","India","5312","Area harvested","01323","Oranges","2004","2004","ha","194500","A","Official value",""
"QCL","Crops and livestock products","356","India","5412","Yield","01323","Oranges","2004","2004","kg/ha","10381","A","Official value",""
"QCL","Crops and livestock products","356","India","5510","Production","01323","Oranges","2004","2004","t","2019100","A","Official value",""
"QCL","Crops and livestock products","356","India","5312","Area harvested","01323","Oranges","2005","2005","ha","194400","A","Official value",""
"QCL","Crops and livestock products","356","India","5412","Yield","01323","Oranges","2005","2005","kg/ha","10692.9","A","Official value",""
"QCL","Crops and livestock products","356","India","5510","Production","01323","Oranges","2005","2005","t","2078700","A","Official value",""
"QCL","Crops and livestock products","356","India","5312","Area harvested","01323","Oranges","2006","2006","ha","230300","A","Official value",""
"QCL","Crops and livestock products","356","India","5412","Yield","01323","Oranges","2006","2006","kg/ha","9286.1","A","Official value",""
"QCL","Crops and livestock products","356","India","5510","Production","01323","Oranges","2006","2006","t","2138600","A","Official value",""
"QCL","Crops and livestock products","356","India","5312","Area harvested","01323","Oranges","2007","2007","ha","268800","A","Official value",""
"QCL","Crops and livestock products","356","India","5412","Yield","01323","Oranges","2007","2007","kg/ha","10823.7","A","Official value",""
"QCL","Crops and livestock products","356","India","5510","Production","01323","Oranges","2007","2007","t","2909400","A","Official value",""
"QCL","Crops and livestock products","356","India","5312","Area harvested","01323","Oranges","2010","2010","ha","346300","A","Official value",""
"QCL","Crops and livestock products","356","India","5412","Yield","01323","Oranges","2010","2010","kg/ha","11211.1","A","Official value",""
"QCL","Crops and livestock products","356","India","5510","Production","01323","Oranges","2010","2010","t","3882400","A","Official value",""
"QCL","Crops and livestock products","356","India","5312","Area harvested","01323","Oranges","2011","2011","ha","157000","A","Official value",""
"QCL","Crops and livestock products","356","India","5412","Yield","01323","Oranges","2011","2011","kg/ha","8382.2","A","Official value",""
"QCL","Crops and livestock products","356","India","5510","Production","01323","Oranges","2011","2011","t","1316000","A","Official value",""
"QCL","Crops and livestock products","356","India","5312","Area harvested","01323","Oranges","2012","2012","ha","162000","A","Official value",""
"QCL","Crops and livestock products","356","India","5412","Yield","01323","Oranges","2012","2012","kg/ha","7604.9","A","Official value",""
"QCL","Crops and livestock products","356","India","5510","Production","01323","Oranges","2012","2012","t","1232000","A","Official value",""
"QCL","Crops and livestock products","356","India","5312","Area harvested","01323","Oranges","2013","2013","ha","323000","A","Official value",""
"QCL","Crops and livestock products","356","India","5412","Yield","01323","Oranges","2013","2013","kg/ha","10897.8","A","Official value",""
"QCL","Crops and livestock products","356","India","5510","Production","01323","Oranges","2013","2013","t","3520000","A","Official value",""
"QCL","Crops and livestock products","356","India","5312","Area harvested","01323","Oranges","2014","2014","ha","335000","A","Official value",""
"QCL","Crops and livestock products","356","India","5412","Yield","01323","Oranges","2014","2014","kg/ha","11600","A","Official value",""
"QCL","Crops and livestock products","356","India","5510","Production","01323","Oranges","2014","2014","t","3886000","A","Official value",""
"QCL","Crops and livestock products","356","India","5312","Area harvested","01323","Oranges","2015","2015","ha","275000","A","Official value",""
"QCL","Crops and livestock products","356","India","5412","Yield","01323","Oranges","2015","2015","kg/ha","15378.2","A","Official value",""
"QCL","Crops and livestock products","356","India","5510","Production","01323","Oranges","2015","2015","t","4229000","A","Official value",""
"QCL","Crops and livestock products","356","India","5312","Area harvested","01323","Oranges","2016","2016","ha","243762","A","Official value",""
"QCL","Crops and livestock products","356","India","5412","Yield","01323","Oranges","2016","2016","kg/ha","14227.6","A","Official value",""
"QCL","Crops and livestock products","356","India","5510","Production","01323","Oranges","2016","2016","t","3468137","A","Official value",""
"QCL","Crops and livestock products","356","India","5312","Area harvested","01323","Oranges","2017","2017","ha","191232","A","Official value",""
"QCL","Crops and livestock products","356","India","5412","Yield","01323","Oranges","2017","2017","kg/ha","16782.8","A","Official value",""
"QCL","Crops and livestock products","356","India","5510","Production","01323","Oranges","2017","2017","t","3209401","A","Official value",""
"QCL","Crops and livestock products","356","India","5312","Area harvested","01323","Oranges","2018","2018","ha","184617","A","Official value",""
"QCL","Crops and livestock products","356","India","5412","Yield","01323","Oranges","2018","2018","kg/ha","17689.8","A","Official value",""
"QCL","Crops and livestock products","356","India","5510","Production","01323","Oranges","2018","2018","t","3265833.72","A","Official value",""
"QCL","Crops and livestock products","356","India","5312","Area harvested","01323","Oranges","2019","2019","ha","187076","A","Official value",""
"QCL","Crops and livestock products","356","India","5412","Yield","01323","Oranges","2019","2019","kg/ha","17459.1","A","Official value",""
"QCL","Crops and livestock products","356","India","5510","Production","01323","Oranges","2019","2019","t","3266171","A","Official value",""
"QCL","Crops and livestock products","356","India","5312","Area harvested","01323","Oranges","2020","2020","ha","217429","A","Official value",""
"QCL","Crops and livestock products","356","India","5412","Yield","01323","Oranges","2020","2020","kg/ha","18581.4","A","Official value",""
"QCL","Crops and livestock products","356","India","5510","Production","01323","Oranges","2020","2020","t","4040126.25","A","Official value",""
"QCL","Crops and livestock products","356","India","5312","Area harvested","01323","Oranges","2021","2021","ha","216528","A","Official value",""
"QCL","Crops and livestock products","356","India","5412","Yield","01323","Oranges","2021","2021","kg/ha","18417.5","A","Official value",""
"QCL","Crops and livestock products","356","India","5510","Production","01323","Oranges","2021","2021","t","3987913","A","Official value",""
"QCL","Crops and livestock products","356","India","5312","Area harvested","01323","Oranges","2022","2022","ha","228000","A","Official value",""
"QCL","Crops and livestock products","356","India","5412","Yield","01323","Oranges","2022","2022","kg/ha","17083.3","A","Official value",""
"QCL","Crops and livestock products","356","India","5510","Production","01323","Oranges","2022","2022","t","3895000","A","Official value",""
"QCL","Crops and livestock products","356","India","5312","Area harvested","01323","Oranges","2023","2023","ha","231000","A","Official value",""
"QCL","Crops and livestock products","356","India","5412","Yield","01323","Oranges","2023","2023","kg/ha","17000","A","Official value",""
"QCL","Crops and livestock products","356","India","5510","Production","01323","Oranges","2023","2023","t","3927000","A","Official value",""
"QCL","Crops and livestock products","356","India","5312","Area harvested","01241.90","Other beans, green","2000","2000","ha","117334","I","Value imputed by a receiving agency",""
"QCL","Crops and livestock products","356","India","5412","Yield","01241.90","Other beans, green","2000","2000","kg/ha","5197","E","Estimated value",""
"QCL","Crops and livestock products","356","India","5510","Production","01241.90","Other beans, green","2000","2000","t","609781.45","I","Value imputed by a receiving agency",""
"QCL","Crops and livestock products","356","India","5312","Area harvested","01241.90","Other beans, green","2001","2001","ha","116256","I","Value imputed by a receiving agency",""
"QCL","Crops and livestock products","356","India","5412","Yield","01241.90","Other beans, green","2001","2001","kg/ha","5390","E","Estimated value",""
"QCL","Crops and livestock products","356","India","5510","Production","01241.90","Other beans, green","2001","2001","t","626621.26","I","Value imputed by a receiving agency",""
"QCL","Crops and livestock products","356","India","5312","Area harvested","01241.90","Other beans, green","2002","2002","ha","114919","I","Value imputed by a receiving agency",""
"QCL","Crops and livestock products","356","India","5412","Yield","01241.90","Other beans, green","2002","2002","kg/ha","5600.7","E","Estimated value",""
"QCL","Crops and livestock products","356","India","5510","Production","01241.90","Other beans, green","2002","2002","t","643622.8","I","Value imputed by a receiving agency",""
"QCL","Crops and livestock products","356","India","5312","Area harvested","01241.90","Other beans, green","2003","2003","ha","113675","I","Value imputed by a receiving agency",""
"QCL","Crops and livestock products","356","India","5412","Yield","01241.90","Other beans, green","2003","2003","kg/ha","5813","E","Estimated value",""
"QCL","Crops and livestock products","356","India","5510","Production","01241.90","Other beans, green","2003","2003","t","660795.31","I","Value imputed by a receiving agency",""
"QCL","Crops and livestock products","356","India","5312","Area harvested","01241.90","Other beans, green","2004","2004","ha","112515","I","Value imputed by a receiving agency",""
"QCL","Crops and livestock products","356","India","5412","Yield","01241.90","Other beans, green","2004","2004","kg/ha","6027.2","E","Estimated value",""
"QCL","Crops and livestock products","356","India","5510","Production","01241.90","Other beans, green","2004","2004","t","678147.04","I","Value imputed by a receiving agency",""
"QCL","Crops and livestock products","356","India","5312","Area harvested","01241.90","Other beans, green","2005","2005","ha","111430","I","Value imputed by a receiving agency",""
"QCL","Crops and livestock products","356","India","5412","Yield","01241.90","Other beans, green","2005","2005","kg/ha","6243.2","E","Estimated value",""
"QCL","Crops and livestock products","356","India","5510","Production","01241.90","Other beans, green","2005","2005","t","695686.11","I","Value imputed by a receiving agency",""
"QCL","Crops and livestock products","356","India","5312","Area harvested","01241.90","Other beans, green","2006","2006","ha","110415","I","Value imputed by a receiving agency",""
"QCL","Crops and livestock products","356","India","5412","Yield","01241.90","Other beans, green","2006","2006","kg/ha","6461.3","E","Estimated value",""
"QCL","Crops and livestock products","356","India","5510","Production","01241.90","Other beans, green","2006","2006","t","713420.88","I","Value imputed by a receiving agency",""
"QCL","Crops and livestock products","356","India","5312","Area harvested","01241.90","Other beans, green","2007","2007","ha","109462","I","Value imputed by a receiving agency",""
"QCL","Crops and livestock products","356","India","5412","Yield","01241.90","Other beans, green","2007","2007","kg/ha","6681.4","E","Estimated value",""
"QCL","Crops and livestock products","356","India","5510","Production","01241.90","Other beans, green","2007","2007","t","731360","I","Value imputed by a receiving agency",""
"QCL","Crops and livestock products","356","India","5312","Area harvested","01241.90","Other beans, green","2010","2010","ha","106928","I","Value imputed by a receiving agency",""
"QCL","Crops and livestock products","356","India","5412","Yield","01241.90","Other beans, green","2010","2010","kg/ha","7355.4","E","Estimated value",""
"QCL","Crops and livestock products","356","India","5510","Production","01241.90","Other beans, green","2010","2010","t","786495.87","I","Value imputed by a receiving agency",""
"QCL","Crops and livestock products","356","India","5312","Area harvested","01241.90","Other beans, green","2011","2011","ha","100000","A","Official value",""
"QCL","Crops and livestock products","356","India","5412","Yield","01241.90","Other beans, green","2011","2011","kg/ha","8880","A","Official value",""
"QCL","Crops and livestock products","356","India","5510","Production","01241.90","Other beans, green","2011","2011","t","888000","A","Official value",""
"QCL","Crops and livestock products","356","India","5312","Area harvested","01241.90","Other beans, green","2012","2012","ha","118000","A","Official value",""
"QCL","Crops and livestock products","356","India","5412","Yield","01241.90","Other beans, green","2012","2012","kg/ha","9754.2","A","Official value",""
"QCL","Crops and livestock products","356","India","5510","Production","01241.90","Other beans, green","2012","2012","t","1151000","A","Official value",""
"QCL","Crops and livestock products","356","India","5312","Area harvested","01241.90","Other beans, green","2013","2013","ha","124000","A","Official value",""
"QCL","Crops and livestock products","356","India","5412","Yield","01241.90","Other beans, green","2013","2013","kg/ha","10233.9","A","Official value",""
"QCL","Crops and livestock products","356","India","5510","Production","01241.90","Other beans, green","2013","2013","t","1269000","A","Official value",""
"QCL","Crops and livestock products","356","India","5312","Area harvested","01241.90","Other beans, green","2014","2014","ha","138000","A","Official value",""
"QCL","Crops and livestock products","356","India","5412","Yield","01241.90","Other beans, green","2014","2014","kg/ha","9927.5","A","Official value",""
"QCL","Crops and livestock products","356","India","5510","Production","01241.90","Other beans, green","2014","2014","t","1370000","A","Official value",""
"QCL","Crops and livestock products","356","India","5312","Area harvested","01241.90","Other beans, green","2015","2015","ha","218000","A","Official value",""
"QCL","Crops and livestock products","356","India","5412","Yield","01241.90","Other beans, green","2015","2015","kg/ha","10110.1","A","Official value",""
"QCL","Crops and livestock products","356","India","5510","Production","01241.90","Other beans, green","2015","2015","t","2204000","A","Official value",""
"QCL","Crops and livestock products","356","India","5312","Area harvested","01241.90","Other beans, green","2016","2016","ha","232155","A","Official value",""
"QCL","Crops and livestock products","356","India","5412","Yield","01241.90","Other beans, green","2016","2016","kg/ha","10055","A","Official value",""
"QCL","Crops and livestock products","356","India","5510","Production","01241.90","Other beans, green","2016","2016","t","2334318.16","A","Official value",""
"QCL","Crops and livestock products","356","India","5312","Area harvested","01241.90","Other beans, green","2017","2017","ha","198008","A","Official value",""
"QCL","Crops and livestock products","356","India","5412","Yield","01241.90","Other beans, green","2017","2017","kg/ha","10160.7","A","Official value",""
"QCL","Crops and livestock products","356","India","5510","Production","01241.90","Other beans, green","2017","2017","t","2011899.55","A","Official value",""
"QCL","Crops and livestock products","356","India","5312","Area harvested","01241.90","Other beans, green","2018","2018","ha","227784","A","Official value",""
"QCL","Crops and livestock products","356","India","5412","Yield","01241.90","Other beans, green","2018","2018","kg/ha","9996.1","A","Official value",""
"QCL","Crops and livestock products","356","India","5510","Production","01241.90","Other beans, green","2018","2018","t","2276946.44","A","Official value",""
"QCL","Crops and livestock products","356","India","5312","Area harvested","01241.90","Other beans, green","2019","2019","ha","236367","A","Official value",""
"QCL","Crops and livestock products","356","India","5412","Yield","01241.90","Other beans, green","2019","2019","kg/ha","9965.9","A","Official value",""
"QCL","Crops and livestock products","356","India","5510","Production","01241.90","Other beans, green","2019","2019","t","2355606.4","A","Official value",""
"QCL","Crops and livestock products","356","India","5312","Area harvested","01241.90","Other beans, green","2020","2020","ha","239288","A","Official value",""
"QCL","Crops and livestock products","356","India","5412","Yield","01241.90","Other beans, green","2020","2020","kg/ha","9482.6","A","Official value",""
"QCL","Crops and livestock products","356","India","5510","Production","01241.90","Other beans, green","2020","2020","t","2269063.61","A","Official value",""
"QCL","Crops and livestock products","356","India","5312","Area harvested","01241.90","Other beans, green","2021","2021","ha","260950","A","Official value",""
"QCL","Crops and livestock products","356","India","5412","Yield","01241.90","Other beans, green","2021","2021","kg/ha","9943.2","A","Official value",""
"QCL","Crops and livestock products","356","India","5510","Production","01241.90","Other beans, green","2021","2021","t","2594676.22","A","Official value",""
"QCL","Crops and livestock products","356","India","5312","Area harvested","01241.90","Other beans, green","2022","2022","ha","299717","A","Official value",""
"QCL","Crops and livestock products","356","India","5412","Yield","01241.90","Other beans, green","2022","2022","kg/ha","9094.8","A","Official value",""
"QCL","Crops and livestock products","356","India","5510","Production","01241.90","Other beans, green","2022","2022","t","2725855","A","Official value",""
"QCL","Crops and livestock products","356","India","5312","Area harvested","01241.90","Other beans, green","2023","2023","ha","308819","A","Official value",""
"QCL","Crops and livestock products","356","India","5412","Yield","01241.90","Other beans, green","2023","2023","kg/ha","9167.7","A","Official value",""
"QCL","Crops and livestock products","356","India","5510","Production","01241.90","Other beans, green","2023","2023","t","2831175","A","Official value",""
"QCL","Crops and livestock products","356","India","5312","Area harvested","01355.90","Other berries and fruits of the genus vaccinium n.e.c.","2000","2000","ha","248","I","Value imputed by a receiving agency",""
"QCL","Crops and livestock products","356","India","5412","Yield","01355.90","Other berries and fruits of the genus vaccinium n.e.c.","2000","2000","kg/ha","5525.3","E","Estimated value",""
"QCL","Crops and livestock products","356","India","5510","Production","01355.90","Other berries and fruits of the genus vaccinium n.e.c.","2000","2000","t","1370","X","Value from external organization","Unofficial figure"
"QCL","Crops and livestock products","356","India","5312","Area harvested","01355.90","Other berries and fruits of the genus vaccinium n.e.c.","2001","2001","ha","252","I","Value imputed by a receiving agency",""
"QCL","Crops and livestock products","356","India","5412","Yield","01355.90","Other berries and fruits of the genus vaccinium n.e.c.","2001","2001","kg/ha","5559.6","E","Estimated value",""
"QCL","Crops and livestock products","356","India","5510","Production","01355.90","Other berries and fruits of the genus vaccinium n.e.c.","2001","2001","t","1400","E","Estimated value",""
"QCL","Crops and livestock products","356","India","5312","Area harvested","01355.90","Other berries and fruits of the genus vaccinium n.e.c.","2002","2002","ha","256","I","Value imputed by a receiving agency",""
"QCL","Crops and livestock products","356","India","5412","Yield","01355.90","Other berries and fruits of the genus vaccinium n.e.c.","2002","2002","kg/ha","5748.6","E","Estimated value",""
"QCL","Crops and livestock products","356","India","5510","Production","01355.90","Other berries and fruits of the genus vaccinium n.e.c.","2002","2002","t","1469.82","I","Value imputed by a receiving agency",""
"QCL","Crops and livestock products","356","India","5312","Area harvested","01355.90","Other berries and fruits of the genus vaccinium n.e.c.","2003","2003","ha","260","I","Value imputed by a receiving agency",""
"QCL","Crops and livestock products","356","India","5412","Yield","01355.90","Other berries and fruits of the genus vaccinium n.e.c.","2003","2003","kg/ha","5929.5","E","Estimated value",""
"QCL","Crops and livestock products","356","India","5510","Production","01355.90","Other berries and fruits of the genus vaccinium n.e.c.","2003","2003","t","1539","I","Value imputed by a receiving agency",""
"QCL","Crops and livestock products","356","India","5312","Area harvested","01355.90","Other berries and fruits of the genus vaccinium n.e.c.","2004","2004","ha","263","I","Value imputed by a receiving agency",""
"QCL","Crops and livestock products","356","India","5412","Yield","01355.90","Other berries and fruits of the genus vaccinium n.e.c.","2004","2004","kg/ha","6009.3","E","Estimated value",""
"QCL","Crops and livestock products","356","India","5510","Production","01355.90","Other berries and fruits of the genus vaccinium n.e.c.","2004","2004","t","1582.95","I","Value imputed by a receiving agency",""
"QCL","Crops and livestock products","356","India","5312","Area harvested","01355.90","Other berries and fruits of the genus vaccinium n.e.c.","2005","2005","ha","267","I","Value imputed by a receiving agency",""
"QCL","Crops and livestock products","356","India","5412","Yield","01355.90","Other berries and fruits of the genus vaccinium n.e.c.","2005","2005","kg/ha","6138.4","E","Estimated value",""
"QCL","Crops and livestock products","356","India","5510","Production","01355.90","Other berries and fruits of the genus vaccinium n.e.c.","2005","2005","t","1640.69","I","Value imputed by a receiving agency",""
"QCL","Crops and livestock products","356","India","5312","Area harvested","01355.90","Other berries and fruits of the genus vaccinium n.e.c.","2006","2006","ha","271","I","Value imputed by a receiving agency",""
"QCL","Crops and livestock products","356","India","5412","Yield","01355.90","Other berries and fruits of the genus vaccinium n.e.c.","2006","2006","kg/ha","6257.9","E","Estimated value",""
"QCL","Crops and livestock products","356","India","5510","Production","01355.90","Other berries and fruits of the genus vaccinium n.e.c.","2006","2006","t","1698.43","I","Value imputed by a receiving agency",""
"QCL","Crops and livestock products","356","India","5312","Area harvested","01355.90","Other berries and fruits of the genus vaccinium n.e.c.","2007","2007","ha","253","I","Value imputed by a receiving agency",""
"QCL","Crops and livestock products","356","India","5412","Yield","01355.90","Other berries and fruits of the genus vaccinium n.e.c.","2007","2007","kg/ha","6943.1","E","Estimated value",""
"QCL","Crops and livestock products","356","India","5510","Production","01355.90","Other berries and fruits of the genus vaccinium n.e.c.","2007","2007","t","1756.17","I","Value imputed by a receiving agency",""
"QCL","Crops and livestock products","356","India","5312","Area harvested","01355.90","Other berries and fruits of the genus vaccinium n.e.c.","2010","2010","ha","289","I","Value imputed by a receiving agency",""
"QCL","Crops and livestock products","356","India","5412","Yield","01355.90","Other berries and fruits of the genus vaccinium n.e.c.","2010","2010","kg/ha","6686.6","E","Estimated value",""
"QCL","Crops and livestock products","356","India","5510","Production","01355.90","Other berries and fruits of the genus vaccinium n.e.c.","2010","2010","t","1929.39","I","Value imputed by a receiving agency",""
"QCL","Crops and livestock products","356","India","5312","Area harvested","01355.90","Other berries and fruits of the genus vaccinium n.e.c.","2011","2011","ha","292","I","Value imputed by a receiving agency",""
"QCL","Crops and livestock products","356","India","5412","Yield","01355.90","Other berries and fruits of the genus vaccinium n.e.c.","2011","2011","kg/ha","6800","E","Estimated value",""
"QCL","Crops and livestock products","356","India","5510","Production","01355.90","Other berries and fruits of the genus vaccinium n.e.c.","2011","2011","t","1987.13","I","Value imputed by a receiving agency",""
"QCL","Crops and livestock products","356","India","5312","Area harvested","01355.90","Other berries and fruits of the genus vaccinium n.e.c.","2012","2012","ha","300","E","Estimated value",""
"QCL","Crops and livestock products","356","India","5412","Yield","01355.90","Other berries and fruits of the genus vaccinium n.e.c.","2012","2012","kg/ha","6816.2","E","Estimated value",""
"QCL","Crops and livestock products","356","India","5510","Production","01355.90","Other berries and fruits of the genus vaccinium n.e.c.","2012","2012","t","2044.87","I","Value imputed by a receiving agency",""
"QCL","Crops and livestock products","356","India","5312","Area harvested","01355.90","Other berries and fruits of the genus vaccinium n.e.c.","2013","2013","ha","300","E","Estimated value",""
"QCL","Crops and livestock products","356","India","5412","Yield","01355.90","Other berries and fruits of the genus vaccinium n.e.c.","2013","2013","kg/ha","7008.7","E","Estimated value",""
"QCL","Crops and livestock products","356","India","5510","Production","01355.90","Other berries and fruits of the genus vaccinium n.e.c.","2013","2013","t","2102.61","I","Value imputed by a receiving agency",""
"QCL","Crops and livestock products","356","India","5312","Area harvested","01355.90","Other berries and fruits of the genus vaccinium n.e.c.","2014","2014","ha","300","E","Estimated value",""
"QCL","Crops and livestock products","356","India","5412","Yield","01355.90","Other berries and fruits of the genus vaccinium n.e.c.","2014","2014","kg/ha","7098.1","E","Estimated value",""
"QCL","Crops and livestock products","356","India","5510","Production","01355.90","Other berries and fruits of the genus vaccinium n.e.c.","2014","2014","t","2129.44","I","Value imputed by a receiving agency",""
"QCL","Crops and livestock products","356","India","5312","Area harvested","01355.90","Other berries and fruits of the genus vaccinium n.e.c.","2015","2015","ha","306","I","Value imputed by a receiving agency",""
"QCL","Crops and livestock products","356","India","5412","Yield","01355.90","Other berries and fruits of the genus vaccinium n.e.c.","2015","2015","kg/ha","7192.4","E","Estimated value",""
"QCL","Crops and livestock products","356","India","5510","Production","01355.90","Other berries and fruits of the genus vaccinium n.e.c.","2015","2015","t","2200.15","I","Value imputed by a receiving agency",""
"QCL","Crops and livestock products","356","India","5312","Area harvested","01355.90","Other berries and fruits of the genus vaccinium n.e.c.","2016","2016","ha","312","I","Value imputed by a receiving agency",""
"QCL","Crops and livestock products","356","India","5412","Yield","01355.90","Other berries and fruits of the genus vaccinium n.e.c.","2016","2016","kg/ha","6863.6","E","Estimated value",""
"QCL","Crops and livestock products","356","India","5510","Production","01355.90","Other berries and fruits of the genus vaccinium n.e.c.","2016","2016","t","2144.06","E","Estimated value",""
"QCL","Crops and livestock products","356","India","5312","Area harvested","01355.90","Other berries and fruits of the genus vaccinium n.e.c.","2017","2017","ha","316","I","Value imputed by a receiving agency",""
"QCL","Crops and livestock products","356","India","5412","Yield","01355.90","Other berries and fruits of the genus vaccinium n.e.c.","2017","2017","kg/ha","7057","E","Estimated value",""
"QCL","Crops and livestock products","356","India","5510","Production","01355.90","Other berries and fruits of the genus vaccinium n.e.c.","2017","2017","t","2232.59","I","Value imputed by a receiving agency",""
"QCL","Crops and livestock products","356","India","5312","Area harvested","01355.90","Other berries and fruits of the genus vaccinium n.e.c.","2018","2018","ha","320","I","Value imputed by a receiving agency",""
"QCL","Crops and livestock products","356","India","5412","Yield","01355.90","Other berries and fruits of the genus vaccinium n.e.c.","2018","2018","kg/ha","7175.4","E","Estimated value",""
"QCL","Crops and livestock products","356","India","5510","Production","01355.90","Other berries and fruits of the genus vaccinium n.e.c.","2018","2018","t","2295.31","I","Value imputed by a receiving agency",""
"QCL","Crops and livestock products","356","India","5312","Area harvested","01355.90","Other berries and fruits of the genus vaccinium n.e.c.","2019","2019","ha","325","I","Value imputed by a receiving agency",""
"QCL","Crops and livestock products","356","India","5412","Yield","01355.90","Other berries and fruits of the genus vaccinium n.e.c.","2019","2019","kg/ha","6844.4","E","Estimated value",""
"QCL","Crops and livestock products","356","India","5510","Production","01355.90","Other berries and fruits of the genus vaccinium n.e.c.","2019","2019","t","2223.99","E","Estimated value",""
"QCL","Crops and livestock products","356","India","5312","Area harvested","01355.90","Other berries and fruits of the genus vaccinium n.e.c.","2020","2020","ha","327","I","Value imputed by a receiving agency",""
"QCL","Crops and livestock products","356","India","5412","Yield","01355.90","Other berries and fruits of the genus vaccinium n.e.c.","2020","2020","kg/ha","6995.4","E","Estimated value",""
"QCL","Crops and livestock products","356","India","5510","Production","01355.90","Other berries and fruits of the genus vaccinium n.e.c.","2020","2020","t","2288.69","I","Value imputed by a receiving agency",""
"QCL","Crops and livestock products","356","India","5312","Area harvested","01355.90","Other berries and fruits of the genus vaccinium n.e.c.","2021","2021","ha","324","E","Estimated value",""
"QCL","Crops and livestock products","356","India","5412","Yield","01355.90","Other berries and fruits of the genus vaccinium n.e.c.","2021","2021","kg/ha","7004.1","E","Estimated value",""
"QCL","Crops and livestock products","356","India","5510","Production","01355.90","Other berries and fruits of the genus vaccinium n.e.c.","2021","2021","t","2269.33","E","Estimated value",""
"QCL","Crops and livestock products","356","India","5312","Area harvested","01355.90","Other berries and fruits of the genus vaccinium n.e.c.","2022","2022","ha","325","E","Estimated value",""
"QCL","Crops and livestock products","356","India","5412","Yield","01355.90","Other berries and fruits of the genus vaccinium n.e.c.","2022","2022","kg/ha","6948","E","Estimated value",""
"QCL","Crops and livestock products","356","India","5510","Production","01355.90","Other berries and fruits of the genus vaccinium n.e.c.","2022","2022","t","2260.67","E","Estimated value",""
"QCL","Crops and livestock products","356","India","5312","Area harvested","01355.90","Other berries and fruits of the genus vaccinium n.e.c.","2023","2023","ha","326","E","Estimated value",""
"QCL","Crops and livestock products","356","India","5412","Yield","01355.90","Other berries and fruits of the genus vaccinium n.e.c.","2023","2023","kg/ha","6982.5","E","Estimated value",""
"QCL","Crops and livestock products","356","India","5510","Production","01355.90","Other berries and fruits of the genus vaccinium n.e.c.","2023","2023","t","2272.89","E","Estimated value",""
"QCL","Crops and livestock products","356","India","5312","Area harvested","01329","Other citrus fruit, n.e.c.","2000","2000","ha","8000","E","Estimated value",""
"QCL","Crops and livestock products","356","India","5412","Yield","01329","Other citrus fruit, n.e.c.","2000","2000","kg/ha","15000","E","Estimated value",""
"QCL","Crops and livestock products","356","India","5510","Production","01329","Other citrus fruit, n.e.c.","2000","2000","t","120000","X","Value from external organization","Unofficial figure"
"QCL","Crops and livestock products","356","India","5312","Area harvested","01329","Other citrus fruit, n.e.c.","2001","2001","ha","6647","I","Value imputed by a receiving agency",""
"QCL","Crops and livestock products","356","India","5412","Yield","01329","Other citrus fruit, n.e.c.","2001","2001","kg/ha","13538.9","E","Estimated value",""
"QCL","Crops and livestock products","356","India","5510","Production","01329","Other citrus fruit, n.e.c.","2001","2001","t","90000","X","Value from external organization","Unofficial figure"
"QCL","Crops and livestock products","356","India","5312","Area harvested","01329","Other citrus fruit, n.e.c.","2002","2002","ha","7565","I","Value imputed by a receiving agency",""
"QCL","Crops and livestock products","356","India","5412","Yield","01329","Other citrus fruit, n.e.c.","2002","2002","kg/ha","13219.4","E","Estimated value",""
"QCL","Crops and livestock products","356","India","5510","Production","01329","Other citrus fruit, n.e.c.","2002","2002","t","100000","X","Value from external organization","Unofficial figure"
"QCL","Crops and livestock products","356","India","5312","Area harvested","01329","Other citrus fruit, n.e.c.","2003","2003","ha","9600","E","Estimated value",""
"QCL","Crops and livestock products","356","India","5412","Yield","01329","Other citrus fruit, n.e.c.","2003","2003","kg/ha","12500","E","Estimated value",""
"QCL","Crops and livestock products","356","India","5510","Production","01329","Other citrus fruit, n.e.c.","2003","2003","t","120000","X","Value from external organization","Unofficial figure"
"QCL","Crops and livestock products","356","India","5312","Area harvested","01329","Other citrus fruit, n.e.c.","2004","2004","ha","9600","X","Value from external organization","Unofficial figure"
"QCL","Crops and livestock products","356","India","5412","Yield","01329","Other citrus fruit, n.e.c.","2004","2004","kg/ha","12500","X","Value from external organization",""
"QCL","Crops and livestock products","356","India","5510","Production","01329","Other citrus fruit, n.e.c.","2004","2004","t","120000","X","Value from external organization","Unofficial figure"
"QCL","Crops and livestock products","356","India","5312","Area harvested","01329","Other citrus fruit, n.e.c.","2005","2005","ha","10000","E","Estimated value",""
"QCL","Crops and livestock products","356","India","5412","Yield","01329","Other citrus fruit, n.e.c.","2005","2005","kg/ha","12500","E","Estimated value",""
"QCL","Crops and livestock products","356","India","5510","Production","01329","Other citrus fruit, n.e.c.","2005","2005","t","125000","X","Value from external organization","Unofficial figure"
"QCL","Crops and livestock products","356","India","5312","Area harvested","01329","Other citrus fruit, n.e.c.","2006","2006","ha","31000","E","Estimated value",""
"QCL","Crops and livestock products","356","India","5412","Yield","01329","Other citrus fruit, n.e.c.","2006","2006","kg/ha","12406.5","E","Estimated value",""
"QCL","Crops and livestock products","356","India","5510","Production","01329","Other citrus fruit, n.e.c.","2006","2006","t","384600","X","Value from external organization","Unofficial figure"
"QCL","Crops and livestock products","356","India","5312","Area harvested","01329","Other citrus fruit, n.e.c.","2007","2007","ha","31000","E","Estimated value",""
"QCL","Crops and livestock products","356","India","5412","Yield","01329","Other citrus fruit, n.e.c.","2007","2007","kg/ha","12577.4","E","Estimated value",""
"QCL","Crops and livestock products","356","India","5510","Production","01329","Other citrus fruit, n.e.c.","2007","2007","t","389900","X","Value from external organization","Unofficial figure"
"QCL","Crops and livestock products","356","India","5312","Area harvested","01329","Other citrus fruit, n.e.c.","2010","2010","ha","63000","E","Estimated value",""
"QCL","Crops and livestock products","356","India","5412","Yield","01329","Other citrus fruit, n.e.c.","2010","2010","kg/ha","12409.5","E","Estimated value",""
"QCL","Crops and livestock products","356","India","5510","Production","01329","Other citrus fruit, n.e.c.","2010","2010","t","781800","X","Value from external organization","Unofficial figure"
"QCL","Crops and livestock products","356","India","5312","Area harvested","01329","Other citrus fruit, n.e.c.","2011","2011","ha","47000","E","Estimated value",""
"QCL","Crops and livestock products","356","India","5412","Yield","01329","Other citrus fruit, n.e.c.","2011","2011","kg/ha","12531.9","E","Estimated value",""
"QCL","Crops and livestock products","356","India","5510","Production","01329","Other citrus fruit, n.e.c.","2011","2011","t","589000","X","Value from external organization","Unofficial figure"
"QCL","Crops and livestock products","356","India","5312","Area harvested","01329","Other citrus fruit, n.e.c.","2012","2012","ha","77000","E","Estimated value",""
"QCL","Crops and livestock products","356","India","5412","Yield","01329","Other citrus fruit, n.e.c.","2012","2012","kg/ha","12558.4","E","Estimated value",""
"QCL","Crops and livestock products","356","India","5510","Production","01329","Other citrus fruit, n.e.c.","2012","2012","t","967000","X","Value from external organization","Unofficial figure"
"QCL","Crops and livestock products","356","India","5312","Area harvested","01329","Other citrus fruit, n.e.c.","2013","2013","ha","68000","E","Estimated value",""
"QCL","Crops and livestock products","356","India","5412","Yield","01329","Other citrus fruit, n.e.c.","2013","2013","kg/ha","12573.5","E","Estimated value",""
"QCL","Crops and livestock products","356","India","5510","Production","01329","Other citrus fruit, n.e.c.","2013","2013","t","855000","X","Value from external organization","Unofficial figure"
"QCL","Crops and livestock products","356","India","5312","Area harvested","01329","Other citrus fruit, n.e.c.","2014","2014","ha","57000","E","Estimated value",""
"QCL","Crops and livestock products","356","India","5412","Yield","01329","Other citrus fruit, n.e.c.","2014","2014","kg/ha","13078.9","E","Estimated value",""
"QCL","Crops and livestock products","356","India","5510","Production","01329","Other citrus fruit, n.e.c.","2014","2014","t","745500","A","Official value",""
"QCL","Crops and livestock products","356","India","5312","Area harvested","01329","Other citrus fruit, n.e.c.","2015","2015","ha","60000","E","Estimated value",""
"QCL","Crops and livestock products","356","India","5412","Yield","01329","Other citrus fruit, n.e.c.","2015","2015","kg/ha","13025","E","Estimated value",""
"QCL","Crops and livestock products","356","India","5510","Production","01329","Other citrus fruit, n.e.c.","2015","2015","t","781500","A","Official value",""
"QCL","Crops and livestock products","356","India","5312","Area harvested","01329","Other citrus fruit, n.e.c.","2016","2016","ha","98948","I","Value imputed by a receiving agency",""
"QCL","Crops and livestock products","356","India","5412","Yield","01329","Other citrus fruit, n.e.c.","2016","2016","kg/ha","11839.5","E","Estimated value",""
"QCL","Crops and livestock products","356","India","5510","Production","01329","Other citrus fruit, n.e.c.","2016","2016","t","1171500","X","Value from external organization","Unofficial figure"
"QCL","Crops and livestock products","356","India","5312","Area harvested","01329","Other citrus fruit, n.e.c.","2017","2017","ha","136000","A","Official value",""
"QCL","Crops and livestock products","356","India","5412","Yield","01329","Other citrus fruit, n.e.c.","2017","2017","kg/ha","10352.9","A","Official value",""
"QCL","Crops and livestock products","356","India","5510","Production","01329","Other citrus fruit, n.e.c.","2017","2017","t","1408000","A","Official value",""
"QCL","Crops and livestock products","356","India","5312","Area harvested","01329","Other citrus fruit, n.e.c.","2018","2018","ha","103000","A","Official value",""
"QCL","Crops and livestock products","356","India","5412","Yield","01329","Other citrus fruit, n.e.c.","2018","2018","kg/ha","10000","A","Official value",""
"QCL","Crops and livestock products","356","India","5510","Production","01329","Other citrus fruit, n.e.c.","2018","2018","t","1030000","A","Official value",""
"QCL","Crops and livestock products","356","India","5312","Area harvested","01329","Other citrus fruit, n.e.c.","2019","2019","ha","112000","A","Official value",""
"QCL","Crops and livestock products","356","India","5412","Yield","01329","Other citrus fruit, n.e.c.","2019","2019","kg/ha","9125","A","Official value",""
"QCL","Crops and livestock products","356","India","5510","Production","01329","Other citrus fruit, n.e.c.","2019","2019","t","1022000","A","Official value",""
"QCL","Crops and livestock products","356","India","5312","Area harvested","01329","Other citrus fruit, n.e.c.","2020","2020","ha","67000","A","Official value",""
"QCL","Crops and livestock products","356","India","5412","Yield","01329","Other citrus fruit, n.e.c.","2020","2020","kg/ha","6089.6","A","Official value",""
"QCL","Crops and livestock products","356","India","5510","Production","01329","Other citrus fruit, n.e.c.","2020","2020","t","408000","A","Official value",""
"QCL","Crops and livestock products","356","India","5312","Area harvested","01329","Other citrus fruit, n.e.c.","2021","2021","ha","77000","A","Official value",""
"QCL","Crops and livestock products","356","India","5412","Yield","01329","Other citrus fruit, n.e.c.","2021","2021","kg/ha","6350.6","A","Official value",""
"QCL","Crops and livestock products","356","India","5510","Production","01329","Other citrus fruit, n.e.c.","2021","2021","t","489000","A","Official value",""
"QCL","Crops and livestock products","356","India","5312","Area harvested","01329","Other citrus fruit, n.e.c.","2022","2022","ha","103000","A","Official value",""
"QCL","Crops and livestock products","356","India","5412","Yield","01329","Other citrus fruit, n.e.c.","2022","2022","kg/ha","7592.2","A","Official value",""
"QCL","Crops and livestock products","356","India","5510","Production","01329","Other citrus fruit, n.e.c.","2022","2022","t","782000","A","Official value",""
"QCL","Crops and livestock products","356","India","5312","Area harvested","01329","Other citrus fruit, n.e.c.","2023","2023","ha","97000","A","Official value",""
"QCL","Crops and livestock products","356","India","5412","Yield","01329","Other citrus fruit, n.e.c.","2023","2023","kg/ha","7350.5","A","Official value",""
"QCL","Crops and livestock products","356","India","5510","Production","01329","Other citrus fruit, n.e.c.","2023","2023","t","713000","A","Official value",""
"QCL","Crops and livestock products","356","India","5312","Area harvested","01359.90","Other fruits, n.e.c.","2000","2000","ha","568000","A","Official value",""
"QCL","Crops and livestock products","356","India","5412","Yield","01359.90","Other fruits, n.e.c.","2000","2000","kg/ha","11126.1","A","Official value",""
"QCL","Crops and livestock products","356","India","5510","Production","01359.90","Other fruits, n.e.c.","2000","2000","t","6319600","A","Official value",""
"QCL","Crops and livestock products","356","India","5312","Area harvested","01359.90","Other fruits, n.e.c.","2001","2001","ha","619300","A","Official value",""
"QCL","Crops and livestock products","356","India","5412","Yield","01359.90","Other fruits, n.e.c.","2001","2001","kg/ha","10526.2","A","Official value",""
"QCL","Crops and livestock products","356","India","5510","Production","01359.90","Other fruits, n.e.c.","2001","2001","t","6518900","A","Official value",""
"QCL","Crops and livestock products","356","India","5312","Area harvested","01359.90","Other fruits, n.e.c.","2002","2002","ha","597200","A","Official value",""
"QCL","Crops and livestock products","356","India","5412","Yield","01359.90","Other fruits, n.e.c.","2002","2002","kg/ha","4167.4","A","Official value",""
"QCL","Crops and livestock products","356","India","5510","Production","01359.90","Other fruits, n.e.c.","2002","2002","t","2488800","A","Official value",""
"QCL","Crops and livestock products","356","India","5312","Area harvested","01359.90","Other fruits, n.e.c.","2003","2003","ha","157500","A","Official value",""
"QCL","Crops and livestock products","356","India","5412","Yield","01359.90","Other fruits, n.e.c.","2003","2003","kg/ha","35770.2","A","Official value",""
"QCL","Crops and livestock products","356","India","5510","Production","01359.90","Other fruits, n.e.c.","2003","2003","t","5633800","A","Official value",""
"QCL","Crops and livestock products","356","India","5312","Area harvested","01359.90","Other fruits, n.e.c.","2004","2004","ha","769900","A","Official value",""
"QCL","Crops and livestock products","356","India","5412","Yield","01359.90","Other fruits, n.e.c.","2004","2004","kg/ha","6904.3","A","Official value",""
"QCL","Crops and livestock products","356","India","5510","Production","01359.90","Other fruits, n.e.c.","2004","2004","t","5315600","A","Official value",""
"QCL","Crops and livestock products","356","India","5312","Area harvested","01359.90","Other fruits, n.e.c.","2005","2005","ha","867600","A","Official value",""
"QCL","Crops and livestock products","356","India","5412","Yield","01359.90","Other fruits, n.e.c.","2005","2005","kg/ha","6086.8","A","Official value",""
"QCL","Crops and livestock products","356","India","5510","Production","01359.90","Other fruits, n.e.c.","2005","2005","t","5280900","A","Official value",""
"QCL","Crops and livestock products","356","India","5312","Area harvested","01359.90","Other fruits, n.e.c.","2006","2006","ha","1046000","A","Official value",""
"QCL","Crops and livestock products","356","India","5412","Yield","01359.90","Other fruits, n.e.c.","2006","2006","kg/ha","6201.7","A","Official value",""
"QCL","Crops and livestock products","356","India","5510","Production","01359.90","Other fruits, n.e.c.","2006","2006","t","6487000","A","Official value",""
"QCL","Crops and livestock products","356","India","5312","Area harvested","01359.90","Other fruits, n.e.c.","2007","2007","ha","1085000","A","Official value",""
"QCL","Crops and livestock products","356","India","5412","Yield","01359.90","Other fruits, n.e.c.","2007","2007","kg/ha","6285.7","A","Official value",""
"QCL","Crops and livestock products","356","India","5510","Production","01359.90","Other fruits, n.e.c.","2007","2007","t","6820000","A","Official value",""
"QCL","Crops and livestock products","356","India","5312","Area harvested","01359.90","Other fruits, n.e.c.","2010","2010","ha","1244400","A","Official value",""
"QCL","Crops and livestock products","356","India","5412","Yield","01359.90","Other fruits, n.e.c.","2010","2010","kg/ha","6316.9","A","Official value",""
"QCL","Crops and livestock products","356","India","5510","Production","01359.90","Other fruits, n.e.c.","2010","2010","t","7860700","A","Official value",""
"QCL","Crops and livestock products","356","India","5312","Area harvested","01359.90","Other fruits, n.e.c.","2011","2011","ha","1054000","A","Official value",""
"QCL","Crops and livestock products","356","India","5412","Yield","01359.90","Other fruits, n.e.c.","2011","2011","kg/ha","5241","A","Official value",""
"QCL","Crops and livestock products","356","India","5510","Production","01359.90","Other fruits, n.e.c.","2011","2011","t","5524000","A","Official value",""
"QCL","Crops and livestock products","356","India","5312","Area harvested","01359.90","Other fruits, n.e.c.","2012","2012","ha","1117000","A","Official value",""
"QCL","Crops and livestock products","356","India","5412","Yield","01359.90","Other fruits, n.e.c.","2012","2012","kg/ha","5127.1","A","Official value",""
"QCL","Crops and livestock products","356","India","5510","Production","01359.90","Other fruits, n.e.c.","2012","2012","t","5727000","A","Official value",""
"QCL","Crops and livestock products","356","India","5312","Area harvested","01359.90","Other fruits, n.e.c.","2013","2013","ha","1159000","A","Official value",""
"QCL","Crops and livestock products","356","India","5412","Yield","01359.90","Other fruits, n.e.c.","2013","2013","kg/ha","5769.6","A","Official value",""
"QCL","Crops and livestock products","356","India","5510","Production","01359.90","Other fruits, n.e.c.","2013","2013","t","6687000","A","Official value",""
"QCL","Crops and livestock products","356","India","5312","Area harvested","01359.90","Other fruits, n.e.c.","2014","2014","ha","1272000","A","Official value",""
"QCL","Crops and livestock products","356","India","5412","Yield","01359.90","Other fruits, n.e.c.","2014","2014","kg/ha","6207.5","A","Official value",""
"QCL","Crops and livestock products","356","India","5510","Production","01359.90","Other fruits, n.e.c.","2014","2014","t","7896000","A","Official value",""
"QCL","Crops and livestock products","356","India","5312","Area harvested","01359.90","Other fruits, n.e.c.","2015","2015","ha","835000","A","Official value",""
"QCL","Crops and livestock products","356","India","5412","Yield","01359.90","Other fruits, n.e.c.","2015","2015","kg/ha","10476.6","A","Official value",""
"QCL","Crops and livestock products","356","India","5510","Production","01359.90","Other fruits, n.e.c.","2015","2015","t","8748000","A","Official value",""
"QCL","Crops and livestock products","356","India","5312","Area harvested","01359.90","Other fruits, n.e.c.","2016","2016","ha","806464","A","Official value",""
"QCL","Crops and livestock products","356","India","5412","Yield","01359.90","Other fruits, n.e.c.","2016","2016","kg/ha","10164.8","A","Official value",""
"QCL","Crops and livestock products","356","India","5510","Production","01359.90","Other fruits, n.e.c.","2016","2016","t","8197527.81","A","Official value",""
"QCL","Crops and livestock products","356","India","5312","Area harvested","01359.90","Other fruits, n.e.c.","2017","2017","ha","820848","A","Official value",""
"QCL","Crops and livestock products","356","India","5412","Yield","01359.90","Other fruits, n.e.c.","2017","2017","kg/ha","10690.3","A","Official value",""
"QCL","Crops and livestock products","356","India","5510","Production","01359.90","Other fruits, n.e.c.","2017","2017","t","8775120.48","A","Official value",""
"QCL","Crops and livestock products","356","India","5312","Area harvested","01359.90","Other fruits, n.e.c.","2018","2018","ha","861010","A","Official value",""
"QCL","Crops and livestock products","356","India","5412","Yield","01359.90","Other fruits, n.e.c.","2018","2018","kg/ha","10130.1","A","Official value",""
"QCL","Crops and livestock products","356","India","5510","Production","01359.90","Other fruits, n.e.c.","2018","2018","t","8722078.18","A","Official value",""
"QCL","Crops and livestock products","356","India","5312","Area harvested","01359.90","Other fruits, n.e.c.","2019","2019","ha","881310","A","Official value",""
"QCL","Crops and livestock products","356","India","5412","Yield","01359.90","Other fruits, n.e.c.","2019","2019","kg/ha","10193.3","A","Official value",""
"QCL","Crops and livestock products","356","India","5510","Production","01359.90","Other fruits, n.e.c.","2019","2019","t","8983499.66","A","Official value",""
"QCL","Crops and livestock products","356","India","5312","Area harvested","01359.90","Other fruits, n.e.c.","2020","2020","ha","942934","A","Official value",""
"QCL","Crops and livestock products","356","India","5412","Yield","01359.90","Other fruits, n.e.c.","2020","2020","kg/ha","10346.7","A","Official value",""
"QCL","Crops and livestock products","356","India","5510","Production","01359.90","Other fruits, n.e.c.","2020","2020","t","9756278.25","A","Official value",""
"QCL","Crops and livestock products","356","India","5312","Area harvested","01359.90","Other fruits, n.e.c.","2021","2021","ha","982463","A","Official value",""
"QCL","Crops and livestock products","356","India","5412","Yield","01359.90","Other fruits, n.e.c.","2021","2021","kg/ha","10340.4","A","Official value",""
"QCL","Crops and livestock products","356","India","5510","Production","01359.90","Other fruits, n.e.c.","2021","2021","t","10159074.01","A","Official value",""
"QCL","Crops and livestock products","356","India","5312","Area harvested","01359.90","Other fruits, n.e.c.","2022","2022","ha","988196","A","Official value",""
"QCL","Crops and livestock products","356","India","5412","Yield","01359.90","Other fruits, n.e.c.","2022","2022","kg/ha","11549.4","A","Official value",""
"QCL","Crops and livestock products","356","India","5510","Production","01359.90","Other fruits, n.e.c.","2022","2022","t","11413041.77","A","Official value",""
"QCL","Crops and livestock products","356","India","5312","Area harvested","01359.90","Other fruits, n.e.c.","2023","2023","ha","956611","A","Official value",""
"QCL","Crops and livestock products","356","India","5412","Yield","01359.90","Other fruits, n.e.c.","2023","2023","kg/ha","12043.1","A","Official value",""
"QCL","Crops and livestock products","356","India","5510","Production","01359.90","Other fruits, n.e.c.","2023","2023","t","11520515.89","A","Official value",""
"QCL","Crops and livestock products","356","India","5312","Area harvested","01449.90","Other oil seeds, n.e.c.","2000","2000","ha","367000","E","Estimated value",""
"QCL","Crops and livestock products","356","India","5412","Yield","01449.90","Other oil seeds, n.e.c.","2000","2000","kg/ha","299.7","E","Estimated value",""
"QCL","Crops and livestock products","356","India","5510","Production","01449.90","Other oil seeds, n.e.c.","2000","2000","t","110000","A","Official value",""
"QCL","Crops and livestock products","356","India","5312","Area harvested","01449.90","Other oil seeds, n.e.c.","2001","2001","ha","430000","E","Estimated value",""
"QCL","Crops and livestock products","356","India","5412","Yield","01449.90","Other oil seeds, n.e.c.","2001","2001","kg/ha","302.3","E","Estimated value",""
"QCL","Crops and livestock products","356","India","5510","Production","01449.90","Other oil seeds, n.e.c.","2001","2001","t","130000","A","Official value",""
"QCL","Crops and livestock products","356","India","5312","Area harvested","01449.90","Other oil seeds, n.e.c.","2002","2002","ha","283000","E","Estimated value",""
"QCL","Crops and livestock products","356","India","5412","Yield","01449.90","Other oil seeds, n.e.c.","2002","2002","kg/ha","303.9","E","Estimated value",""
"QCL","Crops and livestock products","356","India","5510","Production","01449.90","Other oil seeds, n.e.c.","2002","2002","t","86000","A","Official value",""
"QCL","Crops and livestock products","356","India","5312","Area harvested","01449.90","Other oil seeds, n.e.c.","2003","2003","ha","363000","E","Estimated value",""
"QCL","Crops and livestock products","356","India","5412","Yield","01449.90","Other oil seeds, n.e.c.","2003","2003","kg/ha","300.3","E","Estimated value",""
"QCL","Crops and livestock products","356","India","5510","Production","01449.90","Other oil seeds, n.e.c.","2003","2003","t","109000","A","Official value",""
"QCL","Crops and livestock products","356","India","5312","Area harvested","01449.90","Other oil seeds, n.e.c.","2004","2004","ha","373000","E","Estimated value",""
"QCL","Crops and livestock products","356","India","5412","Yield","01449.90","Other oil seeds, n.e.c.","2004","2004","kg/ha","300.3","E","Estimated value",""
"QCL","Crops and livestock products","356","India","5510","Production","01449.90","Other oil seeds, n.e.c.","2004","2004","t","112000","A","Official value",""
"QCL","Crops and livestock products","356","India","5312","Area harvested","01449.90","Other oil seeds, n.e.c.","2005","2005","ha","360000","E","Estimated value",""
"QCL","Crops and livestock products","356","India","5412","Yield","01449.90","Other oil seeds, n.e.c.","2005","2005","kg/ha","300","E","Estimated value",""
"QCL","Crops and livestock products","356","India","5510","Production","01449.90","Other oil seeds, n.e.c.","2005","2005","t","108000","A","Official value",""
"QCL","Crops and livestock products","356","India","5312","Area harvested","01449.90","Other oil seeds, n.e.c.","2006","2006","ha","403000","E","Estimated value",""
"QCL","Crops and livestock products","356","India","5412","Yield","01449.90","Other oil seeds, n.e.c.","2006","2006","kg/ha","300.2","E","Estimated value",""
"QCL","Crops and livestock products","356","India","5510","Production","01449.90","Other oil seeds, n.e.c.","2006","2006","t","121000","A","Official value",""
"QCL","Crops and livestock products","356","India","5312","Area harvested","01449.90","Other oil seeds, n.e.c.","2007","2007","ha","360000","E","Estimated value",""
"QCL","Crops and livestock products","356","India","5412","Yield","01449.90","Other oil seeds, n.e.c.","2007","2007","kg/ha","305.6","E","Estimated value",""
"QCL","Crops and livestock products","356","India","5510","Production","01449.90","Other oil seeds, n.e.c.","2007","2007","t","110000","A","Official value",""
"QCL","Crops and livestock products","356","India","5312","Area harvested","01449.90","Other oil seeds, n.e.c.","2010","2010","ha","388730","A","Official value",""
"QCL","Crops and livestock products","356","India","5412","Yield","01449.90","Other oil seeds, n.e.c.","2010","2010","kg/ha","277.8","A","Official value",""
"QCL","Crops and livestock products","356","India","5510","Production","01449.90","Other oil seeds, n.e.c.","2010","2010","t","108000","A","Official value",""
"QCL","Crops and livestock products","356","India","5312","Area harvested","01449.90","Other oil seeds, n.e.c.","2011","2011","ha","310000","E","Estimated value",""
"QCL","Crops and livestock products","356","India","5412","Yield","01449.90","Other oil seeds, n.e.c.","2011","2011","kg/ha","316.1","E","Estimated value",""
"QCL","Crops and livestock products","356","India","5510","Production","01449.90","Other oil seeds, n.e.c.","2011","2011","t","98000","A","Official value",""
"QCL","Crops and livestock products","356","India","5312","Area harvested","01449.90","Other oil seeds, n.e.c.","2012","2012","ha","315000","E","Estimated value",""
"QCL","Crops and livestock products","356","India","5412","Yield","01449.90","Other oil seeds, n.e.c.","2012","2012","kg/ha","323.8","E","Estimated value",""
"QCL","Crops and livestock products","356","India","5510","Production","01449.90","Other oil seeds, n.e.c.","2012","2012","t","102000","A","Official value",""
"QCL","Crops and livestock products","356","India","5312","Area harvested","01449.90","Other oil seeds, n.e.c.","2013","2013","ha","298740","A","Official value",""
"QCL","Crops and livestock products","356","India","5412","Yield","01449.90","Other oil seeds, n.e.c.","2013","2013","kg/ha","328","A","Official value",""
"QCL","Crops and livestock products","356","India","5510","Production","01449.90","Other oil seeds, n.e.c.","2013","2013","t","98000","A","Official value",""
"QCL","Crops and livestock products","356","India","5312","Area harvested","01449.90","Other oil seeds, n.e.c.","2014","2014","ha","234000","A","Official value",""
"QCL","Crops and livestock products","356","India","5412","Yield","01449.90","Other oil seeds, n.e.c.","2014","2014","kg/ha","324.8","A","Official value",""
"QCL","Crops and livestock products","356","India","5510","Production","01449.90","Other oil seeds, n.e.c.","2014","2014","t","76000","A","Official value",""
"QCL","Crops and livestock products","356","India","5312","Area harvested","01449.90","Other oil seeds, n.e.c.","2015","2015","ha","252000","A","Official value",""
"QCL","Crops and livestock products","356","India","5412","Yield","01449.90","Other oil seeds, n.e.c.","2015","2015","kg/ha","293.7","A","Official value",""
"QCL","Crops and livestock products","356","India","5510","Production","01449.90","Other oil seeds, n.e.c.","2015","2015","t","74000","A","Official value",""
"QCL","Crops and livestock products","356","India","5312","Area harvested","01449.90","Other oil seeds, n.e.c.","2016","2016","ha","281133","I","Value imputed by a receiving agency",""
"QCL","Crops and livestock products","356","India","5412","Yield","01449.90","Other oil seeds, n.e.c.","2016","2016","kg/ha","302.3","E","Estimated value",""
"QCL","Crops and livestock products","356","India","5510","Production","01449.90","Other oil seeds, n.e.c.","2016","2016","t","85000","A","Official value",""
"QCL","Crops and livestock products","356","India","5312","Area harvested","01449.90","Other oil seeds, n.e.c.","2017","2017","ha","226417","I","Value imputed by a receiving agency",""
"QCL","Crops and livestock products","356","India","5412","Yield","01449.90","Other oil seeds, n.e.c.","2017","2017","kg/ha","309.2","E","Estimated value",""
"QCL","Crops and livestock products","356","India","5510","Production","01449.90","Other oil seeds, n.e.c.","2017","2017","t","70000","A","Official value",""
"QCL","Crops and livestock products","356","India","5312","Area harvested","01449.90","Other oil seeds, n.e.c.","2018","2018","ha","202686","I","Value imputed by a receiving agency",""
"QCL","Crops and livestock products","356","India","5412","Yield","01449.90","Other oil seeds, n.e.c.","2018","2018","kg/ha","310.8","E","Estimated value",""
"QCL","Crops and livestock products","356","India","5510","Production","01449.90","Other oil seeds, n.e.c.","2018","2018","t","63000","A","Official value",""
"QCL","Crops and livestock products","356","India","5312","Area harvested","01449.90","Other oil seeds, n.e.c.","2019","2019","ha","134877","I","Value imputed by a receiving agency",""
"QCL","Crops and livestock products","356","India","5412","Yield","01449.90","Other oil seeds, n.e.c.","2019","2019","kg/ha","311.4","E","Estimated value",""
"QCL","Crops and livestock products","356","India","5510","Production","01449.90","Other oil seeds, n.e.c.","2019","2019","t","42000","A","Official value",""
"QCL","Crops and livestock products","356","India","5312","Area harvested","01449.90","Other oil seeds, n.e.c.","2020","2020","ha","131578","I","Value imputed by a receiving agency",""
"QCL","Crops and livestock products","356","India","5412","Yield","01449.90","Other oil seeds, n.e.c.","2020","2020","kg/ha","311.6","E","Estimated value",""
"QCL","Crops and livestock products","356","India","5510","Production","01449.90","Other oil seeds, n.e.c.","2020","2020","t","41000","A","Official value",""
"QCL","Crops and livestock products","356","India","5312","Area harvested","01449.90","Other oil seeds, n.e.c.","2021","2021","ha","134569","I","Value imputed by a receiving agency",""
"QCL","Crops and livestock products","356","India","5412","Yield","01449.90","Other oil seeds, n.e.c.","2021","2021","kg/ha","312.1","E","Estimated value",""
"QCL","Crops and livestock products","356","India","5510","Production","01449.90","Other oil seeds, n.e.c.","2021","2021","t","42000","A","Official value",""
"QCL","Crops and livestock products","356","India","5312","Area harvested","01449.90","Other oil seeds, n.e.c.","2022","2022","ha","108712","E","Estimated value",""
"QCL","Crops and livestock products","356","India","5412","Yield","01449.90","Other oil seeds, n.e.c.","2022","2022","kg/ha","312.8","E","Estimated value",""
"QCL","Crops and livestock products","356","India","5510","Production","01449.90","Other oil seeds, n.e.c.","2022","2022","t","34000","A","Official value",""
"QCL","Crops and livestock products","356","India","5312","Area harvested","01449.90","Other oil seeds, n.e.c.","2023","2023","ha","92540","I","Value imputed by a receiving agency",""
"QCL","Crops and livestock products","356","India","5412","Yield","01449.90","Other oil seeds, n.e.c.","2023","2023","kg/ha","313.4","E","Estimated value",""
"QCL","Crops and livestock products","356","India","5510","Production","01449.90","Other oil seeds, n.e.c.","2023","2023","t","29000","A","Official value",""
"QCL","Crops and livestock products","356","India","5312","Area harvested","01699","Other stimulant, spice and aromatic crops, n.e.c.","2000","2000","ha","545300","A","Official value",""
"QCL","Crops and livestock products","356","India","5412","Yield","01699","Other stimulant, spice and aromatic crops, n.e.c.","2000","2000","kg/ha","1734.1","A","Official value",""
"QCL","Crops and livestock products","356","India","5510","Production","01699","Other stimulant, spice and aromatic crops, n.e.c.","2000","2000","t","945600","A","Official value",""
"QCL","Crops and livestock products","356","India","5312","Area harvested","01699","Other stimulant, spice and aromatic crops, n.e.c.","2001","2001","ha","596300","A","Official value",""
"QCL","Crops and livestock products","356","India","5412","Yield","01699","Other stimulant, spice and aromatic crops, n.e.c.","2001","2001","kg/ha","1479.5","A","Official value",""
"QCL","Crops and livestock products","356","India","5510","Production","01699","Other stimulant, spice and aromatic crops, n.e.c.","2001","2001","t","882200","A","Official value",""
"QCL","Crops and livestock products","356","India","5312","Area harvested","01699","Other stimulant, spice and aromatic crops, n.e.c.","2002","2002","ha","397500","A","Official value",""
"QCL","Crops and livestock products","356","India","5412","Yield","01699","Other stimulant, spice and aromatic crops, n.e.c.","2002","2002","kg/ha","1858.6","A","Official value",""
"QCL","Crops and livestock products","356","India","5510","Production","01699","Other stimulant, spice and aromatic crops, n.e.c.","2002","2002","t","738800","A","Official value",""
"QCL","Crops and livestock products","356","India","5312","Area harvested","01699","Other stimulant, spice and aromatic crops, n.e.c.","2003","2003","ha","633600","A","Official value",""
"QCL","Crops and livestock products","356","India","5412","Yield","01699","Other stimulant, spice and aromatic crops, n.e.c.","2003","2003","kg/ha","1506.8","A","Official value",""
"QCL","Crops and livestock products","356","India","5510","Production","01699","Other stimulant, spice and aromatic crops, n.e.c.","2003","2003","t","954700","A","Official value",""
"QCL","Crops and livestock products","356","India","5312","Area harvested","01699","Other stimulant, spice and aromatic crops, n.e.c.","2004","2004","ha","507600","A","Official value",""
"QCL","Crops and livestock products","356","India","5412","Yield","01699","Other stimulant, spice and aromatic crops, n.e.c.","2004","2004","kg/ha","1903.3","A","Official value",""
"QCL","Crops and livestock products","356","India","5510","Production","01699","Other stimulant, spice and aromatic crops, n.e.c.","2004","2004","t","966100","A","Official value",""
"QCL","Crops and livestock products","356","India","5312","Area harvested","01699","Other stimulant, spice and aromatic crops, n.e.c.","2005","2005","ha","512400","A","Official value",""
"QCL","Crops and livestock products","356","India","5412","Yield","01699","Other stimulant, spice and aromatic crops, n.e.c.","2005","2005","kg/ha","2098.2","A","Official value",""
"QCL","Crops and livestock products","356","India","5510","Production","01699","Other stimulant, spice and aromatic crops, n.e.c.","2005","2005","t","1075100","A","Official value",""
"QCL","Crops and livestock products","356","India","5312","Area harvested","01699","Other stimulant, spice and aromatic crops, n.e.c.","2006","2006","ha","499300","A","Official value",""
"QCL","Crops and livestock products","356","India","5412","Yield","01699","Other stimulant, spice and aromatic crops, n.e.c.","2006","2006","kg/ha","2042.9","A","Official value",""
"QCL","Crops and livestock products","356","India","5510","Production","01699","Other stimulant, spice and aromatic crops, n.e.c.","2006","2006","t","1020000","A","Official value",""
"QCL","Crops and livestock products","356","India","5312","Area harvested","01699","Other stimulant, spice and aromatic crops, n.e.c.","2007","2007","ha","559500","A","Official value",""
"QCL","Crops and livestock products","356","India","5412","Yield","01699","Other stimulant, spice and aromatic crops, n.e.c.","2007","2007","kg/ha","1973.2","A","Official value",""
"QCL","Crops and livestock products","356","India","5510","Production","01699","Other stimulant, spice and aromatic crops, n.e.c.","2007","2007","t","1104000","A","Official value",""
"QCL","Crops and livestock products","356","India","5312","Area harvested","01699","Other stimulant, spice and aromatic crops, n.e.c.","2010","2010","ha","725600","A","Official value",""
"QCL","Crops and livestock products","356","India","5412","Yield","01699","Other stimulant, spice and aromatic crops, n.e.c.","2010","2010","kg/ha","2032.7","A","Official value",""
"QCL","Crops and livestock products","356","India","5510","Production","01699","Other stimulant, spice and aromatic crops, n.e.c.","2010","2010","t","1474900","A","Official value",""
"QCL","Crops and livestock products","356","India","5312","Area harvested","01699","Other stimulant, spice and aromatic crops, n.e.c.","2011","2011","ha","776516","A","Official value",""
"QCL","Crops and livestock products","356","India","5412","Yield","01699","Other stimulant, spice and aromatic crops, n.e.c.","2011","2011","kg/ha","2189","A","Official value",""
"QCL","Crops and livestock products","356","India","5510","Production","01699","Other stimulant, spice and aromatic crops, n.e.c.","2011","2011","t","1699790","A","Official value",""
"QCL","Crops and livestock products","356","India","5312","Area harvested","01699","Other stimulant, spice and aromatic crops, n.e.c.","2012","2012","ha","740990","A","Official value",""
"QCL","Crops and livestock products","356","India","5412","Yield","01699","Other stimulant, spice and aromatic crops, n.e.c.","2012","2012","kg/ha","2020.3","A","Official value",""
"QCL","Crops and livestock products","356","India","5510","Production","01699","Other stimulant, spice and aromatic crops, n.e.c.","2012","2012","t","1496990","A","Official value",""
"QCL","Crops and livestock products","356","India","5312","Area harvested","01699","Other stimulant, spice and aromatic crops, n.e.c.","2013","2013","ha","740337","A","Official value",""
"QCL","Crops and livestock products","356","India","5412","Yield","01699","Other stimulant, spice and aromatic crops, n.e.c.","2013","2013","kg/ha","2026.8","A","Official value",""
"QCL","Crops and livestock products","356","India","5510","Production","01699","Other stimulant, spice and aromatic crops, n.e.c.","2013","2013","t","1500488","A","Official value",""
"QCL","Crops and livestock products","356","India","5312","Area harvested","01699","Other stimulant, spice and aromatic crops, n.e.c.","2014","2014","ha","680000","A","Official value",""
"QCL","Crops and livestock products","356","India","5412","Yield","01699","Other stimulant, spice and aromatic crops, n.e.c.","2014","2014","kg/ha","2211.8","A","Official value",""
"QCL","Crops and livestock products","356","India","5510","Production","01699","Other stimulant, spice and aromatic crops, n.e.c.","2014","2014","t","1504000","A","Official value",""
"QCL","Crops and livestock products","356","India","5312","Area harvested","01699","Other stimulant, spice and aromatic crops, n.e.c.","2015","2015","ha","737000","A","Official value",""
"QCL","Crops and livestock products","356","India","5412","Yield","01699","Other stimulant, spice and aromatic crops, n.e.c.","2015","2015","kg/ha","1753.1","A","Official value",""
"QCL","Crops and livestock products","356","India","5510","Production","01699","Other stimulant, spice and aromatic crops, n.e.c.","2015","2015","t","1292000","A","Official value",""
"QCL","Crops and livestock products","356","India","5312","Area harvested","01699","Other stimulant, spice and aromatic crops, n.e.c.","2016","2016","ha","768000","A","Official value",""
"QCL","Crops and livestock products","356","India","5412","Yield","01699","Other stimulant, spice and aromatic crops, n.e.c.","2016","2016","kg/ha","1989.6","A","Official value",""
"QCL","Crops and livestock products","356","India","5510","Production","01699","Other stimulant, spice and aromatic crops, n.e.c.","2016","2016","t","1528000","A","Official value",""
"QCL","Crops and livestock products","356","India","5312","Area harvested","01699","Other stimulant, spice and aromatic crops, n.e.c.","2017","2017","ha","526000","A","Official value",""
"QCL","Crops and livestock products","356","India","5412","Yield","01699","Other stimulant, spice and aromatic crops, n.e.c.","2017","2017","kg/ha","3026.6","A","Official value",""
"QCL","Crops and livestock products","356","India","5510","Production","01699","Other stimulant, spice and aromatic crops, n.e.c.","2017","2017","t","1592000","A","Official value",""
"QCL","Crops and livestock products","356","India","5312","Area harvested","01699","Other stimulant, spice and aromatic crops, n.e.c.","2018","2018","ha","836000","A","Official value",""
"QCL","Crops and livestock products","356","India","5412","Yield","01699","Other stimulant, spice and aromatic crops, n.e.c.","2018","2018","kg/ha","1631.6","A","Official value",""
"QCL","Crops and livestock products","356","India","5510","Production","01699","Other stimulant, spice and aromatic crops, n.e.c.","2018","2018","t","1364000","A","Official value",""
"QCL","Crops and livestock products","356","India","5312","Area harvested","01699","Other stimulant, spice and aromatic crops, n.e.c.","2019","2019","ha","824000","A","Official value",""
"QCL","Crops and livestock products","356","India","5412","Yield","01699","Other stimulant, spice and aromatic crops, n.e.c.","2019","2019","kg/ha","1740.3","A","Official value",""
"QCL","Crops and livestock products","356","India","5510","Production","01699","Other stimulant, spice and aromatic crops, n.e.c.","2019","2019","t","1434000","A","Official value",""
"QCL","Crops and livestock products","356","India","5312","Area harvested","01699","Other stimulant, spice and aromatic crops, n.e.c.","2020","2020","ha","742790","I","Value imputed by a receiving agency",""
"QCL","Crops and livestock products","356","India","5412","Yield","01699","Other stimulant, spice and aromatic crops, n.e.c.","2020","2020","kg/ha","1970.1","E","Estimated value",""
"QCL","Crops and livestock products","356","India","5510","Production","01699","Other stimulant, spice and aromatic crops, n.e.c.","2020","2020","t","1463333.33","E","Estimated value",""
"QCL","Crops and livestock products","356","India","5312","Area harvested","01699","Other stimulant, spice and aromatic crops, n.e.c.","2021","2021","ha","709950","I","Value imputed by a receiving agency",""
"QCL","Crops and livestock products","356","India","5412","Yield","01699","Other stimulant, spice and aromatic crops, n.e.c.","2021","2021","kg/ha","2000.8","E","Estimated value",""
"QCL","Crops and livestock products","356","India","5510","Production","01699","Other stimulant, spice and aromatic crops, n.e.c.","2021","2021","t","1420444.44","E","Estimated value",""
"QCL","Crops and livestock products","356","India","5312","Area harvested","01699","Other stimulant, spice and aromatic crops, n.e.c.","2022","2022","ha","722150","I","Value imputed by a receiving agency",""
"QCL","Crops and livestock products","356","India","5412","Yield","01699","Other stimulant, spice and aromatic crops, n.e.c.","2022","2022","kg/ha","1993","E","Estimated value",""
"QCL","Crops and livestock products","356","India","5510","Production","01699","Other stimulant, spice and aromatic crops, n.e.c.","2022","2022","t","1439259.26","E","Estimated value",""
"QCL","Crops and livestock products","356","India","5312","Area harvested","01699","Other stimulant, spice and aromatic crops, n.e.c.","2023","2023","ha","728372","I","Value imputed by a receiving agency",""
"QCL","Crops and livestock products","356","India","5412","Yield","01699","Other stimulant, spice and aromatic crops, n.e.c.","2023","2023","kg/ha","1978.4","E","Estimated value",""
"QCL","Crops and livestock products","356","India","5510","Production","01699","Other stimulant, spice and aromatic crops, n.e.c.","2023","2023","t","1441012.35","E","Estimated value",""
"QCL","Crops and livestock products","356","India","5312","Area harvested","01349.20","Other stone fruits","2000","2000","ha","533","I","Value imputed by a receiving agency",""
"QCL","Crops and livestock products","356","India","5412","Yield","01349.20","Other stone fruits","2000","2000","kg/ha","2531.9","E","Estimated value",""
"QCL","Crops and livestock products","356","India","5510","Production","01349.20","Other stone fruits","2000","2000","t","1350","X","Value from external organization","Unofficial figure"
"QCL","Crops and livestock products","356","India","5312","Area harvested","01349.20","Other stone fruits","2001","2001","ha","537","I","Value imputed by a receiving agency",""
"QCL","Crops and livestock products","356","India","5412","Yield","01349.20","Other stone fruits","2001","2001","kg/ha","2606.9","E","Estimated value",""
"QCL","Crops and livestock products","356","India","5510","Production","01349.20","Other stone fruits","2001","2001","t","1400","E","Estimated value",""
"QCL","Crops and livestock products","356","India","5312","Area harvested","01349.20","Other stone fruits","2002","2002","ha","541","I","Value imputed by a receiving agency",""
"QCL","Crops and livestock products","356","India","5412","Yield","01349.20","Other stone fruits","2002","2002","kg/ha","2707.7","E","Estimated value",""
"QCL","Crops and livestock products","356","India","5510","Production","01349.20","Other stone fruits","2002","2002","t","1464.58","I","Value imputed by a receiving agency",""
"QCL","Crops and livestock products","356","India","5312","Area harvested","01349.20","Other stone fruits","2003","2003","ha","545","I","Value imputed by a receiving agency",""
"QCL","Crops and livestock products","356","India","5412","Yield","01349.20","Other stone fruits","2003","2003","kg/ha","2807.7","E","Estimated value",""
"QCL","Crops and livestock products","356","India","5510","Production","01349.20","Other stone fruits","2003","2003","t","1529.47","I","Value imputed by a receiving agency",""
"QCL","Crops and livestock products","356","India","5312","Area harvested","01349.20","Other stone fruits","2004","2004","ha","549","I","Value imputed by a receiving agency",""
"QCL","Crops and livestock products","356","India","5412","Yield","01349.20","Other stone fruits","2004","2004","kg/ha","2872.8","E","Estimated value",""
"QCL","Crops and livestock products","356","India","5510","Production","01349.20","Other stone fruits","2004","2004","t","1576.03","I","Value imputed by a receiving agency",""
"QCL","Crops and livestock products","356","India","5312","Area harvested","01349.20","Other stone fruits","2005","2005","ha","552","I","Value imputed by a receiving agency",""
"QCL","Crops and livestock products","356","India","5412","Yield","01349.20","Other stone fruits","2005","2005","kg/ha","2954.3","E","Estimated value",""
"QCL","Crops and livestock products","356","India","5510","Production","01349.20","Other stone fruits","2005","2005","t","1632.08","I","Value imputed by a receiving agency",""
"QCL","Crops and livestock products","356","India","5312","Area harvested","01349.20","Other stone fruits","2006","2006","ha","556","I","Value imputed by a receiving agency",""
"QCL","Crops and livestock products","356","India","5412","Yield","01349.20","Other stone fruits","2006","2006","kg/ha","3036.6","E","Estimated value",""
"QCL","Crops and livestock products","356","India","5510","Production","01349.20","Other stone fruits","2006","2006","t","1689.24","I","Value imputed by a receiving agency",""
"QCL","Crops and livestock products","356","India","5312","Area harvested","01349.20","Other stone fruits","2007","2007","ha","560","I","Value imputed by a receiving agency",""
"QCL","Crops and livestock products","356","India","5412","Yield","01349.20","Other stone fruits","2007","2007","kg/ha","3119.9","E","Estimated value",""
"QCL","Crops and livestock products","356","India","5510","Production","01349.20","Other stone fruits","2007","2007","t","1747.62","I","Value imputed by a receiving agency",""
"QCL","Crops and livestock products","356","India","5312","Area harvested","01349.20","Other stone fruits","2010","2010","ha","566","I","Value imputed by a receiving agency",""
"QCL","Crops and livestock products","356","India","5412","Yield","01349.20","Other stone fruits","2010","2010","kg/ha","3392.4","E","Estimated value",""
"QCL","Crops and livestock products","356","India","5510","Production","01349.20","Other stone fruits","2010","2010","t","1918.67","I","Value imputed by a receiving agency",""
"QCL","Crops and livestock products","356","India","5312","Area harvested","01349.20","Other stone fruits","2011","2011","ha","573","I","Value imputed by a receiving agency",""
"QCL","Crops and livestock products","356","India","5412","Yield","01349.20","Other stone fruits","2011","2011","kg/ha","3446","E","Estimated value",""
"QCL","Crops and livestock products","356","India","5510","Production","01349.20","Other stone fruits","2011","2011","t","1975.43","I","Value imputed by a receiving agency",""
"QCL","Crops and livestock products","356","India","5312","Area harvested","01349.20","Other stone fruits","2012","2012","ha","575","E","Estimated value",""
"QCL","Crops and livestock products","356","India","5412","Yield","01349.20","Other stone fruits","2012","2012","kg/ha","3536.8","E","Estimated value",""
"QCL","Crops and livestock products","356","India","5510","Production","01349.20","Other stone fruits","2012","2012","t","2033.66","I","Value imputed by a receiving agency",""
"QCL","Crops and livestock products","356","India","5312","Area harvested","01349.20","Other stone fruits","2013","2013","ha","575","E","Estimated value",""
"QCL","Crops and livestock products","356","India","5412","Yield","01349.20","Other stone fruits","2013","2013","kg/ha","3634.7","E","Estimated value",""
"QCL","Crops and livestock products","356","India","5510","Production","01349.20","Other stone fruits","2013","2013","t","2089.95","I","Value imputed by a receiving agency",""
"QCL","Crops and livestock products","356","India","5312","Area harvested","01349.20","Other stone fruits","2014","2014","ha","600","E","Estimated value",""
"QCL","Crops and livestock products","356","India","5412","Yield","01349.20","Other stone fruits","2014","2014","kg/ha","3717.1","E","Estimated value",""
"QCL","Crops and livestock products","356","India","5510","Production","01349.20","Other stone fruits","2014","2014","t","2230.25","I","Value imputed by a receiving agency",""
"QCL","Crops and livestock products","356","India","5312","Area harvested","01349.20","Other stone fruits","2015","2015","ha","591","I","Value imputed by a receiving agency",""
"QCL","Crops and livestock products","356","India","5412","Yield","01349.20","Other stone fruits","2015","2015","kg/ha","3799.1","E","Estimated value",""
"QCL","Crops and livestock products","356","India","5510","Production","01349.20","Other stone fruits","2015","2015","t","2246.85","I","Value imputed by a receiving agency",""
"QCL","Crops and livestock products","356","India","5312","Area harvested","01349.20","Other stone fruits","2016","2016","ha","589","I","Value imputed by a receiving agency",""
"QCL","Crops and livestock products","356","India","5412","Yield","01349.20","Other stone fruits","2016","2016","kg/ha","3885.2","E","Estimated value",""
"QCL","Crops and livestock products","356","India","5510","Production","01349.20","Other stone fruits","2016","2016","t","2289.63","I","Value imputed by a receiving agency",""
"QCL","Crops and livestock products","356","India","5312","Area harvested","01349.20","Other stone fruits","2017","2017","ha","590","I","Value imputed by a receiving agency",""
"QCL","Crops and livestock products","356","India","5412","Yield","01349.20","Other stone fruits","2017","2017","kg/ha","3972.2","E","Estimated value",""
"QCL","Crops and livestock products","356","India","5510","Production","01349.20","Other stone fruits","2017","2017","t","2344.88","I","Value imputed by a receiving agency",""
"QCL","Crops and livestock products","356","India","5312","Area harvested","01349.20","Other stone fruits","2018","2018","ha","593","I","Value imputed by a receiving agency",""
"QCL","Crops and livestock products","356","India","5412","Yield","01349.20","Other stone fruits","2018","2018","kg/ha","4058.4","E","Estimated value",""
"QCL","Crops and livestock products","356","India","5510","Production","01349.20","Other stone fruits","2018","2018","t","2406.1","I","Value imputed by a receiving agency",""
"QCL","Crops and livestock products","356","India","5312","Area harvested","01349.20","Other stone fruits","2019","2019","ha","595","I","Value imputed by a receiving agency",""
"QCL","Crops and livestock products","356","India","5412","Yield","01349.20","Other stone fruits","2019","2019","kg/ha","3941.2","E","Estimated value",""
"QCL","Crops and livestock products","356","India","5510","Production","01349.20","Other stone fruits","2019","2019","t","2346.87","E","Estimated value",""
"QCL","Crops and livestock products","356","India","5312","Area harvested","01349.20","Other stone fruits","2020","2020","ha","601","I","Value imputed by a receiving agency",""
"QCL","Crops and livestock products","356","India","5412","Yield","01349.20","Other stone fruits","2020","2020","kg/ha","4056.9","E","Estimated value",""
"QCL","Crops and livestock products","356","India","5510","Production","01349.20","Other stone fruits","2020","2020","t","2438.53","I","Value imputed by a receiving agency",""
"QCL","Crops and livestock products","356","India","5312","Area harvested","01349.20","Other stone fruits","2021","2021","ha","597","I","Value imputed by a receiving agency",""
"QCL","Crops and livestock products","356","India","5412","Yield","01349.20","Other stone fruits","2021","2021","kg/ha","4016","E","Estimated value",""
"QCL","Crops and livestock products","356","India","5510","Production","01349.20","Other stone fruits","2021","2021","t","2397.17","E","Estimated value",""
"QCL","Crops and livestock products","356","India","5312","Area harvested","01349.20","Other stone fruits","2022","2022","ha","599","I","Value imputed by a receiving agency",""
"QCL","Crops and livestock products","356","India","5412","Yield","01349.20","Other stone fruits","2022","2022","kg/ha","3994.5","E","Estimated value",""
"QCL","Crops and livestock products","356","India","5510","Production","01349.20","Other stone fruits","2022","2022","t","2394.19","E","Estimated value",""
"QCL","Crops and livestock products","356","India","5312","Area harvested","01349.20","Other stone fruits","2023","2023","ha","601","I","Value imputed by a receiving agency",""
"QCL","Crops and livestock products","356","India","5412","Yield","01349.20","Other stone fruits","2023","2023","kg/ha","4010.5","E","Estimated value",""
"QCL","Crops and livestock products","356","India","5510","Production","01349.20","Other stone fruits","2023","2023","t","2409.96","E","Estimated value",""
"QCL","Crops and livestock products","356","India","5312","Area harvested","01319","Other tropical fruits, n.e.c.","2000","2000","ha","122900","A","Official value",""
"QCL","Crops and livestock products","356","India","5412","Yield","01319","Other tropical fruits, n.e.c.","2000","2000","kg/ha","8691.6","A","Official value",""
"QCL","Crops and livestock products","356","India","5510","Production","01319","Other tropical fruits, n.e.c.","2000","2000","t","1068200","A","Official value",""
"QCL","Crops and livestock products","356","India","5312","Area harvested","01319","Other tropical fruits, n.e.c.","2001","2001","ha","125700","A","Official value",""
"QCL","Crops and livestock products","356","India","5412","Yield","01319","Other tropical fruits, n.e.c.","2001","2001","kg/ha","9171","A","Official value",""
"QCL","Crops and livestock products","356","India","5510","Production","01319","Other tropical fruits, n.e.c.","2001","2001","t","1152800","A","Official value",""
"QCL","Crops and livestock products","356","India","5312","Area harvested","01319","Other tropical fruits, n.e.c.","2002","2002","ha","110100","A","Official value",""
"QCL","Crops and livestock products","356","India","5412","Yield","01319","Other tropical fruits, n.e.c.","2002","2002","kg/ha","8623.1","A","Official value",""
"QCL","Crops and livestock products","356","India","5510","Production","01319","Other tropical fruits, n.e.c.","2002","2002","t","949400","A","Official value",""
"QCL","Crops and livestock products","356","India","5312","Area harvested","01319","Other tropical fruits, n.e.c.","2003","2003","ha","138300","A","Official value",""
"QCL","Crops and livestock products","356","India","5412","Yield","01319","Other tropical fruits, n.e.c.","2003","2003","kg/ha","10047","A","Official value",""
"QCL","Crops and livestock products","356","India","5510","Production","01319","Other tropical fruits, n.e.c.","2003","2003","t","1389500","A","Official value",""
"QCL","Crops and livestock products","356","India","5312","Area harvested","01319","Other tropical fruits, n.e.c.","2004","2004","ha","174300","A","Official value",""
"QCL","Crops and livestock products","356","India","5412","Yield","01319","Other tropical fruits, n.e.c.","2004","2004","kg/ha","8031","A","Official value",""
"QCL","Crops and livestock products","356","India","5510","Production","01319","Other tropical fruits, n.e.c.","2004","2004","t","1399800","A","Official value",""
"QCL","Crops and livestock products","356","India","5312","Area harvested","01319","Other tropical fruits, n.e.c.","2005","2005","ha","194100","A","Official value",""
"QCL","Crops and livestock products","356","India","5412","Yield","01319","Other tropical fruits, n.e.c.","2005","2005","kg/ha","7445.1","A","Official value",""
"QCL","Crops and livestock products","356","India","5510","Production","01319","Other tropical fruits, n.e.c.","2005","2005","t","1445100","A","Official value",""
"QCL","Crops and livestock products","356","India","5312","Area harvested","01319","Other tropical fruits, n.e.c.","2006","2006","ha","202900","A","Official value",""
"QCL","Crops and livestock products","356","India","5412","Yield","01319","Other tropical fruits, n.e.c.","2006","2006","kg/ha","7422.9","A","Official value",""
"QCL","Crops and livestock products","356","India","5510","Production","01319","Other tropical fruits, n.e.c.","2006","2006","t","1506100","A","Official value",""
"QCL","Crops and livestock products","356","India","5312","Area harvested","01319","Other tropical fruits, n.e.c.","2007","2007","ha","214000","A","Official value",""
"QCL","Crops and livestock products","356","India","5412","Yield","01319","Other tropical fruits, n.e.c.","2007","2007","kg/ha","7565.4","A","Official value",""
"QCL","Crops and livestock products","356","India","5510","Production","01319","Other tropical fruits, n.e.c.","2007","2007","t","1619000","A","Official value",""
"QCL","Crops and livestock products","356","India","5312","Area harvested","01319","Other tropical fruits, n.e.c.","2010","2010","ha","233300","A","Official value",""
"QCL","Crops and livestock products","356","India","5412","Yield","01319","Other tropical fruits, n.e.c.","2010","2010","kg/ha","7844.4","A","Official value",""
"QCL","Crops and livestock products","356","India","5510","Production","01319","Other tropical fruits, n.e.c.","2010","2010","t","1830100","A","Official value",""
"QCL","Crops and livestock products","356","India","5312","Area harvested","01319","Other tropical fruits, n.e.c.","2011","2011","ha","238000","A","Official value",""
"QCL","Crops and livestock products","356","India","5412","Yield","01319","Other tropical fruits, n.e.c.","2011","2011","kg/ha","8071.4","A","Official value",""
"QCL","Crops and livestock products","356","India","5510","Production","01319","Other tropical fruits, n.e.c.","2011","2011","t","1921000","A","Official value",""
"QCL","Crops and livestock products","356","India","5312","Area harvested","01319","Other tropical fruits, n.e.c.","2012","2012","ha","243000","A","Official value",""
"QCL","Crops and livestock products","356","India","5412","Yield","01319","Other tropical fruits, n.e.c.","2012","2012","kg/ha","8082.3","A","Official value",""
"QCL","Crops and livestock products","356","India","5510","Production","01319","Other tropical fruits, n.e.c.","2012","2012","t","1964000","A","Official value",""
"QCL","Crops and livestock products","356","India","5312","Area harvested","01319","Other tropical fruits, n.e.c.","2013","2013","ha","247000","A","Official value",""
"QCL","Crops and livestock products","356","India","5412","Yield","01319","Other tropical fruits, n.e.c.","2013","2013","kg/ha","8400.8","A","Official value",""
"QCL","Crops and livestock products","356","India","5510","Production","01319","Other tropical fruits, n.e.c.","2013","2013","t","2075000","A","Official value",""
"QCL","Crops and livestock products","356","India","5312","Area harvested","01319","Other tropical fruits, n.e.c.","2014","2014","ha","261000","A","Official value",""
"QCL","Crops and livestock products","356","India","5412","Yield","01319","Other tropical fruits, n.e.c.","2014","2014","kg/ha","8923.4","A","Official value",""
"QCL","Crops and livestock products","356","India","5510","Production","01319","Other tropical fruits, n.e.c.","2014","2014","t","2329000","A","Official value",""
"QCL","Crops and livestock products","356","India","5312","Area harvested","01319","Other tropical fruits, n.e.c.","2015","2015","ha","191000","A","Official value",""
"QCL","Crops and livestock products","356","India","5412","Yield","01319","Other tropical fruits, n.e.c.","2015","2015","kg/ha","9774.9","A","Official value",""
"QCL","Crops and livestock products","356","India","5510","Production","01319","Other tropical fruits, n.e.c.","2015","2015","t","1867000","A","Official value",""
"QCL","Crops and livestock products","356","India","5312","Area harvested","01319","Other tropical fruits, n.e.c.","2016","2016","ha","196735","A","Official value",""
"QCL","Crops and livestock products","356","India","5412","Yield","01319","Other tropical fruits, n.e.c.","2016","2016","kg/ha","9416.3","A","Official value",""
"QCL","Crops and livestock products","356","India","5510","Production","01319","Other tropical fruits, n.e.c.","2016","2016","t","1852529.15","A","Official value",""
"QCL","Crops and livestock products","356","India","5312","Area harvested","01319","Other tropical fruits, n.e.c.","2017","2017","ha","191841","A","Official value",""
"QCL","Crops and livestock products","356","India","5412","Yield","01319","Other tropical fruits, n.e.c.","2017","2017","kg/ha","9402.5","A","Official value",""
"QCL","Crops and livestock products","356","India","5510","Production","01319","Other tropical fruits, n.e.c.","2017","2017","t","1803783","A","Official value",""
"QCL","Crops and livestock products","356","India","5312","Area harvested","01319","Other tropical fruits, n.e.c.","2018","2018","ha","189627","A","Official value",""
"QCL","Crops and livestock products","356","India","5412","Yield","01319","Other tropical fruits, n.e.c.","2018","2018","kg/ha","9821","A","Official value",""
"QCL","Crops and livestock products","356","India","5510","Production","01319","Other tropical fruits, n.e.c.","2018","2018","t","1862333.55","A","Official value",""
"QCL","Crops and livestock products","356","India","5312","Area harvested","01319","Other tropical fruits, n.e.c.","2019","2019","ha","184397","A","Official value",""
"QCL","Crops and livestock products","356","India","5412","Yield","01319","Other tropical fruits, n.e.c.","2019","2019","kg/ha","9655.2","A","Official value",""
"QCL","Crops and livestock products","356","India","5510","Production","01319","Other tropical fruits, n.e.c.","2019","2019","t","1780395.01","A","Official value",""
"QCL","Crops and livestock products","356","India","5312","Area harvested","01319","Other tropical fruits, n.e.c.","2020","2020","ha","180598","A","Official value",""
"QCL","Crops and livestock products","356","India","5412","Yield","01319","Other tropical fruits, n.e.c.","2020","2020","kg/ha","9035.8","A","Official value",""
"QCL","Crops and livestock products","356","India","5510","Production","01319","Other tropical fruits, n.e.c.","2020","2020","t","1631851.17","A","Official value",""
"QCL","Crops and livestock products","356","India","5312","Area harvested","01319","Other tropical fruits, n.e.c.","2021","2021","ha","176536","A","Official value",""
"QCL","Crops and livestock products","356","India","5412","Yield","01319","Other tropical fruits, n.e.c.","2021","2021","kg/ha","8735.4","A","Official value",""
"QCL","Crops and livestock products","356","India","5510","Production","01319","Other tropical fruits, n.e.c.","2021","2021","t","1542124.18","A","Official value",""
"QCL","Crops and livestock products","356","India","5312","Area harvested","01319","Other tropical fruits, n.e.c.","2022","2022","ha","171000","A","Official value",""
"QCL","Crops and livestock products","356","India","5412","Yield","01319","Other tropical fruits, n.e.c.","2022","2022","kg/ha","8561.4","A","Official value",""
"QCL","Crops and livestock products","356","India","5510","Production","01319","Other tropical fruits, n.e.c.","2022","2022","t","1464000","A","Official value",""
"QCL","Crops and livestock products","356","India","5312","Area harvested","01319","Other tropical fruits, n.e.c.","2023","2023","ha","169000","A","Official value",""
"QCL","Crops and livestock products","356","India","5412","Yield","01319","Other tropical fruits, n.e.c.","2023","2023","kg/ha","9591.7","A","Official value",""
"QCL","Crops and livestock products","356","India","5510","Production","01319","Other tropical fruits, n.e.c.","2023","2023","t","1621000","A","Official value",""
"QCL","Crops and livestock products","356","India","5312","Area harvested","01290.90","Other vegetables, fresh n.e.c.","2000","2000","ha","1738700","A","Official value",""
"QCL","Crops and livestock products","356","India","5412","Yield","01290.90","Other vegetables, fresh n.e.c.","2000","2000","kg/ha","12589.4","A","Official value",""
"QCL","Crops and livestock products","356","India","5510","Production","01290.90","Other vegetables, fresh n.e.c.","2000","2000","t","21889200","A","Official value",""
"QCL","Crops and livestock products","356","India","5312","Area harvested","01290.90","Other vegetables, fresh n.e.c.","2001","2001","ha","2138300","A","Official value",""
"QCL","Crops and livestock products","356","India","5412","Yield","01290.90","Other vegetables, fresh n.e.c.","2001","2001","kg/ha","12896.9","A","Official value",""
"QCL","Crops and livestock products","356","India","5510","Production","01290.90","Other vegetables, fresh n.e.c.","2001","2001","t","27577500","A","Official value",""
"QCL","Crops and livestock products","356","India","5312","Area harvested","01290.90","Other vegetables, fresh n.e.c.","2002","2002","ha","1936200","A","Official value",""
"QCL","Crops and livestock products","356","India","5412","Yield","01290.90","Other vegetables, fresh n.e.c.","2002","2002","kg/ha","10083.8","A","Official value",""
"QCL","Crops and livestock products","356","India","5510","Production","01290.90","Other vegetables, fresh n.e.c.","2002","2002","t","19524200","A","Official value",""
"QCL","Crops and livestock products","356","India","5312","Area harvested","01290.90","Other vegetables, fresh n.e.c.","2003","2003","ha","1884200","A","Official value",""
"QCL","Crops and livestock products","356","India","5412","Yield","01290.90","Other vegetables, fresh n.e.c.","2003","2003","kg/ha","10682.6","A","Official value",""
"QCL","Crops and livestock products","356","India","5510","Production","01290.90","Other vegetables, fresh n.e.c.","2003","2003","t","20128200","A","Official value",""
"QCL","Crops and livestock products","356","India","5312","Area harvested","01290.90","Other vegetables, fresh n.e.c.","2004","2004","ha","1518400","A","Official value",""
"QCL","Crops and livestock products","356","India","5412","Yield","01290.90","Other vegetables, fresh n.e.c.","2004","2004","kg/ha","9440.9","A","Official value",""
"QCL","Crops and livestock products","356","India","5510","Production","01290.90","Other vegetables, fresh n.e.c.","2004","2004","t","14335000","A","Official value",""
"QCL","Crops and livestock products","356","India","5312","Area harvested","01290.90","Other vegetables, fresh n.e.c.","2005","2005","ha","2104200","A","Official value",""
"QCL","Crops and livestock products","356","India","5412","Yield","01290.90","Other vegetables, fresh n.e.c.","2005","2005","kg/ha","10712.9","A","Official value",""
"QCL","Crops and livestock products","356","India","5510","Production","01290.90","Other vegetables, fresh n.e.c.","2005","2005","t","22542100","A","Official value",""
"QCL","Crops and livestock products","356","India","5312","Area harvested","01290.90","Other vegetables, fresh n.e.c.","2006","2006","ha","2289800","A","Official value",""
"QCL","Crops and livestock products","356","India","5412","Yield","01290.90","Other vegetables, fresh n.e.c.","2006","2006","kg/ha","12004.4","A","Official value",""
"QCL","Crops and livestock products","356","India","5510","Production","01290.90","Other vegetables, fresh n.e.c.","2006","2006","t","27487600","A","Official value",""
"QCL","Crops and livestock products","356","India","5312","Area harvested","01290.90","Other vegetables, fresh n.e.c.","2007","2007","ha","2285000","A","Official value",""
"QCL","Crops and livestock products","356","India","5412","Yield","01290.90","Other vegetables, fresh n.e.c.","2007","2007","kg/ha","12753.5","A","Official value",""
"QCL","Crops and livestock products","356","India","5510","Production","01290.90","Other vegetables, fresh n.e.c.","2007","2007","t","29141800","A","Official value",""
"QCL","Crops and livestock products","356","India","5312","Area harvested","01290.90","Other vegetables, fresh n.e.c.","2010","2010","ha","2291500","A","Official value",""
"QCL","Crops and livestock products","356","India","5412","Yield","01290.90","Other vegetables, fresh n.e.c.","2010","2010","kg/ha","13599.9","A","Official value",""
"QCL","Crops and livestock products","356","India","5510","Production","01290.90","Other vegetables, fresh n.e.c.","2010","2010","t","31164100","A","Official value",""
"QCL","Crops and livestock products","356","India","5312","Area harvested","01290.90","Other vegetables, fresh n.e.c.","2011","2011","ha","1629000","A","Official value",""
"QCL","Crops and livestock products","356","India","5412","Yield","01290.90","Other vegetables, fresh n.e.c.","2011","2011","kg/ha","12525.5","A","Official value",""
"QCL","Crops and livestock products","356","India","5510","Production","01290.90","Other vegetables, fresh n.e.c.","2011","2011","t","20404000","A","Official value",""
"QCL","Crops and livestock products","356","India","5312","Area harvested","01290.90","Other vegetables, fresh n.e.c.","2012","2012","ha","1821000","A","Official value",""
"QCL","Crops and livestock products","356","India","5412","Yield","01290.90","Other vegetables, fresh n.e.c.","2012","2012","kg/ha","11956.6","A","Official value",""
"QCL","Crops and livestock products","356","India","5510","Production","01290.90","Other vegetables, fresh n.e.c.","2012","2012","t","21773000","A","Official value",""
"QCL","Crops and livestock products","356","India","5312","Area harvested","01290.90","Other vegetables, fresh n.e.c.","2013","2013","ha","1921000","A","Official value",""
"QCL","Crops and livestock products","356","India","5412","Yield","01290.90","Other vegetables, fresh n.e.c.","2013","2013","kg/ha","12465.4","A","Official value",""
"QCL","Crops and livestock products","356","India","5510","Production","01290.90","Other vegetables, fresh n.e.c.","2013","2013","t","23946000","A","Official value",""
"QCL","Crops and livestock products","356","India","5312","Area harvested","01290.90","Other vegetables, fresh n.e.c.","2014","2014","ha","1747000","A","Official value",""
"QCL","Crops and livestock products","356","India","5412","Yield","01290.90","Other vegetables, fresh n.e.c.","2014","2014","kg/ha","12360","A","Official value",""
"QCL","Crops and livestock products","356","India","5510","Production","01290.90","Other vegetables, fresh n.e.c.","2014","2014","t","21593000","A","Official value",""
"QCL","Crops and livestock products","356","India","5312","Area harvested","01290.90","Other vegetables, fresh n.e.c.","2015","2015","ha","1822000","A","Official value",""
"QCL","Crops and livestock products","356","India","5412","Yield","01290.90","Other vegetables, fresh n.e.c.","2015","2015","kg/ha","15016.5","A","Official value",""
"QCL","Crops and livestock products","356","India","5510","Production","01290.90","Other vegetables, fresh n.e.c.","2015","2015","t","27360000","A","Official value",""
"QCL","Crops and livestock products","356","India","5312","Area harvested","01290.90","Other vegetables, fresh n.e.c.","2016","2016","ha","1824526","A","Official value",""
"QCL","Crops and livestock products","356","India","5412","Yield","01290.90","Other vegetables, fresh n.e.c.","2016","2016","kg/ha","14004","A","Official value",""
"QCL","Crops and livestock products","356","India","5510","Production","01290.90","Other vegetables, fresh n.e.c.","2016","2016","t","25550696.87","A","Official value",""
"QCL","Crops and livestock products","356","India","5312","Area harvested","01290.90","Other vegetables, fresh n.e.c.","2017","2017","ha","1761163","A","Official value",""
"QCL","Crops and livestock products","356","India","5412","Yield","01290.90","Other vegetables, fresh n.e.c.","2017","2017","kg/ha","13885.5","A","Official value",""
"QCL","Crops and livestock products","356","India","5510","Production","01290.90","Other vegetables, fresh n.e.c.","2017","2017","t","24454628.99","A","Official value",""
"QCL","Crops and livestock products","356","India","5312","Area harvested","01290.90","Other vegetables, fresh n.e.c.","2018","2018","ha","1788427","A","Official value",""
"QCL","Crops and livestock products","356","India","5412","Yield","01290.90","Other vegetables, fresh n.e.c.","2018","2018","kg/ha","14191.9","A","Official value",""
"QCL","Crops and livestock products","356","India","5510","Production","01290.90","Other vegetables, fresh n.e.c.","2018","2018","t","25381190.46","A","Official value",""
"QCL","Crops and livestock products","356","India","5312","Area harvested","01290.90","Other vegetables, fresh n.e.c.","2019","2019","ha","1641290","A","Official value",""
"QCL","Crops and livestock products","356","India","5412","Yield","01290.90","Other vegetables, fresh n.e.c.","2019","2019","kg/ha","14781.7","A","Official value",""
"QCL","Crops and livestock products","356","India","5510","Production","01290.90","Other vegetables, fresh n.e.c.","2019","2019","t","24260993.74","A","Official value",""
"QCL","Crops and livestock products","356","India","5312","Area harvested","01290.90","Other vegetables, fresh n.e.c.","2020","2020","ha","1659420","A","Official value",""
"QCL","Crops and livestock products","356","India","5412","Yield","01290.90","Other vegetables, fresh n.e.c.","2020","2020","kg/ha","14540.4","A","Official value",""
"QCL","Crops and livestock products","356","India","5510","Production","01290.90","Other vegetables, fresh n.e.c.","2020","2020","t","24128587.74","A","Official value",""
"QCL","Crops and livestock products","356","India","5312","Area harvested","01290.90","Other vegetables, fresh n.e.c.","2021","2021","ha","1724068","A","Official value",""
"QCL","Crops and livestock products","356","India","5412","Yield","01290.90","Other vegetables, fresh n.e.c.","2021","2021","kg/ha","14392.2","A","Official value",""
"QCL","Crops and livestock products","356","India","5510","Production","01290.90","Other vegetables, fresh n.e.c.","2021","2021","t","24813098.06","A","Official value",""
"QCL","Crops and livestock products","356","India","5312","Area harvested","01290.90","Other vegetables, fresh n.e.c.","2022","2022","ha","1812000","A","Official value",""
"QCL","Crops and livestock products","356","India","5412","Yield","01290.90","Other vegetables, fresh n.e.c.","2022","2022","kg/ha","14875.3","A","Official value",""
"QCL","Crops and livestock products","356","India","5510","Production","01290.90","Other vegetables, fresh n.e.c.","2022","2022","t","26954000","A","Official value",""
"QCL","Crops and livestock products","356","India","5312","Area harvested","01290.90","Other vegetables, fresh n.e.c.","2023","2023","ha","1807000","A","Official value",""
"QCL","Crops and livestock products","356","India","5412","Yield","01290.90","Other vegetables, fresh n.e.c.","2023","2023","kg/ha","14872.7","A","Official value",""
"QCL","Crops and livestock products","356","India","5510","Production","01290.90","Other vegetables, fresh n.e.c.","2023","2023","t","26875000","A","Official value",""
"QCL","Crops and livestock products","356","India","5312","Area harvested","01317","Papayas","2000","2000","ha","70422","A","Official value",""
"QCL","Crops and livestock products","356","India","5412","Yield","01317","Papayas","2000","2000","kg/ha","25517","A","Official value",""
"QCL","Crops and livestock products","356","India","5510","Production","01317","Papayas","2000","2000","t","1796960","A","Official value",""
"QCL","Crops and livestock products","356","India","5312","Area harvested","01317","Papayas","2001","2001","ha","73700","A","Official value",""
"QCL","Crops and livestock products","356","India","5412","Yield","01317","Papayas","2001","2001","kg/ha","35147.9","A","Official value",""
"QCL","Crops and livestock products","356","India","5510","Production","01317","Papayas","2001","2001","t","2590400","A","Official value",""
"QCL","Crops and livestock products","356","India","5312","Area harvested","01317","Papayas","2002","2002","ha","68000","A","Official value",""
"QCL","Crops and livestock products","356","India","5412","Yield","01317","Papayas","2002","2002","kg/ha","31576.5","A","Official value",""
"QCL","Crops and livestock products","356","India","5510","Production","01317","Papayas","2002","2002","t","2147200","A","Official value",""
"QCL","Crops and livestock products","356","India","5312","Area harvested","01317","Papayas","2003","2003","ha","58200","A","Official value",""
"QCL","Crops and livestock products","356","India","5412","Yield","01317","Papayas","2003","2003","kg/ha","29073.9","A","Official value",""
"QCL","Crops and livestock products","356","India","5510","Production","01317","Papayas","2003","2003","t","1692100","A","Official value",""
"QCL","Crops and livestock products","356","India","5312","Area harvested","01317","Papayas","2004","2004","ha","73800","A","Official value",""
"QCL","Crops and livestock products","356","India","5412","Yield","01317","Papayas","2004","2004","kg/ha","34350.9","A","Official value",""
"QCL","Crops and livestock products","356","India","5510","Production","01317","Papayas","2004","2004","t","2535100","A","Official value",""
"QCL","Crops and livestock products","356","India","5312","Area harvested","01317","Papayas","2005","2005","ha","67800","A","Official value",""
"QCL","Crops and livestock products","356","India","5412","Yield","01317","Papayas","2005","2005","kg/ha","31553.1","A","Official value",""
"QCL","Crops and livestock products","356","India","5510","Production","01317","Papayas","2005","2005","t","2139300","A","Official value",""
"QCL","Crops and livestock products","356","India","5312","Area harvested","01317","Papayas","2006","2006","ha","72500","A","Official value",""
"QCL","Crops and livestock products","356","India","5412","Yield","01317","Papayas","2006","2006","kg/ha","34235.9","A","Official value",""
"QCL","Crops and livestock products","356","India","5510","Production","01317","Papayas","2006","2006","t","2482100","A","Official value",""
"QCL","Crops and livestock products","356","India","5312","Area harvested","01317","Papayas","2007","2007","ha","83000","A","Official value",""
"QCL","Crops and livestock products","356","India","5412","Yield","01317","Papayas","2007","2007","kg/ha","35048.2","A","Official value",""
"QCL","Crops and livestock products","356","India","5510","Production","01317","Papayas","2007","2007","t","2909000","A","Official value",""
"QCL","Crops and livestock products","356","India","5312","Area harvested","01317","Papayas","2010","2010","ha","106000","A","Official value",""
"QCL","Crops and livestock products","356","India","5412","Yield","01317","Papayas","2010","2010","kg/ha","39584.9","A","Official value",""
"QCL","Crops and livestock products","356","India","5510","Production","01317","Papayas","2010","2010","t","4196000","A","Official value",""
"QCL","Crops and livestock products","356","India","5312","Area harvested","01317","Papayas","2011","2011","ha","117400","A","Official value",""
"QCL","Crops and livestock products","356","India","5412","Yield","01317","Papayas","2011","2011","kg/ha","37965.1","A","Official value",""
"QCL","Crops and livestock products","356","India","5510","Production","01317","Papayas","2011","2011","t","4457100","A","Official value",""
"QCL","Crops and livestock products","356","India","5312","Area harvested","01317","Papayas","2012","2012","ha","132000","A","Official value",""
"QCL","Crops and livestock products","356","India","5412","Yield","01317","Papayas","2012","2012","kg/ha","40772.7","A","Official value",""
"QCL","Crops and livestock products","356","India","5510","Production","01317","Papayas","2012","2012","t","5382000","A","Official value",""
"QCL","Crops and livestock products","356","India","5312","Area harvested","01317","Papayas","2013","2013","ha","135000","A","Official value",""
"QCL","Crops and livestock products","356","India","5412","Yield","01317","Papayas","2013","2013","kg/ha","41066.7","A","Official value",""
"QCL","Crops and livestock products","356","India","5510","Production","01317","Papayas","2013","2013","t","5544000","A","Official value",""
"QCL","Crops and livestock products","356","India","5312","Area harvested","01317","Papayas","2014","2014","ha","133360","A","Official value",""
"QCL","Crops and livestock products","356","India","5412","Yield","01317","Papayas","2014","2014","kg/ha","42286.3","A","Official value",""
"QCL","Crops and livestock products","356","India","5510","Production","01317","Papayas","2014","2014","t","5639300","A","Official value",""
"QCL","Crops and livestock products","356","India","5312","Area harvested","01317","Papayas","2015","2015","ha","115000","A","Official value",""
"QCL","Crops and livestock products","356","India","5412","Yield","01317","Papayas","2015","2015","kg/ha","42721.7","A","Official value",""
"QCL","Crops and livestock products","356","India","5510","Production","01317","Papayas","2015","2015","t","4913000","A","Official value",""
"QCL","Crops and livestock products","356","India","5312","Area harvested","01317","Papayas","2016","2016","ha","132000","A","Official value",""
"QCL","Crops and livestock products","356","India","5412","Yield","01317","Papayas","2016","2016","kg/ha","42931.8","A","Official value",""
"QCL","Crops and livestock products","356","India","5510","Production","01317","Papayas","2016","2016","t","5667000","A","Official value",""
"QCL","Crops and livestock products","356","India","5312","Area harvested","01317","Papayas","2017","2017","ha","134000","A","Official value",""
"QCL","Crops and livestock products","356","India","5412","Yield","01317","Papayas","2017","2017","kg/ha","44328.4","A","Official value",""
"QCL","Crops and livestock products","356","India","5510","Production","01317","Papayas","2017","2017","t","5940000","A","Official value",""
"QCL","Crops and livestock products","356","India","5312","Area harvested","01317","Papayas","2018","2018","ha","138000","A","Official value",""
"QCL","Crops and livestock products","356","India","5412","Yield","01317","Papayas","2018","2018","kg/ha","43398.6","A","Official value",""
"QCL","Crops and livestock products","356","India","5510","Production","01317","Papayas","2018","2018","t","5989000","A","Official value",""
"QCL","Crops and livestock products","356","India","5312","Area harvested","01317","Papayas","2019","2019","ha","149000","A","Official value",""
"QCL","Crops and livestock products","356","India","5412","Yield","01317","Papayas","2019","2019","kg/ha","40604","A","Official value",""
"QCL","Crops and livestock products","356","India","5510","Production","01317","Papayas","2019","2019","t","6050000","A","Official value",""
"QCL","Crops and livestock products","356","India","5312","Area harvested","01317","Papayas","2020","2020","ha","142000","A","Official value",""
"QCL","Crops and livestock products","356","India","5412","Yield","01317","Papayas","2020","2020","kg/ha","40704.2","A","Official value",""
"QCL","Crops and livestock products","356","India","5510","Production","01317","Papayas","2020","2020","t","5780000","A","Official value",""
"QCL","Crops and livestock products","356","India","5312","Area harvested","01317","Papayas","2021","2021","ha","146000","A","Official value",""
"QCL","Crops and livestock products","356","India","5412","Yield","01317","Papayas","2021","2021","kg/ha","37945.2","A","Official value",""
"QCL","Crops and livestock products","356","India","5510","Production","01317","Papayas","2021","2021","t","5540000","A","Official value",""
"QCL","Crops and livestock products","356","India","5312","Area harvested","01317","Papayas","2022","2022","ha","150000","A","Official value",""
"QCL","Crops and livestock products","356","India","5412","Yield","01317","Papayas","2022","2022","kg/ha","35606.7","A","Official value",""
"QCL","Crops and livestock products","356","India","5510","Production","01317","Papayas","2022","2022","t","5341000","A","Official value",""
"QCL","Crops and livestock products","356","India","5312","Area harvested","01317","Papayas","2023","2023","ha","148000","A","Official value",""
"QCL","Crops and livestock products","356","India","5412","Yield","01317","Papayas","2023","2023","kg/ha","35405.4","A","Official value",""
"QCL","Crops and livestock products","356","India","5510","Production","01317","Papayas","2023","2023","t","5240000","A","Official value",""
"QCL","Crops and livestock products","356","India","5312","Area harvested","01345","Peaches and nectarines","2000","2000","ha","23819","I","Value imputed by a receiving agency",""
"QCL","Crops and livestock products","356","India","5412","Yield","01345","Peaches and nectarines","2000","2000","kg/ha","5038","E","Estimated value",""
"QCL","Crops and livestock products","356","India","5510","Production","01345","Peaches and nectarines","2000","2000","t","120000","X","Value from external organization","Unofficial figure"
"QCL","Crops and livestock products","356","India","5312","Area harvested","01345","Peaches and nectarines","2001","2001","ha","22664","I","Value imputed by a receiving agency",""
"QCL","Crops and livestock products","356","India","5412","Yield","01345","Peaches and nectarines","2001","2001","kg/ha","5042.6","E","Estimated value",""
"QCL","Crops and livestock products","356","India","5510","Production","01345","Peaches and nectarines","2001","2001","t","114288.33","I","Value imputed by a receiving agency",""
"QCL","Crops and livestock products","356","India","5312","Area harvested","01345","Peaches and nectarines","2002","2002","ha","22327","I","Value imputed by a receiving agency",""
"QCL","Crops and livestock products","356","India","5412","Yield","01345","Peaches and nectarines","2002","2002","kg/ha","5047.6","E","Estimated value",""
"QCL","Crops and livestock products","356","India","5510","Production","01345","Peaches and nectarines","2002","2002","t","112697.6","I","Value imputed by a receiving agency",""
"QCL","Crops and livestock products","356","India","5312","Area harvested","01345","Peaches and nectarines","2003","2003","ha","21989","I","Value imputed by a receiving agency",""
"QCL","Crops and livestock products","356","India","5412","Yield","01345","Peaches and nectarines","2003","2003","kg/ha","5051.6","E","Estimated value",""
"QCL","Crops and livestock products","356","India","5510","Production","01345","Peaches and nectarines","2003","2003","t","111077.82","I","Value imputed by a receiving agency",""
"QCL","Crops and livestock products","356","India","5312","Area harvested","01345","Peaches and nectarines","2004","2004","ha","21648","I","Value imputed by a receiving agency",""
"QCL","Crops and livestock products","356","India","5412","Yield","01345","Peaches and nectarines","2004","2004","kg/ha","5055","E","Estimated value",""
"QCL","Crops and livestock products","356","India","5510","Production","01345","Peaches and nectarines","2004","2004","t","109431.98","I","Value imputed by a receiving agency",""
"QCL","Crops and livestock products","356","India","5312","Area harvested","01345","Peaches and nectarines","2005","2005","ha","21282","I","Value imputed by a receiving agency",""
"QCL","Crops and livestock products","356","India","5412","Yield","01345","Peaches and nectarines","2005","2005","kg/ha","5058","E","Estimated value",""
"QCL","Crops and livestock products","356","India","5510","Production","01345","Peaches and nectarines","2005","2005","t","107644.9","I","Value imputed by a receiving agency",""
"QCL","Crops and livestock products","356","India","5312","Area harvested","01345","Peaches and nectarines","2006","2006","ha","20933","I","Value imputed by a receiving agency",""
"QCL","Crops and livestock products","356","India","5412","Yield","01345","Peaches and nectarines","2006","2006","kg/ha","5060.5","E","Estimated value",""
"QCL","Crops and livestock products","356","India","5510","Production","01345","Peaches and nectarines","2006","2006","t","105932.99","I","Value imputed by a receiving agency",""
"QCL","Crops and livestock products","356","India","5312","Area harvested","01345","Peaches and nectarines","2007","2007","ha","20583","I","Value imputed by a receiving agency",""
"QCL","Crops and livestock products","356","India","5412","Yield","01345","Peaches and nectarines","2007","2007","kg/ha","5062.6","E","Estimated value",""
"QCL","Crops and livestock products","356","India","5510","Production","01345","Peaches and nectarines","2007","2007","t","104204.22","I","Value imputed by a receiving agency",""
"QCL","Crops and livestock products","356","India","5312","Area harvested","01345","Peaches and nectarines","2010","2010","ha","19525","I","Value imputed by a receiving agency",""
"QCL","Crops and livestock products","356","India","5412","Yield","01345","Peaches and nectarines","2010","2010","kg/ha","5067.5","E","Estimated value",""
"QCL","Crops and livestock products","356","India","5510","Production","01345","Peaches and nectarines","2010","2010","t","98942.11","I","Value imputed by a receiving agency",""
"QCL","Crops and livestock products","356","India","5312","Area harvested","01345","Peaches and nectarines","2011","2011","ha","18000","A","Official value",""
"QCL","Crops and livestock products","356","India","5412","Yield","01345","Peaches and nectarines","2011","2011","kg/ha","5111.1","A","Official value",""
"QCL","Crops and livestock products","356","India","5510","Production","01345","Peaches and nectarines","2011","2011","t","92000","A","Official value",""
"QCL","Crops and livestock products","356","India","5312","Area harvested","01345","Peaches and nectarines","2012","2012","ha","20000","A","Official value",""
"QCL","Crops and livestock products","356","India","5412","Yield","01345","Peaches and nectarines","2012","2012","kg/ha","4550","A","Official value",""
"QCL","Crops and livestock products","356","India","5510","Production","01345","Peaches and nectarines","2012","2012","t","91000","A","Official value",""
"QCL","Crops and livestock products","356","India","5312","Area harvested","01345","Peaches and nectarines","2013","2013","ha","19000","A","Official value",""
"QCL","Crops and livestock products","356","India","5412","Yield","01345","Peaches and nectarines","2013","2013","kg/ha","5157.9","A","Official value",""
"QCL","Crops and livestock products","356","India","5510","Production","01345","Peaches and nectarines","2013","2013","t","98000","A","Official value",""
"QCL","Crops and livestock products","356","India","5312","Area harvested","01345","Peaches and nectarines","2014","2014","ha","18000","A","Official value",""
"QCL","Crops and livestock products","356","India","5412","Yield","01345","Peaches and nectarines","2014","2014","kg/ha","5222.2","A","Official value",""
"QCL","Crops and livestock products","356","India","5510","Production","01345","Peaches and nectarines","2014","2014","t","94000","A","Official value",""
"QCL","Crops and livestock products","356","India","5312","Area harvested","01345","Peaches and nectarines","2015","2015","ha","19000","A","Official value",""
"QCL","Crops and livestock products","356","India","5412","Yield","01345","Peaches and nectarines","2015","2015","kg/ha","5105.3","A","Official value",""
"QCL","Crops and livestock products","356","India","5510","Production","01345","Peaches and nectarines","2015","2015","t","97000","A","Official value",""
"QCL","Crops and livestock products","356","India","5312","Area harvested","01345","Peaches and nectarines","2016","2016","ha","17553","A","Official value",""
"QCL","Crops and livestock products","356","India","5412","Yield","01345","Peaches and nectarines","2016","2016","kg/ha","6107.5","A","Official value",""
"QCL","Crops and livestock products","356","India","5510","Production","01345","Peaches and nectarines","2016","2016","t","107205.5","A","Official value",""
"QCL","Crops and livestock products","356","India","5312","Area harvested","01345","Peaches and nectarines","2017","2017","ha","18381","A","Official value",""
"QCL","Crops and livestock products","356","India","5412","Yield","01345","Peaches and nectarines","2017","2017","kg/ha","5792.3","A","Official value",""
"QCL","Crops and livestock products","356","India","5510","Production","01345","Peaches and nectarines","2017","2017","t","106468","A","Official value",""
"QCL","Crops and livestock products","356","India","5312","Area harvested","01345","Peaches and nectarines","2018","2018","ha","18538","A","Official value",""
"QCL","Crops and livestock products","356","India","5412","Yield","01345","Peaches and nectarines","2018","2018","kg/ha","6135.4","A","Official value",""
"QCL","Crops and livestock products","356","India","5510","Production","01345","Peaches and nectarines","2018","2018","t","113738.68","A","Official value",""
"QCL","Crops and livestock products","356","India","5312","Area harvested","01345","Peaches and nectarines","2019","2019","ha","18798","A","Official value",""
"QCL","Crops and livestock products","356","India","5412","Yield","01345","Peaches and nectarines","2019","2019","kg/ha","6255","A","Official value",""
"QCL","Crops and livestock products","356","India","5510","Production","01345","Peaches and nectarines","2019","2019","t","117579.52","A","Official value",""
"QCL","Crops and livestock products","356","India","5312","Area harvested","01345","Peaches and nectarines","2020","2020","ha","18578","A","Official value",""
"QCL","Crops and livestock products","356","India","5412","Yield","01345","Peaches and nectarines","2020","2020","kg/ha","6407.2","A","Official value",""
"QCL","Crops and livestock products","356","India","5510","Production","01345","Peaches and nectarines","2020","2020","t","119033.82","A","Official value",""
"QCL","Crops and livestock products","356","India","5312","Area harvested","01345","Peaches and nectarines","2021","2021","ha","18338","A","Official value",""
"QCL","Crops and livestock products","356","India","5412","Yield","01345","Peaches and nectarines","2021","2021","kg/ha","6065.7","A","Official value",""
"QCL","Crops and livestock products","356","India","5510","Production","01345","Peaches and nectarines","2021","2021","t","111230.36","A","Official value",""
"QCL","Crops and livestock products","356","India","5312","Area harvested","01345","Peaches and nectarines","2022","2022","ha","19168","A","Official value",""
"QCL","Crops and livestock products","356","India","5412","Yield","01345","Peaches and nectarines","2022","2022","kg/ha","6325.3","A","Official value",""
"QCL","Crops and livestock products","356","India","5510","Production","01345","Peaches and nectarines","2022","2022","t","121243","A","Official value",""
"QCL","Crops and livestock products","356","India","5312","Area harvested","01345","Peaches and nectarines","2023","2023","ha","16488","A","Official value",""
"QCL","Crops and livestock products","356","India","5412","Yield","01345","Peaches and nectarines","2023","2023","kg/ha","6168.4","A","Official value",""
"QCL","Crops and livestock products","356","India","5510","Production","01345","Peaches and nectarines","2023","2023","t","101705","A","Official value",""
"QCL","Crops and livestock products","356","India","5312","Area harvested","01342.01","Pears","2000","2000","ha","25346","I","Value imputed by a receiving agency",""
"QCL","Crops and livestock products","356","India","5412","Yield","01342.01","Pears","2000","2000","kg/ha","7417.3","E","Estimated value",""
"QCL","Crops and livestock products","356","India","5510","Production","01342.01","Pears","2000","2000","t","188000","X","Value from external organization","Unofficial figure"
"QCL","Crops and livestock products","356","India","5312","Area harvested","01342.01","Pears","2001","2001","ha","26530","I","Value imputed by a receiving agency",""
"QCL","Crops and livestock products","356","India","5412","Yield","01342.01","Pears","2001","2001","kg/ha","7538.7","E","Estimated value",""
"QCL","Crops and livestock products","356","India","5510","Production","01342.01","Pears","2001","2001","t","200000","E","Estimated value",""
"QCL","Crops and livestock products","356","India","5312","Area harvested","01342.01","Pears","2002","2002","ha","28229","I","Value imputed by a receiving agency",""
"QCL","Crops and livestock products","356","India","5412","Yield","01342.01","Pears","2002","2002","kg/ha","7658.8","E","Estimated value",""
"QCL","Crops and livestock products","356","India","5510","Production","01342.01","Pears","2002","2002","t","216202.82","I","Value imputed by a receiving agency",""
"QCL","Crops and livestock products","356","India","5312","Area harvested","01342.01","Pears","2003","2003","ha","29685","I","Value imputed by a receiving agency",""
"QCL","Crops and livestock products","356","India","5412","Yield","01342.01","Pears","2003","2003","kg/ha","7777.2","E","Estimated value",""
"QCL","Crops and livestock products","356","India","5510","Production","01342.01","Pears","2003","2003","t","230869.34","I","Value imputed by a receiving agency",""
"QCL","Crops and livestock products","356","India","5312","Area harvested","01342.01","Pears","2004","2004","ha","32452","I","Value imputed by a receiving agency",""
"QCL","Crops and livestock products","356","India","5412","Yield","01342.01","Pears","2004","2004","kg/ha","7576.9","E","Estimated value",""
"QCL","Crops and livestock products","356","India","5510","Production","01342.01","Pears","2004","2004","t","245887.05","I","Value imputed by a receiving agency",""
"QCL","Crops and livestock products","356","India","5312","Area harvested","01342.01","Pears","2005","2005","ha","35088","I","Value imputed by a receiving agency",""
"QCL","Crops and livestock products","356","India","5412","Yield","01342.01","Pears","2005","2005","kg/ha","7515.8","E","Estimated value",""
"QCL","Crops and livestock products","356","India","5510","Production","01342.01","Pears","2005","2005","t","263718.26","I","Value imputed by a receiving agency",""
"QCL","Crops and livestock products","356","India","5312","Area harvested","01342.01","Pears","2006","2006","ha","37074","I","Value imputed by a receiving agency",""
"QCL","Crops and livestock products","356","India","5412","Yield","01342.01","Pears","2006","2006","kg/ha","7516.7","E","Estimated value",""
"QCL","Crops and livestock products","356","India","5510","Production","01342.01","Pears","2006","2006","t","278673.48","I","Value imputed by a receiving agency",""
"QCL","Crops and livestock products","356","India","5312","Area harvested","01342.01","Pears","2007","2007","ha","40041","I","Value imputed by a receiving agency",""
"QCL","Crops and livestock products","356","India","5412","Yield","01342.01","Pears","2007","2007","kg/ha","7530.9","E","Estimated value",""
"QCL","Crops and livestock products","356","India","5510","Production","01342.01","Pears","2007","2007","t","301547.76","I","Value imputed by a receiving agency",""
"QCL","Crops and livestock products","356","India","5312","Area harvested","01342.01","Pears","2010","2010","ha","44713","I","Value imputed by a receiving agency",""
"QCL","Crops and livestock products","356","India","5412","Yield","01342.01","Pears","2010","2010","kg/ha","7514.5","E","Estimated value",""
"QCL","Crops and livestock products","356","India","5510","Production","01342.01","Pears","2010","2010","t","336000","E","Estimated value",""
"QCL","Crops and livestock products","356","India","5312","Area harvested","01342.01","Pears","2011","2011","ha","44598","I","Value imputed by a receiving agency",""
"QCL","Crops and livestock products","356","India","5412","Yield","01342.01","Pears","2011","2011","kg/ha","7511.5","E","Estimated value",""
"QCL","Crops and livestock products","356","India","5510","Production","01342.01","Pears","2011","2011","t","335000","E","Estimated value",""
"QCL","Crops and livestock products","356","India","5312","Area harvested","01342.01","Pears","2012","2012","ha","45285","I","Value imputed by a receiving agency",""
"QCL","Crops and livestock products","356","India","5412","Yield","01342.01","Pears","2012","2012","kg/ha","7508","E","Estimated value",""
"QCL","Crops and livestock products","356","India","5510","Production","01342.01","Pears","2012","2012","t","340000","E","Estimated value",""
"QCL","Crops and livestock products","356","India","5312","Area harvested","01342.01","Pears","2013","2013","ha","43296","I","Value imputed by a receiving agency",""
"QCL","Crops and livestock products","356","India","5412","Yield","01342.01","Pears","2013","2013","kg/ha","7506.5","E","Estimated value",""
"QCL","Crops and livestock products","356","India","5510","Production","01342.01","Pears","2013","2013","t","325000","E","Estimated value",""
"QCL","Crops and livestock products","356","India","5312","Area harvested","01342.01","Pears","2014","2014","ha","42280","A","Official value",""
"QCL","Crops and livestock products","356","India","5412","Yield","01342.01","Pears","2014","2014","kg/ha","7490.5","A","Official value",""
"QCL","Crops and livestock products","356","India","5510","Production","01342.01","Pears","2014","2014","t","316700","A","Official value",""
"QCL","Crops and livestock products","356","India","5312","Area harvested","01342.01","Pears","2015","2015","ha","42000","A","Official value",""
"QCL","Crops and livestock products","356","India","5412","Yield","01342.01","Pears","2015","2015","kg/ha","7214.3","A","Official value",""
"QCL","Crops and livestock products","356","India","5510","Production","01342.01","Pears","2015","2015","t","303000","A","Official value",""
"QCL","Crops and livestock products","356","India","5312","Area harvested","01342.01","Pears","2016","2016","ha","40000","A","Official value",""
"QCL","Crops and livestock products","356","India","5412","Yield","01342.01","Pears","2016","2016","kg/ha","8075","A","Official value",""
"QCL","Crops and livestock products","356","India","5510","Production","01342.01","Pears","2016","2016","t","323000","A","Official value",""
"QCL","Crops and livestock products","356","India","5312","Area harvested","01342.01","Pears","2017","2017","ha","44000","A","Official value",""
"QCL","Crops and livestock products","356","India","5412","Yield","01342.01","Pears","2017","2017","kg/ha","7863.6","A","Official value",""
"QCL","Crops and livestock products","356","India","5510","Production","01342.01","Pears","2017","2017","t","346000","A","Official value",""
"QCL","Crops and livestock products","356","India","5312","Area harvested","01342.01","Pears","2018","2018","ha","44000","A","Official value",""
"QCL","Crops and livestock products","356","India","5412","Yield","01342.01","Pears","2018","2018","kg/ha","7227.3","A","Official value",""
"QCL","Crops and livestock products","356","India","5510","Production","01342.01","Pears","2018","2018","t","318000","A","Official value",""
"QCL","Crops and livestock products","356","India","5312","Area harvested","01342.01","Pears","2019","2019","ha","42000","A","Official value",""
"QCL","Crops and livestock products","356","India","5412","Yield","01342.01","Pears","2019","2019","kg/ha","7142.9","A","Official value",""
"QCL","Crops and livestock products","356","India","5510","Production","01342.01","Pears","2019","2019","t","300000","A","Official value",""
"QCL","Crops and livestock products","356","India","5312","Area harvested","01342.01","Pears","2020","2020","ha","43000","A","Official value",""
"QCL","Crops and livestock products","356","India","5412","Yield","01342.01","Pears","2020","2020","kg/ha","6744.2","A","Official value",""
"QCL","Crops and livestock products","356","India","5510","Production","01342.01","Pears","2020","2020","t","290000","A","Official value",""
"QCL","Crops and livestock products","356","India","5312","Area harvested","01342.01","Pears","2021","2021","ha","42000","A","Official value",""
"QCL","Crops and livestock products","356","India","5412","Yield","01342.01","Pears","2021","2021","kg/ha","6571.4","A","Official value",""
"QCL","Crops and livestock products","356","India","5510","Production","01342.01","Pears","2021","2021","t","276000","A","Official value",""
"QCL","Crops and livestock products","356","India","5312","Area harvested","01342.01","Pears","2022","2022","ha","44000","A","Official value",""
"QCL","Crops and livestock products","356","India","5412","Yield","01342.01","Pears","2022","2022","kg/ha","7022.7","A","Official value",""
"QCL","Crops and livestock products","356","India","5510","Production","01342.01","Pears","2022","2022","t","309000","A","Official value",""
"QCL","Crops and livestock products","356","India","5312","Area harvested","01342.01","Pears","2023","2023","ha","35000","A","Official value",""
"QCL","Crops and livestock products","356","India","5412","Yield","01342.01","Pears","2023","2023","kg/ha","7742.9","A","Official value",""
"QCL","Crops and livestock products","356","India","5510","Production","01342.01","Pears","2023","2023","t","271000","A","Official value",""
"QCL","Crops and livestock products","356","India","5312","Area harvested","01705","Peas, dry","2000","2000","ha","791500","A","Official value",""
"QCL","Crops and livestock products","356","India","5412","Yield","01705","Peas, dry","2000","2000","kg/ha","1029.4","A","Official value",""
"QCL","Crops and livestock products","356","India","5510","Production","01705","Peas, dry","2000","2000","t","814800","A","Official value",""
"QCL","Crops and livestock products","356","India","5312","Area harvested","01705","Peas, dry","2001","2001","ha","654700","A","Official value",""
"QCL","Crops and livestock products","356","India","5412","Yield","01705","Peas, dry","2001","2001","kg/ha","860.2","A","Official value",""
"QCL","Crops and livestock products","356","India","5510","Production","01705","Peas, dry","2001","2001","t","563200","A","Official value",""
"QCL","Crops and livestock products","356","India","5312","Area harvested","01705","Peas, dry","2002","2002","ha","670300","A","Official value",""
"QCL","Crops and livestock products","356","India","5412","Yield","01705","Peas, dry","2002","2002","kg/ha","906.5","A","Official value",""
"QCL","Crops and livestock products","356","India","5510","Production","01705","Peas, dry","2002","2002","t","607600","A","Official value",""
"QCL","Crops and livestock products","356","India","5312","Area harvested","01705","Peas, dry","2003","2003","ha","663600","A","Official value",""
"QCL","Crops and livestock products","356","India","5412","Yield","01705","Peas, dry","2003","2003","kg/ha","891.4","A","Official value",""
"QCL","Crops and livestock products","356","India","5510","Production","01705","Peas, dry","2003","2003","t","591500","A","Official value",""
"QCL","Crops and livestock products","356","India","5312","Area harvested","01705","Peas, dry","2004","2004","ha","709500","A","Official value",""
"QCL","Crops and livestock products","356","India","5412","Yield","01705","Peas, dry","2004","2004","kg/ha","1022.1","A","Official value",""
"QCL","Crops and livestock products","356","India","5510","Production","01705","Peas, dry","2004","2004","t","725200","A","Official value",""
"QCL","Crops and livestock products","356","India","5312","Area harvested","01705","Peas, dry","2005","2005","ha","791200","A","Official value",""
"QCL","Crops and livestock products","356","India","5412","Yield","01705","Peas, dry","2005","2005","kg/ha","992.9","A","Official value",""
"QCL","Crops and livestock products","356","India","5510","Production","01705","Peas, dry","2005","2005","t","785600","A","Official value",""
"QCL","Crops and livestock products","356","India","5312","Area harvested","01705","Peas, dry","2006","2006","ha","777800","A","Official value",""
"QCL","Crops and livestock products","356","India","5412","Yield","01705","Peas, dry","2006","2006","kg/ha","912.7","A","Official value",""
"QCL","Crops and livestock products","356","India","5510","Production","01705","Peas, dry","2006","2006","t","709900","A","Official value",""
"QCL","Crops and livestock products","356","India","5312","Area harvested","01705","Peas, dry","2007","2007","ha","743700","A","Official value",""
"QCL","Crops and livestock products","356","India","5412","Yield","01705","Peas, dry","2007","2007","kg/ha","805.3","A","Official value",""
"QCL","Crops and livestock products","356","India","5510","Production","01705","Peas, dry","2007","2007","t","598900","A","Official value",""
"QCL","Crops and livestock products","356","India","5312","Area harvested","01705","Peas, dry","2010","2010","ha","764400","A","Official value",""
"QCL","Crops and livestock products","356","India","5412","Yield","01705","Peas, dry","2010","2010","kg/ha","882.7","A","Official value",""
"QCL","Crops and livestock products","356","India","5510","Production","01705","Peas, dry","2010","2010","t","674700","A","Official value",""
"QCL","Crops and livestock products","356","India","5312","Area harvested","01705","Peas, dry","2011","2011","ha","727200","A","Official value",""
"QCL","Crops and livestock products","356","India","5412","Yield","01705","Peas, dry","2011","2011","kg/ha","815.7","A","Official value",""
"QCL","Crops and livestock products","356","India","5510","Production","01705","Peas, dry","2011","2011","t","593200","A","Official value",""
"QCL","Crops and livestock products","356","India","5312","Area harvested","01705","Peas, dry","2012","2012","ha","756000","A","Official value",""
"QCL","Crops and livestock products","356","India","5412","Yield","01705","Peas, dry","2012","2012","kg/ha","933.9","A","Official value",""
"QCL","Crops and livestock products","356","India","5510","Production","01705","Peas, dry","2012","2012","t","706000","A","Official value",""
"QCL","Crops and livestock products","356","India","5312","Area harvested","01705","Peas, dry","2013","2013","ha","767000","A","Official value",""
"QCL","Crops and livestock products","356","India","5412","Yield","01705","Peas, dry","2013","2013","kg/ha","1099.1","A","Official value",""
"QCL","Crops and livestock products","356","India","5510","Production","01705","Peas, dry","2013","2013","t","843000","A","Official value",""
"QCL","Crops and livestock products","356","India","5312","Area harvested","01705","Peas, dry","2014","2014","ha","963000","A","Official value",""
"QCL","Crops and livestock products","356","India","5412","Yield","01705","Peas, dry","2014","2014","kg/ha","960.5","A","Official value",""
"QCL","Crops and livestock products","356","India","5510","Production","01705","Peas, dry","2014","2014","t","925000","A","Official value",""
"QCL","Crops and livestock products","356","India","5312","Area harvested","01705","Peas, dry","2015","2015","ha","975000","A","Official value",""
"QCL","Crops and livestock products","356","India","5412","Yield","01705","Peas, dry","2015","2015","kg/ha","911.8","A","Official value",""
"QCL","Crops and livestock products","356","India","5510","Production","01705","Peas, dry","2015","2015","t","889000","A","Official value",""
"QCL","Crops and livestock products","356","India","5312","Area harvested","01705","Peas, dry","2016","2016","ha","903000","A","Official value",""
"QCL","Crops and livestock products","356","India","5412","Yield","01705","Peas, dry","2016","2016","kg/ha","821.7","A","Official value",""
"QCL","Crops and livestock products","356","India","5510","Production","01705","Peas, dry","2016","2016","t","742000","A","Official value",""
"QCL","Crops and livestock products","356","India","5312","Area harvested","01705","Peas, dry","2017","2017","ha","1058880","A","Official value",""
"QCL","Crops and livestock products","356","India","5412","Yield","01705","Peas, dry","2017","2017","kg/ha","955","A","Official value",""
"QCL","Crops and livestock products","356","India","5510","Production","01705","Peas, dry","2017","2017","t","1011190","A","Official value",""
"QCL","Crops and livestock products","356","India","5312","Area harvested","01705","Peas, dry","2018","2018","ha","825210","A","Official value",""
"QCL","Crops and livestock products","356","India","5412","Yield","01705","Peas, dry","2018","2018","kg/ha","1203.6","A","Official value",""
"QCL","Crops and livestock products","356","India","5510","Production","01705","Peas, dry","2018","2018","t","993250","A","Official value",""
"QCL","Crops and livestock products","356","India","5312","Area harvested","01705","Peas, dry","2019","2019","ha","606720","A","Official value",""
"QCL","Crops and livestock products","356","India","5412","Yield","01705","Peas, dry","2019","2019","kg/ha","1338","A","Official value",""
"QCL","Crops and livestock products","356","India","5510","Production","01705","Peas, dry","2019","2019","t","811810","A","Official value",""
"QCL","Crops and livestock products","356","India","5312","Area harvested","01705","Peas, dry","2020","2020","ha","597297","A","Official value",""
"QCL","Crops and livestock products","356","India","5412","Yield","01705","Peas, dry","2020","2020","kg/ha","1440.1","A","Official value",""
"QCL","Crops and livestock products","356","India","5510","Production","01705","Peas, dry","2020","2020","t","860160","A","Official value",""
"QCL","Crops and livestock products","356","India","5312","Area harvested","01705","Peas, dry","2021","2021","ha","637566","A","Official value",""
"QCL","Crops and livestock products","356","India","5412","Yield","01705","Peas, dry","2021","2021","kg/ha","1374.8","A","Official value",""
"QCL","Crops and livestock products","356","India","5510","Production","01705","Peas, dry","2021","2021","t","876542","A","Official value",""
"QCL","Crops and livestock products","356","India","5312","Area harvested","01705","Peas, dry","2022","2022","ha","761959","A","Official value",""
"QCL","Crops and livestock products","356","India","5412","Yield","01705","Peas, dry","2022","2022","kg/ha","1318.2","A","Official value",""
"QCL","Crops and livestock products","356","India","5510","Production","01705","Peas, dry","2022","2022","t","1004402","A","Official value",""
"QCL","Crops and livestock products","356","India","5312","Area harvested","01705","Peas, dry","2023","2023","ha","838961","A","Official value",""
"QCL","Crops and livestock products","356","India","5412","Yield","01705","Peas, dry","2023","2023","kg/ha","1352.1","A","Official value",""
"QCL","Crops and livestock products","356","India","5510","Production","01705","Peas, dry","2023","2023","t","1134336.56","A","Official value",""
"QCL","Crops and livestock products","356","India","5312","Area harvested","01242","Peas, green","2000","2000","ha","270000","A","Official value",""
"QCL","Crops and livestock products","356","India","5412","Yield","01242","Peas, green","2000","2000","kg/ha","10037","A","Official value",""
"QCL","Crops and livestock products","356","India","5510","Production","01242","Peas, green","2000","2000","t","2710000","A","Official value",""
"QCL","Crops and livestock products","356","India","5312","Area harvested","01242","Peas, green","2001","2001","ha","320000","A","Official value",""
"QCL","Crops and livestock products","356","India","5412","Yield","01242","Peas, green","2001","2001","kg/ha","9406.3","A","Official value",""
"QCL","Crops and livestock products","356","India","5510","Production","01242","Peas, green","2001","2001","t","3010000","A","Official value",""
"QCL","Crops and livestock products","356","India","5312","Area harvested","01242","Peas, green","2002","2002","ha","300000","A","Official value",""
"QCL","Crops and livestock products","356","India","5412","Yield","01242","Peas, green","2002","2002","kg/ha","6800","A","Official value",""
"QCL","Crops and livestock products","356","India","5510","Production","01242","Peas, green","2002","2002","t","2040000","A","Official value",""
"QCL","Crops and livestock products","356","India","5312","Area harvested","01242","Peas, green","2003","2003","ha","305200","A","Official value",""
"QCL","Crops and livestock products","356","India","5412","Yield","01242","Peas, green","2003","2003","kg/ha","6755.6","A","Official value",""
"QCL","Crops and livestock products","356","India","5510","Production","01242","Peas, green","2003","2003","t","2061800","A","Official value",""
"QCL","Crops and livestock products","356","India","5312","Area harvested","01242","Peas, green","2004","2004","ha","285200","A","Official value",""
"QCL","Crops and livestock products","356","India","5412","Yield","01242","Peas, green","2004","2004","kg/ha","6666.2","A","Official value",""
"QCL","Crops and livestock products","356","India","5510","Production","01242","Peas, green","2004","2004","t","1901200","A","Official value",""
"QCL","Crops and livestock products","356","India","5312","Area harvested","01242","Peas, green","2005","2005","ha","276300","A","Official value",""
"QCL","Crops and livestock products","356","India","5412","Yield","01242","Peas, green","2005","2005","kg/ha","7038.7","A","Official value",""
"QCL","Crops and livestock products","356","India","5510","Production","01242","Peas, green","2005","2005","t","1944800","A","Official value",""
"QCL","Crops and livestock products","356","India","5312","Area harvested","01242","Peas, green","2006","2006","ha","286100","A","Official value",""
"QCL","Crops and livestock products","356","India","5412","Yield","01242","Peas, green","2006","2006","kg/ha","7934.3","A","Official value",""
"QCL","Crops and livestock products","356","India","5510","Production","01242","Peas, green","2006","2006","t","2270000","A","Official value",""
"QCL","Crops and livestock products","356","India","5312","Area harvested","01242","Peas, green","2007","2007","ha","297000","A","Official value",""
"QCL","Crops and livestock products","356","India","5412","Yield","01242","Peas, green","2007","2007","kg/ha","8087.5","A","Official value",""
"QCL","Crops and livestock products","356","India","5510","Production","01242","Peas, green","2007","2007","t","2402000","A","Official value",""
"QCL","Crops and livestock products","356","India","5312","Area harvested","01242","Peas, green","2010","2010","ha","364900","A","Official value",""
"QCL","Crops and livestock products","356","India","5412","Yield","01242","Peas, green","2010","2010","kg/ha","8302","A","Official value",""
"QCL","Crops and livestock products","356","India","5510","Production","01242","Peas, green","2010","2010","t","3029400","A","Official value",""
"QCL","Crops and livestock products","356","India","5312","Area harvested","01242","Peas, green","2011","2011","ha","370000","A","Official value",""
"QCL","Crops and livestock products","356","India","5412","Yield","01242","Peas, green","2011","2011","kg/ha","9505.4","A","Official value",""
"QCL","Crops and livestock products","356","India","5510","Production","01242","Peas, green","2011","2011","t","3517000","A","Official value",""
"QCL","Crops and livestock products","356","India","5312","Area harvested","01242","Peas, green","2012","2012","ha","408200","A","Official value",""
"QCL","Crops and livestock products","356","India","5412","Yield","01242","Peas, green","2012","2012","kg/ha","9173.9","A","Official value",""
"QCL","Crops and livestock products","356","India","5510","Production","01242","Peas, green","2012","2012","t","3744800","A","Official value",""
"QCL","Crops and livestock products","356","India","5312","Area harvested","01242","Peas, green","2013","2013","ha","420900","A","Official value",""
"QCL","Crops and livestock products","356","India","5412","Yield","01242","Peas, green","2013","2013","kg/ha","9518.2","A","Official value",""
"QCL","Crops and livestock products","356","India","5510","Production","01242","Peas, green","2013","2013","t","4006200","A","Official value",""
"QCL","Crops and livestock products","356","India","5312","Area harvested","01242","Peas, green","2014","2014","ha","433560","A","Official value",""
"QCL","Crops and livestock products","356","India","5412","Yield","01242","Peas, green","2014","2014","kg/ha","8922.9","A","Official value",""
"QCL","Crops and livestock products","356","India","5510","Production","01242","Peas, green","2014","2014","t","3868630","A","Official value",""
"QCL","Crops and livestock products","356","India","5312","Area harvested","01242","Peas, green","2015","2015","ha","476000","A","Official value",""
"QCL","Crops and livestock products","356","India","5412","Yield","01242","Peas, green","2015","2015","kg/ha","9773.1","A","Official value",""
"QCL","Crops and livestock products","356","India","5510","Production","01242","Peas, green","2015","2015","t","4652000","A","Official value",""
"QCL","Crops and livestock products","356","India","5312","Area harvested","01242","Peas, green","2016","2016","ha","498000","A","Official value",""
"QCL","Crops and livestock products","356","India","5412","Yield","01242","Peas, green","2016","2016","kg/ha","9660.6","A","Official value",""
"QCL","Crops and livestock products","356","India","5510","Production","01242","Peas, green","2016","2016","t","4811000","A","Official value",""
"QCL","Crops and livestock products","356","India","5312","Area harvested","01242","Peas, green","2017","2017","ha","530000","A","Official value",""
"QCL","Crops and livestock products","356","India","5412","Yield","01242","Peas, green","2017","2017","kg/ha","10084.9","A","Official value",""
"QCL","Crops and livestock products","356","India","5510","Production","01242","Peas, green","2017","2017","t","5345000","A","Official value",""
"QCL","Crops and livestock products","356","India","5312","Area harvested","01242","Peas, green","2018","2018","ha","540000","A","Official value",""
"QCL","Crops and livestock products","356","India","5412","Yield","01242","Peas, green","2018","2018","kg/ha","10040.7","A","Official value",""
"QCL","Crops and livestock products","356","India","5510","Production","01242","Peas, green","2018","2018","t","5422000","A","Official value",""
"QCL","Crops and livestock products","356","India","5312","Area harvested","01242","Peas, green","2019","2019","ha","552000","A","Official value",""
"QCL","Crops and livestock products","356","India","5412","Yield","01242","Peas, green","2019","2019","kg/ha","10076.1","A","Official value",""
"QCL","Crops and livestock products","356","India","5510","Production","01242","Peas, green","2019","2019","t","5562000","A","Official value",""
"QCL","Crops and livestock products","356","India","5312","Area harvested","01242","Peas, green","2020","2020","ha","568000","A","Official value",""
"QCL","Crops and livestock products","356","India","5412","Yield","01242","Peas, green","2020","2020","kg/ha","10295.8","A","Official value",""
"QCL","Crops and livestock products","356","India","5510","Production","01242","Peas, green","2020","2020","t","5848000","A","Official value",""
"QCL","Crops and livestock products","356","India","5312","Area harvested","01242","Peas, green","2021","2021","ha","567000","A","Official value",""
"QCL","Crops and livestock products","356","India","5412","Yield","01242","Peas, green","2021","2021","kg/ha","10310.4","A","Official value",""
"QCL","Crops and livestock products","356","India","5510","Production","01242","Peas, green","2021","2021","t","5846000","A","Official value",""
"QCL","Crops and livestock products","356","India","5312","Area harvested","01242","Peas, green","2022","2022","ha","590000","A","Official value",""
"QCL","Crops and livestock products","356","India","5412","Yield","01242","Peas, green","2022","2022","kg/ha","10478","A","Official value",""
"QCL","Crops and livestock products","356","India","5510","Production","01242","Peas, green","2022","2022","t","6182000","A","Official value",""
"QCL","Crops and livestock products","356","India","5312","Area harvested","01242","Peas, green","2023","2023","ha","609000","A","Official value",""
"QCL","Crops and livestock products","356","India","5412","Yield","01242","Peas, green","2023","2023","kg/ha","10824.3","A","Official value",""
"QCL","Crops and livestock products","356","India","5510","Production","01242","Peas, green","2023","2023","t","6592000","A","Official value",""
"QCL","Crops and livestock products","356","India","5312","Area harvested","01651","Pepper (Piper spp.), raw","2000","2000","ha","196000","A","Official value",""
"QCL","Crops and livestock products","356","India","5412","Yield","01651","Pepper (Piper spp.), raw","2000","2000","kg/ha","301","A","Official value",""
"QCL","Crops and livestock products","356","India","5510","Production","01651","Pepper (Piper spp.), raw","2000","2000","t","59000","A","Official value",""
"QCL","Crops and livestock products","356","India","5312","Area harvested","01651","Pepper (Piper spp.), raw","2001","2001","ha","214000","A","Official value",""
"QCL","Crops and livestock products","356","India","5412","Yield","01651","Pepper (Piper spp.), raw","2001","2001","kg/ha","299.1","A","Official value",""
"QCL","Crops and livestock products","356","India","5510","Production","01651","Pepper (Piper spp.), raw","2001","2001","t","64000","A","Official value",""
"QCL","Crops and livestock products","356","India","5312","Area harvested","01651","Pepper (Piper spp.), raw","2002","2002","ha","219000","A","Official value",""
"QCL","Crops and livestock products","356","India","5412","Yield","01651","Pepper (Piper spp.), raw","2002","2002","kg/ha","283.1","A","Official value",""
"QCL","Crops and livestock products","356","India","5510","Production","01651","Pepper (Piper spp.), raw","2002","2002","t","62000","A","Official value",""
"QCL","Crops and livestock products","356","India","5312","Area harvested","01651","Pepper (Piper spp.), raw","2003","2003","ha","216000","A","Official value",""
"QCL","Crops and livestock products","356","India","5412","Yield","01651","Pepper (Piper spp.), raw","2003","2003","kg/ha","296.3","A","Official value",""
"QCL","Crops and livestock products","356","India","5510","Production","01651","Pepper (Piper spp.), raw","2003","2003","t","64000","A","Official value",""
"QCL","Crops and livestock products","356","India","5312","Area harvested","01651","Pepper (Piper spp.), raw","2004","2004","ha","233360","A","Official value",""
"QCL","Crops and livestock products","356","India","5412","Yield","01651","Pepper (Piper spp.), raw","2004","2004","kg/ha","313.6","A","Official value",""
"QCL","Crops and livestock products","356","India","5510","Production","01651","Pepper (Piper spp.), raw","2004","2004","t","73190","A","Official value",""
"QCL","Crops and livestock products","356","India","5312","Area harvested","01651","Pepper (Piper spp.), raw","2005","2005","ha","228330","A","Official value",""
"QCL","Crops and livestock products","356","India","5412","Yield","01651","Pepper (Piper spp.), raw","2005","2005","kg/ha","319.8","A","Official value",""
"QCL","Crops and livestock products","356","India","5510","Production","01651","Pepper (Piper spp.), raw","2005","2005","t","73020","A","Official value",""
"QCL","Crops and livestock products","356","India","5312","Area harvested","01651","Pepper (Piper spp.), raw","2006","2006","ha","260200","A","Official value",""
"QCL","Crops and livestock products","356","India","5412","Yield","01651","Pepper (Piper spp.), raw","2006","2006","kg/ha","357","A","Official value",""
"QCL","Crops and livestock products","356","India","5510","Production","01651","Pepper (Piper spp.), raw","2006","2006","t","92900","A","Official value",""
"QCL","Crops and livestock products","356","India","5312","Area harvested","01651","Pepper (Piper spp.), raw","2007","2007","ha","246000","A","Official value",""
"QCL","Crops and livestock products","356","India","5412","Yield","01651","Pepper (Piper spp.), raw","2007","2007","kg/ha","280.5","A","Official value",""
"QCL","Crops and livestock products","356","India","5510","Production","01651","Pepper (Piper spp.), raw","2007","2007","t","69000","A","Official value",""
"QCL","Crops and livestock products","356","India","5312","Area harvested","01651","Pepper (Piper spp.), raw","2010","2010","ha","195920","A","Official value",""
"QCL","Crops and livestock products","356","India","5412","Yield","01651","Pepper (Piper spp.), raw","2010","2010","kg/ha","260.4","A","Official value",""
"QCL","Crops and livestock products","356","India","5510","Production","01651","Pepper (Piper spp.), raw","2010","2010","t","51020","A","Official value",""
"QCL","Crops and livestock products","356","India","5312","Area harvested","01651","Pepper (Piper spp.), raw","2011","2011","ha","184000","A","Official value",""
"QCL","Crops and livestock products","356","India","5412","Yield","01651","Pepper (Piper spp.), raw","2011","2011","kg/ha","282.6","A","Official value",""
"QCL","Crops and livestock products","356","India","5510","Production","01651","Pepper (Piper spp.), raw","2011","2011","t","52000","A","Official value",""
"QCL","Crops and livestock products","356","India","5312","Area harvested","01651","Pepper (Piper spp.), raw","2012","2012","ha","200000","A","Official value",""
"QCL","Crops and livestock products","356","India","5412","Yield","01651","Pepper (Piper spp.), raw","2012","2012","kg/ha","205","A","Official value",""
"QCL","Crops and livestock products","356","India","5510","Production","01651","Pepper (Piper spp.), raw","2012","2012","t","41000","A","Official value",""
"QCL","Crops and livestock products","356","India","5312","Area harvested","01651","Pepper (Piper spp.), raw","2013","2013","ha","125000","A","Official value",""
"QCL","Crops and livestock products","356","India","5412","Yield","01651","Pepper (Piper spp.), raw","2013","2013","kg/ha","424","A","Official value",""
"QCL","Crops and livestock products","356","India","5510","Production","01651","Pepper (Piper spp.), raw","2013","2013","t","53000","A","Official value",""
"QCL","Crops and livestock products","356","India","5312","Area harvested","01651","Pepper (Piper spp.), raw","2014","2014","ha","124000","A","Official value",""
"QCL","Crops and livestock products","356","India","5412","Yield","01651","Pepper (Piper spp.), raw","2014","2014","kg/ha","411.3","A","Official value",""
"QCL","Crops and livestock products","356","India","5510","Production","01651","Pepper (Piper spp.), raw","2014","2014","t","51000","A","Official value",""
"QCL","Crops and livestock products","356","India","5312","Area harvested","01651","Pepper (Piper spp.), raw","2015","2015","ha","129000","A","Official value",""
"QCL","Crops and livestock products","356","India","5412","Yield","01651","Pepper (Piper spp.), raw","2015","2015","kg/ha","503.9","A","Official value",""
"QCL","Crops and livestock products","356","India","5510","Production","01651","Pepper (Piper spp.), raw","2015","2015","t","65000","A","Official value",""
"QCL","Crops and livestock products","356","India","5312","Area harvested","01651","Pepper (Piper spp.), raw","2016","2016","ha","129000","A","Official value",""
"QCL","Crops and livestock products","356","India","5412","Yield","01651","Pepper (Piper spp.), raw","2016","2016","kg/ha","426.4","A","Official value",""
"QCL","Crops and livestock products","356","India","5510","Production","01651","Pepper (Piper spp.), raw","2016","2016","t","55000","A","Official value",""
"QCL","Crops and livestock products","356","India","5312","Area harvested","01651","Pepper (Piper spp.), raw","2017","2017","ha","132000","A","Official value",""
"QCL","Crops and livestock products","356","India","5412","Yield","01651","Pepper (Piper spp.), raw","2017","2017","kg/ha","545.5","A","Official value",""
"QCL","Crops and livestock products","356","India","5510","Production","01651","Pepper (Piper spp.), raw","2017","2017","t","72000","A","Official value",""
"QCL","Crops and livestock products","356","India","5312","Area harvested","01651","Pepper (Piper spp.), raw","2018","2018","ha","134000","A","Official value",""
"QCL","Crops and livestock products","356","India","5412","Yield","01651","Pepper (Piper spp.), raw","2018","2018","kg/ha","492.5","A","Official value",""
"QCL","Crops and livestock products","356","India","5510","Production","01651","Pepper (Piper spp.), raw","2018","2018","t","66000","A","Official value",""
"QCL","Crops and livestock products","356","India","5312","Area harvested","01651","Pepper (Piper spp.), raw","2019","2019","ha","245000","A","Official value",""
"QCL","Crops and livestock products","356","India","5412","Yield","01651","Pepper (Piper spp.), raw","2019","2019","kg/ha","559.2","A","Official value",""
"QCL","Crops and livestock products","356","India","5510","Production","01651","Pepper (Piper spp.), raw","2019","2019","t","137000","A","Official value",""
"QCL","Crops and livestock products","356","India","5312","Area harvested","01651","Pepper (Piper spp.), raw","2020","2020","ha","259000","A","Official value",""
"QCL","Crops and livestock products","356","India","5412","Yield","01651","Pepper (Piper spp.), raw","2020","2020","kg/ha","401.5","A","Official value",""
"QCL","Crops and livestock products","356","India","5510","Production","01651","Pepper (Piper spp.), raw","2020","2020","t","104000","A","Official value",""
"QCL","Crops and livestock products","356","India","5312","Area harvested","01651","Pepper (Piper spp.), raw","2021","2021","ha","309000","A","Official value",""
"QCL","Crops and livestock products","356","India","5412","Yield","01651","Pepper (Piper spp.), raw","2021","2021","kg/ha","456.3","A","Official value",""
"QCL","Crops and livestock products","356","India","5510","Production","01651","Pepper (Piper spp.), raw","2021","2021","t","141000","A","Official value",""
"QCL","Crops and livestock products","356","India","5312","Area harvested","01651","Pepper (Piper spp.), raw","2022","2022","ha","284000","A","Official value",""
"QCL","Crops and livestock products","356","India","5412","Yield","01651","Pepper (Piper spp.), raw","2022","2022","kg/ha","334.5","A","Official value",""
"QCL","Crops and livestock products","356","India","5510","Production","01651","Pepper (Piper spp.), raw","2022","2022","t","95000","A","Official value",""
"QCL","Crops and livestock products","356","India","5312","Area harvested","01651","Pepper (Piper spp.), raw","2023","2023","ha","299000","A","Official value",""
"QCL","Crops and livestock products","356","India","5412","Yield","01651","Pepper (Piper spp.), raw","2023","2023","kg/ha","391.3","A","Official value",""
"QCL","Crops and livestock products","356","India","5510","Production","01651","Pepper (Piper spp.), raw","2023","2023","t","117000","A","Official value",""
"QCL","Crops and livestock products","356","India","5312","Area harvested","01707","Pigeon peas, dry","2000","2000","ha","3632100","A","Official value",""
"QCL","Crops and livestock products","356","India","5412","Yield","01707","Pigeon peas, dry","2000","2000","kg/ha","618.5","A","Official value",""
"QCL","Crops and livestock products","356","India","5510","Production","01707","Pigeon peas, dry","2000","2000","t","2246300","A","Official value",""
"QCL","Crops and livestock products","356","India","5312","Area harvested","01707","Pigeon peas, dry","2001","2001","ha","3327700","A","Official value",""
"QCL","Crops and livestock products","356","India","5412","Yield","01707","Pigeon peas, dry","2001","2001","kg/ha","679.1","A","Official value",""
"QCL","Crops and livestock products","356","India","5510","Production","01707","Pigeon peas, dry","2001","2001","t","2259800","A","Official value",""
"QCL","Crops and livestock products","356","India","5312","Area harvested","01707","Pigeon peas, dry","2002","2002","ha","3358900","A","Official value",""
"QCL","Crops and livestock products","356","India","5412","Yield","01707","Pigeon peas, dry","2002","2002","kg/ha","650.7","A","Official value",""
"QCL","Crops and livestock products","356","India","5510","Production","01707","Pigeon peas, dry","2002","2002","t","2185800","A","Official value",""
"QCL","Crops and livestock products","356","India","5312","Area harvested","01707","Pigeon peas, dry","2003","2003","ha","3515600","A","Official value",""
"QCL","Crops and livestock products","356","India","5412","Yield","01707","Pigeon peas, dry","2003","2003","kg/ha","670.3","A","Official value",""
"QCL","Crops and livestock products","356","India","5510","Production","01707","Pigeon peas, dry","2003","2003","t","2356400","A","Official value",""
"QCL","Crops and livestock products","356","India","5312","Area harvested","01707","Pigeon peas, dry","2004","2004","ha","3518500","A","Official value",""
"QCL","Crops and livestock products","356","India","5412","Yield","01707","Pigeon peas, dry","2004","2004","kg/ha","667","A","Official value",""
"QCL","Crops and livestock products","356","India","5510","Production","01707","Pigeon peas, dry","2004","2004","t","2346900","A","Official value",""
"QCL","Crops and livestock products","356","India","5312","Area harvested","01707","Pigeon peas, dry","2005","2005","ha","3580700","A","Official value",""
"QCL","Crops and livestock products","356","India","5412","Yield","01707","Pigeon peas, dry","2005","2005","kg/ha","764.7","A","Official value",""
"QCL","Crops and livestock products","356","India","5510","Production","01707","Pigeon peas, dry","2005","2005","t","2738000","A","Official value",""
"QCL","Crops and livestock products","356","India","5312","Area harvested","01707","Pigeon peas, dry","2006","2006","ha","3561600","A","Official value",""
"QCL","Crops and livestock products","356","India","5412","Yield","01707","Pigeon peas, dry","2006","2006","kg/ha","649.7","A","Official value",""
"QCL","Crops and livestock products","356","India","5510","Production","01707","Pigeon peas, dry","2006","2006","t","2314100","A","Official value",""
"QCL","Crops and livestock products","356","India","5312","Area harvested","01707","Pigeon peas, dry","2007","2007","ha","3725800","A","Official value",""
"QCL","Crops and livestock products","356","India","5412","Yield","01707","Pigeon peas, dry","2007","2007","kg/ha","825.6","A","Official value",""
"QCL","Crops and livestock products","356","India","5510","Production","01707","Pigeon peas, dry","2007","2007","t","3075940","A","Official value",""
"QCL","Crops and livestock products","356","India","5312","Area harvested","01707","Pigeon peas, dry","2010","2010","ha","4366694","A","Official value",""
"QCL","Crops and livestock products","356","India","5412","Yield","01707","Pigeon peas, dry","2010","2010","kg/ha","655.2","A","Official value",""
"QCL","Crops and livestock products","356","India","5510","Production","01707","Pigeon peas, dry","2010","2010","t","2861120","A","Official value",""
"QCL","Crops and livestock products","356","India","5312","Area harvested","01707","Pigeon peas, dry","2011","2011","ha","4007369","A","Official value",""
"QCL","Crops and livestock products","356","India","5412","Yield","01707","Pigeon peas, dry","2011","2011","kg/ha","662.3","A","Official value",""
"QCL","Crops and livestock products","356","India","5510","Production","01707","Pigeon peas, dry","2011","2011","t","2654051","A","Official value",""
"QCL","Crops and livestock products","356","India","5312","Area harvested","01707","Pigeon peas, dry","2012","2012","ha","3892874","A","Official value",""
"QCL","Crops and livestock products","356","India","5412","Yield","01707","Pigeon peas, dry","2012","2012","kg/ha","776.5","A","Official value",""
"QCL","Crops and livestock products","356","India","5510","Production","01707","Pigeon peas, dry","2012","2012","t","3022695","A","Official value",""
"QCL","Crops and livestock products","356","India","5312","Area harvested","01707","Pigeon peas, dry","2013","2013","ha","3904438","A","Official value",""
"QCL","Crops and livestock products","356","India","5412","Yield","01707","Pigeon peas, dry","2013","2013","kg/ha","813","A","Official value",""
"QCL","Crops and livestock products","356","India","5510","Production","01707","Pigeon peas, dry","2013","2013","t","3174399","A","Official value",""
"QCL","Crops and livestock products","356","India","5312","Area harvested","01707","Pigeon peas, dry","2014","2014","ha","3853540","A","Official value",""
"QCL","Crops and livestock products","356","India","5412","Yield","01707","Pigeon peas, dry","2014","2014","kg/ha","728.5","A","Official value",""
"QCL","Crops and livestock products","356","India","5510","Production","01707","Pigeon peas, dry","2014","2014","t","2807324","A","Official value",""
"QCL","Crops and livestock products","356","India","5312","Area harvested","01707","Pigeon peas, dry","2015","2015","ha","3963348","A","Official value",""
"QCL","Crops and livestock products","356","India","5412","Yield","01707","Pigeon peas, dry","2015","2015","kg/ha","646.2","A","Official value",""
"QCL","Crops and livestock products","356","India","5510","Production","01707","Pigeon peas, dry","2015","2015","t","2560960.5","A","Official value",""
"QCL","Crops and livestock products","356","India","5312","Area harvested","01707","Pigeon peas, dry","2016","2016","ha","5337886","A","Official value",""
"QCL","Crops and livestock products","356","India","5412","Yield","01707","Pigeon peas, dry","2016","2016","kg/ha","913","A","Official value",""
"QCL","Crops and livestock products","356","India","5510","Production","01707","Pigeon peas, dry","2016","2016","t","4873240.54","A","Official value",""
"QCL","Crops and livestock products","356","India","5312","Area harvested","01707","Pigeon peas, dry","2017","2017","ha","4438306","A","Official value",""
"QCL","Crops and livestock products","356","India","5412","Yield","01707","Pigeon peas, dry","2017","2017","kg/ha","966.5","A","Official value",""
"QCL","Crops and livestock products","356","India","5510","Production","01707","Pigeon peas, dry","2017","2017","t","4289822.37","A","Official value",""
"QCL","Crops and livestock products","356","India","5312","Area harvested","01707","Pigeon peas, dry","2018","2018","ha","4549542","A","Official value",""
"QCL","Crops and livestock products","356","India","5412","Yield","01707","Pigeon peas, dry","2018","2018","kg/ha","728.7","A","Official value",""
"QCL","Crops and livestock products","356","India","5510","Production","01707","Pigeon peas, dry","2018","2018","t","3315442.36","A","Official value",""
"QCL","Crops and livestock products","356","India","5312","Area harvested","01707","Pigeon peas, dry","2019","2019","ha","4532470","A","Official value",""
"QCL","Crops and livestock products","356","India","5412","Yield","01707","Pigeon peas, dry","2019","2019","kg/ha","858.6","A","Official value",""
"QCL","Crops and livestock products","356","India","5510","Production","01707","Pigeon peas, dry","2019","2019","t","3891725.17","A","Official value",""
"QCL","Crops and livestock products","356","India","5312","Area harvested","01707","Pigeon peas, dry","2020","2020","ha","4724445","A","Official value",""
"QCL","Crops and livestock products","356","India","5412","Yield","01707","Pigeon peas, dry","2020","2020","kg/ha","913.5","A","Official value",""
"QCL","Crops and livestock products","356","India","5510","Production","01707","Pigeon peas, dry","2020","2020","t","4315897.25","A","Official value",""
"QCL","Crops and livestock products","356","India","5312","Area harvested","01707","Pigeon peas, dry","2021","2021","ha","4900257","A","Official value",""
"QCL","Crops and livestock products","356","India","5412","Yield","01707","Pigeon peas, dry","2021","2021","kg/ha","861.2","A","Official value",""
"QCL","Crops and livestock products","356","India","5510","Production","01707","Pigeon peas, dry","2021","2021","t","4220191.99","A","Official value",""
"QCL","Crops and livestock products","356","India","5312","Area harvested","01707","Pigeon peas, dry","2022","2022","ha","4068434","A","Official value",""
"QCL","Crops and livestock products","356","India","5412","Yield","01707","Pigeon peas, dry","2022","2022","kg/ha","814","A","Official value",""
"QCL","Crops and livestock products","356","India","5510","Production","01707","Pigeon peas, dry","2022","2022","t","3311532.36","A","Official value",""
"QCL","Crops and livestock products","356","India","5312","Area harvested","01707","Pigeon peas, dry","2023","2023","ha","4130592","A","Official value",""
"QCL","Crops and livestock products","356","India","5412","Yield","01707","Pigeon peas, dry","2023","2023","kg/ha","827.2","A","Official value",""
"QCL","Crops and livestock products","356","India","5510","Production","01707","Pigeon peas, dry","2023","2023","t","3416838.21","A","Official value",""
"QCL","Crops and livestock products","356","India","5312","Area harvested","01318","Pineapples","2000","2000","ha","70000","A","Official value",""
"QCL","Crops and livestock products","356","India","5412","Yield","01318","Pineapples","2000","2000","kg/ha","14571.4","A","Official value",""
"QCL","Crops and livestock products","356","India","5510","Production","01318","Pineapples","2000","2000","t","1020000","A","Official value",""
"QCL","Crops and livestock products","356","India","5312","Area harvested","01318","Pineapples","2001","2001","ha","80000","A","Official value",""
"QCL","Crops and livestock products","356","India","5412","Yield","01318","Pineapples","2001","2001","kg/ha","15250","A","Official value",""
"QCL","Crops and livestock products","356","India","5510","Production","01318","Pineapples","2001","2001","t","1220000","A","Official value",""
"QCL","Crops and livestock products","356","India","5312","Area harvested","01318","Pineapples","2002","2002","ha","80000","A","Official value",""
"QCL","Crops and livestock products","356","India","5412","Yield","01318","Pineapples","2002","2002","kg/ha","14750","A","Official value",""
"QCL","Crops and livestock products","356","India","5510","Production","01318","Pineapples","2002","2002","t","1180000","A","Official value",""
"QCL","Crops and livestock products","356","India","5312","Area harvested","01318","Pineapples","2003","2003","ha","90000","A","Official value",""
"QCL","Crops and livestock products","356","India","5412","Yield","01318","Pineapples","2003","2003","kg/ha","14555.6","A","Official value",""
"QCL","Crops and livestock products","356","India","5510","Production","01318","Pineapples","2003","2003","t","1310000","A","Official value",""
"QCL","Crops and livestock products","356","India","5312","Area harvested","01318","Pineapples","2004","2004","ha","80900","A","Official value",""
"QCL","Crops and livestock products","356","India","5412","Yield","01318","Pineapples","2004","2004","kg/ha","15255.9","A","Official value",""
"QCL","Crops and livestock products","356","India","5510","Production","01318","Pineapples","2004","2004","t","1234200","A","Official value",""
"QCL","Crops and livestock products","356","India","5312","Area harvested","01318","Pineapples","2005","2005","ha","82800","A","Official value",""
"QCL","Crops and livestock products","356","India","5412","Yield","01318","Pineapples","2005","2005","kg/ha","15445.7","A","Official value",""
"QCL","Crops and livestock products","356","India","5510","Production","01318","Pineapples","2005","2005","t","1278900","A","Official value",""
"QCL","Crops and livestock products","356","India","5312","Area harvested","01318","Pineapples","2006","2006","ha","82400","A","Official value",""
"QCL","Crops and livestock products","356","India","5412","Yield","01318","Pineapples","2006","2006","kg/ha","15322.8","A","Official value",""
"QCL","Crops and livestock products","356","India","5510","Production","01318","Pineapples","2006","2006","t","1262600","A","Official value",""
"QCL","Crops and livestock products","356","India","5312","Area harvested","01318","Pineapples","2007","2007","ha","87000","A","Official value",""
"QCL","Crops and livestock products","356","India","5412","Yield","01318","Pineapples","2007","2007","kg/ha","15655.2","A","Official value",""
"QCL","Crops and livestock products","356","India","5510","Production","01318","Pineapples","2007","2007","t","1362000","A","Official value",""
"QCL","Crops and livestock products","356","India","5312","Area harvested","01318","Pineapples","2010","2010","ha","91900","A","Official value",""
"QCL","Crops and livestock products","356","India","5412","Yield","01318","Pineapples","2010","2010","kg/ha","15090.3","A","Official value",""
"QCL","Crops and livestock products","356","India","5510","Production","01318","Pineapples","2010","2010","t","1386800","A","Official value",""
"QCL","Crops and livestock products","356","India","5312","Area harvested","01318","Pineapples","2011","2011","ha","89000","A","Official value",""
"QCL","Crops and livestock products","356","India","5412","Yield","01318","Pineapples","2011","2011","kg/ha","15898.9","A","Official value",""
"QCL","Crops and livestock products","356","India","5510","Production","01318","Pineapples","2011","2011","t","1415000","A","Official value",""
"QCL","Crops and livestock products","356","India","5312","Area harvested","01318","Pineapples","2012","2012","ha","102000","A","Official value",""
"QCL","Crops and livestock products","356","India","5412","Yield","01318","Pineapples","2012","2012","kg/ha","14705.9","A","Official value",""
"QCL","Crops and livestock products","356","India","5510","Production","01318","Pineapples","2012","2012","t","1500000","A","Official value",""
"QCL","Crops and livestock products","356","India","5312","Area harvested","01318","Pineapples","2013","2013","ha","105000","A","Official value",""
"QCL","Crops and livestock products","356","India","5412","Yield","01318","Pineapples","2013","2013","kg/ha","14961.9","A","Official value",""
"QCL","Crops and livestock products","356","India","5510","Production","01318","Pineapples","2013","2013","t","1571000","A","Official value",""
"QCL","Crops and livestock products","356","India","5312","Area harvested","01318","Pineapples","2014","2014","ha","109880","A","Official value",""
"QCL","Crops and livestock products","356","India","5412","Yield","01318","Pineapples","2014","2014","kg/ha","15805.8","A","Official value",""
"QCL","Crops and livestock products","356","India","5510","Production","01318","Pineapples","2014","2014","t","1736740","A","Official value",""
"QCL","Crops and livestock products","356","India","5312","Area harvested","01318","Pineapples","2015","2015","ha","116000","A","Official value",""
"QCL","Crops and livestock products","356","India","5412","Yield","01318","Pineapples","2015","2015","kg/ha","17103.4","A","Official value",""
"QCL","Crops and livestock products","356","India","5510","Production","01318","Pineapples","2015","2015","t","1984000","A","Official value",""
"QCL","Crops and livestock products","356","India","5312","Area harvested","01318","Pineapples","2016","2016","ha","110000","A","Official value",""
"QCL","Crops and livestock products","356","India","5412","Yield","01318","Pineapples","2016","2016","kg/ha","17490.9","A","Official value",""
"QCL","Crops and livestock products","356","India","5510","Production","01318","Pineapples","2016","2016","t","1924000","A","Official value",""
"QCL","Crops and livestock products","356","India","5312","Area harvested","01318","Pineapples","2017","2017","ha","111000","A","Official value",""
"QCL","Crops and livestock products","356","India","5412","Yield","01318","Pineapples","2017","2017","kg/ha","16765.8","A","Official value",""
"QCL","Crops and livestock products","356","India","5510","Production","01318","Pineapples","2017","2017","t","1861000","A","Official value",""
"QCL","Crops and livestock products","356","India","5312","Area harvested","01318","Pineapples","2018","2018","ha","103000","A","Official value",""
"QCL","Crops and livestock products","356","India","5412","Yield","01318","Pineapples","2018","2018","kg/ha","16563.1","A","Official value",""
"QCL","Crops and livestock products","356","India","5510","Production","01318","Pineapples","2018","2018","t","1706000","A","Official value",""
"QCL","Crops and livestock products","356","India","5312","Area harvested","01318","Pineapples","2019","2019","ha","104000","A","Official value",""
"QCL","Crops and livestock products","356","India","5412","Yield","01318","Pineapples","2019","2019","kg/ha","16451.9","A","Official value",""
"QCL","Crops and livestock products","356","India","5510","Production","01318","Pineapples","2019","2019","t","1711000","A","Official value",""
"QCL","Crops and livestock products","356","India","5312","Area harvested","01318","Pineapples","2020","2020","ha","106000","A","Official value",""
"QCL","Crops and livestock products","356","India","5412","Yield","01318","Pineapples","2020","2020","kg/ha","16339.6","A","Official value",""
"QCL","Crops and livestock products","356","India","5510","Production","01318","Pineapples","2020","2020","t","1732000","A","Official value",""
"QCL","Crops and livestock products","356","India","5312","Area harvested","01318","Pineapples","2021","2021","ha","106000","A","Official value",""
"QCL","Crops and livestock products","356","India","5412","Yield","01318","Pineapples","2021","2021","kg/ha","16971.7","A","Official value",""
"QCL","Crops and livestock products","356","India","5510","Production","01318","Pineapples","2021","2021","t","1799000","A","Official value",""
"QCL","Crops and livestock products","356","India","5312","Area harvested","01318","Pineapples","2022","2022","ha","108000","A","Official value",""
"QCL","Crops and livestock products","356","India","5412","Yield","01318","Pineapples","2022","2022","kg/ha","17138.9","A","Official value",""
"QCL","Crops and livestock products","356","India","5510","Production","01318","Pineapples","2022","2022","t","1851000","A","Official value",""
"QCL","Crops and livestock products","356","India","5312","Area harvested","01318","Pineapples","2023","2023","ha","108000","A","Official value",""
"QCL","Crops and livestock products","356","India","5412","Yield","01318","Pineapples","2023","2023","kg/ha","16925.9","A","Official value",""
"QCL","Crops and livestock products","356","India","5510","Production","01318","Pineapples","2023","2023","t","1828000","A","Official value",""
"QCL","Crops and livestock products","356","India","5312","Area harvested","01346","Plums and sloes","2000","2000","ha","24477","I","Value imputed by a receiving agency",""
"QCL","Crops and livestock products","356","India","5412","Yield","01346","Plums and sloes","2000","2000","kg/ha","3186.7","E","Estimated value",""
"QCL","Crops and livestock products","356","India","5510","Production","01346","Plums and sloes","2000","2000","t","78000","X","Value from external organization","Unofficial figure"
"QCL","Crops and livestock products","356","India","5312","Area harvested","01346","Plums and sloes","2001","2001","ha","21446","I","Value imputed by a receiving agency",""
"QCL","Crops and livestock products","356","India","5412","Yield","01346","Plums and sloes","2001","2001","kg/ha","3102.5","E","Estimated value",""
"QCL","Crops and livestock products","356","India","5510","Production","01346","Plums and sloes","2001","2001","t","66537.13","I","Value imputed by a receiving agency",""
"QCL","Crops and livestock products","356","India","5312","Area harvested","01346","Plums and sloes","2002","2002","ha","21361","I","Value imputed by a receiving agency",""
"QCL","Crops and livestock products","356","India","5412","Yield","01346","Plums and sloes","2002","2002","kg/ha","3069.7","E","Estimated value",""
"QCL","Crops and livestock products","356","India","5510","Production","01346","Plums and sloes","2002","2002","t","65570.64","I","Value imputed by a receiving agency",""
"QCL","Crops and livestock products","356","India","5312","Area harvested","01346","Plums and sloes","2003","2003","ha","21263","I","Value imputed by a receiving agency",""
"QCL","Crops and livestock products","356","India","5412","Yield","01346","Plums and sloes","2003","2003","kg/ha","3035.8","E","Estimated value",""
"QCL","Crops and livestock products","356","India","5510","Production","01346","Plums and sloes","2003","2003","t","64550.77","I","Value imputed by a receiving agency",""
"QCL","Crops and livestock products","356","India","5312","Area harvested","01346","Plums and sloes","2004","2004","ha","21156","I","Value imputed by a receiving agency",""
"QCL","Crops and livestock products","356","India","5412","Yield","01346","Plums and sloes","2004","2004","kg/ha","3000.7","E","Estimated value",""
"QCL","Crops and livestock products","356","India","5510","Production","01346","Plums and sloes","2004","2004","t","63483.74","I","Value imputed by a receiving agency",""
"QCL","Crops and livestock products","356","India","5312","Area harvested","01346","Plums and sloes","2005","2005","ha","20876","I","Value imputed by a receiving agency",""
"QCL","Crops and livestock products","356","India","5412","Yield","01346","Plums and sloes","2005","2005","kg/ha","2964.4","E","Estimated value",""
"QCL","Crops and livestock products","356","India","5510","Production","01346","Plums and sloes","2005","2005","t","61884.12","I","Value imputed by a receiving agency",""
"QCL","Crops and livestock products","356","India","5312","Area harvested","01346","Plums and sloes","2006","2006","ha","20720","I","Value imputed by a receiving agency",""
"QCL","Crops and livestock products","356","India","5412","Yield","01346","Plums and sloes","2006","2006","kg/ha","2926.9","E","Estimated value",""
"QCL","Crops and livestock products","356","India","5510","Production","01346","Plums and sloes","2006","2006","t","60644.9","I","Value imputed by a receiving agency",""
"QCL","Crops and livestock products","356","India","5312","Area harvested","01346","Plums and sloes","2007","2007","ha","20559","I","Value imputed by a receiving agency",""
"QCL","Crops and livestock products","356","India","5412","Yield","01346","Plums and sloes","2007","2007","kg/ha","2888.2","E","Estimated value",""
"QCL","Crops and livestock products","356","India","5510","Production","01346","Plums and sloes","2007","2007","t","59378.52","I","Value imputed by a receiving agency",""
"QCL","Crops and livestock products","356","India","5312","Area harvested","01346","Plums and sloes","2010","2010","ha","20060","I","Value imputed by a receiving agency",""
"QCL","Crops and livestock products","356","India","5412","Yield","01346","Plums and sloes","2010","2010","kg/ha","2764.7","E","Estimated value",""
"QCL","Crops and livestock products","356","India","5510","Production","01346","Plums and sloes","2010","2010","t","55460.03","I","Value imputed by a receiving agency",""
"QCL","Crops and livestock products","356","India","5312","Area harvested","01346","Plums and sloes","2011","2011","ha","14000","A","Official value",""
"QCL","Crops and livestock products","356","India","5412","Yield","01346","Plums and sloes","2011","2011","kg/ha","2285.7","A","Official value",""
"QCL","Crops and livestock products","356","India","5510","Production","01346","Plums and sloes","2011","2011","t","32000","A","Official value",""
"QCL","Crops and livestock products","356","India","5312","Area harvested","01346","Plums and sloes","2012","2012","ha","26000","A","Official value",""
"QCL","Crops and livestock products","356","India","5412","Yield","01346","Plums and sloes","2012","2012","kg/ha","2769.2","A","Official value",""
"QCL","Crops and livestock products","356","India","5510","Production","01346","Plums and sloes","2012","2012","t","72000","A","Official value",""
"QCL","Crops and livestock products","356","India","5312","Area harvested","01346","Plums and sloes","2013","2013","ha","24000","A","Official value",""
"QCL","Crops and livestock products","356","India","5412","Yield","01346","Plums and sloes","2013","2013","kg/ha","3083.3","A","Official value",""
"QCL","Crops and livestock products","356","India","5510","Production","01346","Plums and sloes","2013","2013","t","74000","A","Official value",""
"QCL","Crops and livestock products","356","India","5312","Area harvested","01346","Plums and sloes","2014","2014","ha","23000","A","Official value",""
"QCL","Crops and livestock products","356","India","5412","Yield","01346","Plums and sloes","2014","2014","kg/ha","3304.3","A","Official value",""
"QCL","Crops and livestock products","356","India","5510","Production","01346","Plums and sloes","2014","2014","t","76000","A","Official value",""
"QCL","Crops and livestock products","356","India","5312","Area harvested","01346","Plums and sloes","2015","2015","ha","23000","A","Official value",""
"QCL","Crops and livestock products","356","India","5412","Yield","01346","Plums and sloes","2015","2015","kg/ha","3130.4","A","Official value",""
"QCL","Crops and livestock products","356","India","5510","Production","01346","Plums and sloes","2015","2015","t","72000","A","Official value",""
"QCL","Crops and livestock products","356","India","5312","Area harvested","01346","Plums and sloes","2016","2016","ha","22395","A","Official value",""
"QCL","Crops and livestock products","356","India","5412","Yield","01346","Plums and sloes","2016","2016","kg/ha","3666.5","A","Official value",""
"QCL","Crops and livestock products","356","India","5510","Production","01346","Plums and sloes","2016","2016","t","82112","A","Official value",""
"QCL","Crops and livestock products","356","India","5312","Area harvested","01346","Plums and sloes","2017","2017","ha","23538","A","Official value",""
"QCL","Crops and livestock products","356","India","5412","Yield","01346","Plums and sloes","2017","2017","kg/ha","3441.2","A","Official value",""
"QCL","Crops and livestock products","356","India","5510","Production","01346","Plums and sloes","2017","2017","t","80999","A","Official value",""
"QCL","Crops and livestock products","356","India","5312","Area harvested","01346","Plums and sloes","2018","2018","ha","23434","A","Official value",""
"QCL","Crops and livestock products","356","India","5412","Yield","01346","Plums and sloes","2018","2018","kg/ha","3805.4","A","Official value",""
"QCL","Crops and livestock products","356","India","5510","Production","01346","Plums and sloes","2018","2018","t","89175.08","A","Official value",""
"QCL","Crops and livestock products","356","India","5312","Area harvested","01346","Plums and sloes","2019","2019","ha","23403","A","Official value",""
"QCL","Crops and livestock products","356","India","5412","Yield","01346","Plums and sloes","2019","2019","kg/ha","3645.2","A","Official value",""
"QCL","Crops and livestock products","356","India","5510","Production","01346","Plums and sloes","2019","2019","t","85309","A","Official value",""
"QCL","Crops and livestock products","356","India","5312","Area harvested","01346","Plums and sloes","2020","2020","ha","23421","A","Official value",""
"QCL","Crops and livestock products","356","India","5412","Yield","01346","Plums and sloes","2020","2020","kg/ha","3753.1","A","Official value",""
"QCL","Crops and livestock products","356","India","5510","Production","01346","Plums and sloes","2020","2020","t","87901.5","A","Official value",""
"QCL","Crops and livestock products","356","India","5312","Area harvested","01346","Plums and sloes","2021","2021","ha","23511","A","Official value",""
"QCL","Crops and livestock products","356","India","5412","Yield","01346","Plums and sloes","2021","2021","kg/ha","3592.1","A","Official value",""
"QCL","Crops and livestock products","356","India","5510","Production","01346","Plums and sloes","2021","2021","t","84452.53","A","Official value",""
"QCL","Crops and livestock products","356","India","5312","Area harvested","01346","Plums and sloes","2022","2022","ha","23868","A","Official value",""
"QCL","Crops and livestock products","356","India","5412","Yield","01346","Plums and sloes","2022","2022","kg/ha","3620.6","A","Official value",""
"QCL","Crops and livestock products","356","India","5510","Production","01346","Plums and sloes","2022","2022","t","86417","A","Official value",""
"QCL","Crops and livestock products","356","India","5312","Area harvested","01346","Plums and sloes","2023","2023","ha","17782","A","Official value",""
"QCL","Crops and livestock products","356","India","5412","Yield","01346","Plums and sloes","2023","2023","kg/ha","3661.6","A","Official value",""
"QCL","Crops and livestock products","356","India","5510","Production","01346","Plums and sloes","2023","2023","t","65111","A","Official value",""
"QCL","Crops and livestock products","356","India","5312","Area harvested","01321","Pomelos and grapefruits","2000","2000","ha","6379","I","Value imputed by a receiving agency",""
"QCL","Crops and livestock products","356","India","5412","Yield","01321","Pomelos and grapefruits","2000","2000","kg/ha","20378.3","E","Estimated value",""
"QCL","Crops and livestock products","356","India","5510","Production","01321","Pomelos and grapefruits","2000","2000","t","130000","X","Value from external organization","Unofficial figure"
"QCL","Crops and livestock products","356","India","5312","Area harvested","01321","Pomelos and grapefruits","2001","2001","ha","6215","I","Value imputed by a receiving agency",""
"QCL","Crops and livestock products","356","India","5412","Yield","01321","Pomelos and grapefruits","2001","2001","kg/ha","20918.3","E","Estimated value",""
"QCL","Crops and livestock products","356","India","5510","Production","01321","Pomelos and grapefruits","2001","2001","t","130000","X","Value from external organization","Unofficial figure"
"QCL","Crops and livestock products","356","India","5312","Area harvested","01321","Pomelos and grapefruits","2002","2002","ha","6500","E","Estimated value",""
"QCL","Crops and livestock products","356","India","5412","Yield","01321","Pomelos and grapefruits","2002","2002","kg/ha","21538.5","E","Estimated value",""
"QCL","Crops and livestock products","356","India","5510","Production","01321","Pomelos and grapefruits","2002","2002","t","140000","X","Value from external organization","Unofficial figure"
"QCL","Crops and livestock products","356","India","5312","Area harvested","01321","Pomelos and grapefruits","2003","2003","ha","6539","I","Value imputed by a receiving agency",""
"QCL","Crops and livestock products","356","India","5412","Yield","01321","Pomelos and grapefruits","2003","2003","kg/ha","21716.9","E","Estimated value",""
"QCL","Crops and livestock products","356","India","5510","Production","01321","Pomelos and grapefruits","2003","2003","t","142000","X","Value from external organization","Unofficial figure"
"QCL","Crops and livestock products","356","India","5312","Area harvested","01321","Pomelos and grapefruits","2004","2004","ha","6600","E","Estimated value",""
"QCL","Crops and livestock products","356","India","5412","Yield","01321","Pomelos and grapefruits","2004","2004","kg/ha","21969.7","E","Estimated value",""
"QCL","Crops and livestock products","356","India","5510","Production","01321","Pomelos and grapefruits","2004","2004","t","145000","X","Value from external organization","Unofficial figure"
"QCL","Crops and livestock products","356","India","5312","Area harvested","01321","Pomelos and grapefruits","2005","2005","ha","6700","E","Estimated value",""
"QCL","Crops and livestock products","356","India","5412","Yield","01321","Pomelos and grapefruits","2005","2005","kg/ha","22089.6","E","Estimated value",""
"QCL","Crops and livestock products","356","India","5510","Production","01321","Pomelos and grapefruits","2005","2005","t","148000","X","Value from external organization","Unofficial figure"
"QCL","Crops and livestock products","356","India","5312","Area harvested","01321","Pomelos and grapefruits","2006","2006","ha","7200","E","Estimated value",""
"QCL","Crops and livestock products","356","India","5412","Yield","01321","Pomelos and grapefruits","2006","2006","kg/ha","21944.4","E","Estimated value",""
"QCL","Crops and livestock products","356","India","5510","Production","01321","Pomelos and grapefruits","2006","2006","t","158000","X","Value from external organization","Unofficial figure"
"QCL","Crops and livestock products","356","India","5312","Area harvested","01321","Pomelos and grapefruits","2007","2007","ha","8100","E","Estimated value",""
"QCL","Crops and livestock products","356","India","5412","Yield","01321","Pomelos and grapefruits","2007","2007","kg/ha","21975.3","E","Estimated value",""
"QCL","Crops and livestock products","356","India","5510","Production","01321","Pomelos and grapefruits","2007","2007","t","178000","X","Value from external organization","Unofficial figure"
"QCL","Crops and livestock products","356","India","5312","Area harvested","01321","Pomelos and grapefruits","2010","2010","ha","10994","I","Value imputed by a receiving agency",""
"QCL","Crops and livestock products","356","India","5412","Yield","01321","Pomelos and grapefruits","2010","2010","kg/ha","23703.8","E","Estimated value",""
"QCL","Crops and livestock products","356","India","5510","Production","01321","Pomelos and grapefruits","2010","2010","t","260600","X","Value from external organization","Unofficial figure"
"QCL","Crops and livestock products","356","India","5312","Area harvested","01321","Pomelos and grapefruits","2011","2011","ha","8300","I","Value imputed by a receiving agency",""
"QCL","Crops and livestock products","356","India","5412","Yield","01321","Pomelos and grapefruits","2011","2011","kg/ha","23614.3","E","Estimated value",""
"QCL","Crops and livestock products","356","India","5510","Production","01321","Pomelos and grapefruits","2011","2011","t","196000","X","Value from external organization","Unofficial figure"
"QCL","Crops and livestock products","356","India","5312","Area harvested","01321","Pomelos and grapefruits","2012","2012","ha","13731","I","Value imputed by a receiving agency",""
"QCL","Crops and livestock products","356","India","5412","Yield","01321","Pomelos and grapefruits","2012","2012","kg/ha","23486.4","E","Estimated value",""
"QCL","Crops and livestock products","356","India","5510","Production","01321","Pomelos and grapefruits","2012","2012","t","322500","X","Value from external organization","Unofficial figure"
"QCL","Crops and livestock products","356","India","5312","Area harvested","01321","Pomelos and grapefruits","2013","2013","ha","12203","I","Value imputed by a receiving agency",""
"QCL","Crops and livestock products","356","India","5412","Yield","01321","Pomelos and grapefruits","2013","2013","kg/ha","23379","E","Estimated value",""
"QCL","Crops and livestock products","356","India","5510","Production","01321","Pomelos and grapefruits","2013","2013","t","285300","X","Value from external organization","Unofficial figure"
"QCL","Crops and livestock products","356","India","5312","Area harvested","01321","Pomelos and grapefruits","2014","2014","ha","10638","I","Value imputed by a receiving agency",""
"QCL","Crops and livestock products","356","India","5412","Yield","01321","Pomelos and grapefruits","2014","2014","kg/ha","23359.8","E","Estimated value",""
"QCL","Crops and livestock products","356","India","5510","Production","01321","Pomelos and grapefruits","2014","2014","t","248500","A","Official value",""
"QCL","Crops and livestock products","356","India","5312","Area harvested","01321","Pomelos and grapefruits","2015","2015","ha","11300","E","Estimated value",""
"QCL","Crops and livestock products","356","India","5412","Yield","01321","Pomelos and grapefruits","2015","2015","kg/ha","23053.1","E","Estimated value",""
"QCL","Crops and livestock products","356","India","5510","Production","01321","Pomelos and grapefruits","2015","2015","t","260500","A","Official value",""
"QCL","Crops and livestock products","356","India","5312","Area harvested","01321","Pomelos and grapefruits","2016","2016","ha","16271","E","Estimated value",""
"QCL","Crops and livestock products","356","India","5412","Yield","01321","Pomelos and grapefruits","2016","2016","kg/ha","23999.8","E","Estimated value",""
"QCL","Crops and livestock products","356","India","5510","Production","01321","Pomelos and grapefruits","2016","2016","t","390500","X","Value from external organization","Unofficial figure"
"QCL","Crops and livestock products","356","India","5312","Area harvested","01321","Pomelos and grapefruits","2017","2017","ha","","M","Missing value; data cannot exist",""
"QCL","Crops and livestock products","356","India","5510","Production","01321","Pomelos and grapefruits","2017","2017","t","","M","Missing value; data cannot exist",""
"QCL","Crops and livestock products","356","India","5312","Area harvested","01321","Pomelos and grapefruits","2018","2018","ha","","M","Missing value; data cannot exist",""
"QCL","Crops and livestock products","356","India","5510","Production","01321","Pomelos and grapefruits","2018","2018","t","","M","Missing value; data cannot exist",""
"QCL","Crops and livestock products","356","India","5312","Area harvested","01321","Pomelos and grapefruits","2019","2019","ha","","M","Missing value; data cannot exist",""
"QCL","Crops and livestock products","356","India","5510","Production","01321","Pomelos and grapefruits","2019","2019","t","","M","Missing value; data cannot exist",""
"QCL","Crops and livestock products","356","India","5312","Area harvested","01321","Pomelos and grapefruits","2020","2020","ha","","M","Missing value; data cannot exist",""
"QCL","Crops and livestock products","356","India","5510","Production","01321","Pomelos and grapefruits","2020","2020","t","","M","Missing value; data cannot exist",""
"QCL","Crops and livestock products","356","India","5312","Area harvested","01321","Pomelos and grapefruits","2021","2021","ha","","M","Missing value; data cannot exist",""
"QCL","Crops and livestock products","356","India","5510","Production","01321","Pomelos and grapefruits","2021","2021","t","","M","Missing value; data cannot exist",""
"QCL","Crops and livestock products","356","India","5312","Area harvested","01321","Pomelos and grapefruits","2022","2022","ha","","M","Missing value; data cannot exist",""
"QCL","Crops and livestock products","356","India","5510","Production","01321","Pomelos and grapefruits","2022","2022","t","","M","Missing value; data cannot exist",""
"QCL","Crops and livestock products","356","India","5312","Area harvested","01321","Pomelos and grapefruits","2023","2023","ha","","M","Missing value; data cannot exist",""
"QCL","Crops and livestock products","356","India","5510","Production","01321","Pomelos and grapefruits","2023","2023","t","","M","Missing value; data cannot exist",""
"QCL","Crops and livestock products","356","India","5510","Production","01448","Poppy seed","2000","2000","t","","M","Missing value; data cannot exist",""
"QCL","Crops and livestock products","356","India","5510","Production","01448","Poppy seed","2001","2001","t","","M","Missing value; data cannot exist",""
"QCL","Crops and livestock products","356","India","5510","Production","01448","Poppy seed","2002","2002","t","","M","Missing value; data cannot exist",""
"QCL","Crops and livestock products","356","India","5510","Production","01448","Poppy seed","2003","2003","t","","M","Missing value; data cannot exist",""
"QCL","Crops and livestock products","356","India","5510","Production","01448","Poppy seed","2004","2004","t","","M","Missing value; data cannot exist",""
"QCL","Crops and livestock products","356","India","5510","Production","01448","Poppy seed","2005","2005","t","","M","Missing value; data cannot exist",""
"QCL","Crops and livestock products","356","India","5510","Production","01448","Poppy seed","2006","2006","t","","M","Missing value; data cannot exist",""
"QCL","Crops and livestock products","356","India","5510","Production","01448","Poppy seed","2007","2007","t","","M","Missing value; data cannot exist",""
"QCL","Crops and livestock products","356","India","5510","Production","01448","Poppy seed","2010","2010","t","","M","Missing value; data cannot exist",""
"QCL","Crops and livestock products","356","India","5510","Production","01448","Poppy seed","2011","2011","t","","M","Missing value; data cannot exist",""
"QCL","Crops and livestock products","356","India","5510","Production","01448","Poppy seed","2012","2012","t","","M","Missing value; data cannot exist",""
"QCL","Crops and livestock products","356","India","5510","Production","01448","Poppy seed","2013","2013","t","","M","Missing value; data cannot exist",""
"QCL","Crops and livestock products","356","India","5510","Production","01448","Poppy seed","2014","2014","t","","M","Missing value; data cannot exist",""
"QCL","Crops and livestock products","356","India","5510","Production","01448","Poppy seed","2015","2015","t","","M","Missing value; data cannot exist",""
"QCL","Crops and livestock products","356","India","5510","Production","01448","Poppy seed","2016","2016","t","","M","Missing value; data cannot exist",""
"QCL","Crops and livestock products","356","India","5510","Production","01448","Poppy seed","2017","2017","t","","M","Missing value; data cannot exist",""
"QCL","Crops and livestock products","356","India","5510","Production","01448","Poppy seed","2018","2018","t","","M","Missing value; data cannot exist",""
"QCL","Crops and livestock products","356","India","5510","Production","01448","Poppy seed","2019","2019","t","","M","Missing value; data cannot exist",""
"QCL","Crops and livestock products","356","India","5510","Production","01448","Poppy seed","2020","2020","t","","M","Missing value; data cannot exist",""
"QCL","Crops and livestock products","356","India","5510","Production","01448","Poppy seed","2021","2021","t","","M","Missing value; data cannot exist",""
"QCL","Crops and livestock products","356","India","5510","Production","01448","Poppy seed","2022","2022","t","","M","Missing value; data cannot exist",""
"QCL","Crops and livestock products","356","India","5510","Production","01448","Poppy seed","2023","2023","t","","M","Missing value; data cannot exist",""
"QCL","Crops and livestock products","356","India","5312","Area harvested","01510","Potatoes","2000","2000","ha","1340900","A","Official value",""
"QCL","Crops and livestock products","356","India","5412","Yield","01510","Potatoes","2000","2000","kg/ha","18644.3","A","Official value",""
"QCL","Crops and livestock products","356","India","5510","Production","01510","Potatoes","2000","2000","t","25000100","A","Official value",""
"QCL","Crops and livestock products","356","India","5312","Area harvested","01510","Potatoes","2001","2001","ha","1211300","A","Official value",""
"QCL","Crops and livestock products","356","India","5412","Yield","01510","Potatoes","2001","2001","kg/ha","18362.7","A","Official value",""
"QCL","Crops and livestock products","356","India","5510","Production","01510","Potatoes","2001","2001","t","22242700","A","Official value",""
"QCL","Crops and livestock products","356","India","5312","Area harvested","01510","Potatoes","2002","2002","ha","1259500","A","Official value",""
"QCL","Crops and livestock products","356","India","5412","Yield","01510","Potatoes","2002","2002","kg/ha","19417.3","A","Official value",""
"QCL","Crops and livestock products","356","India","5510","Production","01510","Potatoes","2002","2002","t","24456100","A","Official value",""
"QCL","Crops and livestock products","356","India","5312","Area harvested","01510","Potatoes","2003","2003","ha","1337200","A","Official value",""
"QCL","Crops and livestock products","356","India","5412","Yield","01510","Potatoes","2003","2003","kg/ha","17320.8","A","Official value",""
"QCL","Crops and livestock products","356","India","5510","Production","01510","Potatoes","2003","2003","t","23161400","A","Official value",""
"QCL","Crops and livestock products","356","India","5312","Area harvested","01510","Potatoes","2004","2004","ha","1484700","A","Official value",""
"QCL","Crops and livestock products","356","India","5412","Yield","01510","Potatoes","2004","2004","kg/ha","18809.1","A","Official value",""
"QCL","Crops and livestock products","356","India","5510","Production","01510","Potatoes","2004","2004","t","27925800","A","Official value",""
"QCL","Crops and livestock products","356","India","5312","Area harvested","01510","Potatoes","2005","2005","ha","1523900","A","Official value",""
"QCL","Crops and livestock products","356","India","5412","Yield","01510","Potatoes","2005","2005","kg/ha","18890.8","A","Official value",""
"QCL","Crops and livestock products","356","India","5510","Production","01510","Potatoes","2005","2005","t","28787700","A","Official value",""
"QCL","Crops and livestock products","356","India","5312","Area harvested","01510","Potatoes","2006","2006","ha","1569200","A","Official value",""
"QCL","Crops and livestock products","356","India","5412","Yield","01510","Potatoes","2006","2006","kg/ha","18592","A","Official value",""
"QCL","Crops and livestock products","356","India","5510","Production","01510","Potatoes","2006","2006","t","29174600","A","Official value",""
"QCL","Crops and livestock products","356","India","5312","Area harvested","01510","Potatoes","2007","2007","ha","1742800","A","Official value",""
"QCL","Crops and livestock products","356","India","5412","Yield","01510","Potatoes","2007","2007","kg/ha","16410.1","A","Official value",""
"QCL","Crops and livestock products","356","India","5510","Production","01510","Potatoes","2007","2007","t","28599600","A","Official value",""
"QCL","Crops and livestock products","356","India","5312","Area harvested","01510","Potatoes","2010","2010","ha","1835300","A","Official value",""
"QCL","Crops and livestock products","356","India","5412","Yield","01510","Potatoes","2010","2010","kg/ha","19929.9","A","Official value",""
"QCL","Crops and livestock products","356","India","5510","Production","01510","Potatoes","2010","2010","t","36577300","A","Official value",""
"QCL","Crops and livestock products","356","India","5312","Area harvested","01510","Potatoes","2011","2011","ha","1863200","A","Official value",""
"QCL","Crops and livestock products","356","India","5412","Yield","01510","Potatoes","2011","2011","kg/ha","22724","A","Official value",""
"QCL","Crops and livestock products","356","India","5510","Production","01510","Potatoes","2011","2011","t","42339400","A","Official value",""
"QCL","Crops and livestock products","356","India","5312","Area harvested","01510","Potatoes","2012","2012","ha","1907000","A","Official value",""
"QCL","Crops and livestock products","356","India","5412","Yield","01510","Potatoes","2012","2012","kg/ha","21753","A","Official value",""
"QCL","Crops and livestock products","356","India","5510","Production","01510","Potatoes","2012","2012","t","41483000","A","Official value",""
"QCL","Crops and livestock products","356","India","5312","Area harvested","01510","Potatoes","2013","2013","ha","1992200","A","Official value",""
"QCL","Crops and livestock products","356","India","5412","Yield","01510","Potatoes","2013","2013","kg/ha","22760.6","A","Official value",""
"QCL","Crops and livestock products","356","India","5510","Production","01510","Potatoes","2013","2013","t","45343600","A","Official value",""
"QCL","Crops and livestock products","356","India","5312","Area harvested","01510","Potatoes","2014","2014","ha","2024000","A","Official value",""
"QCL","Crops and livestock products","356","India","5412","Yield","01510","Potatoes","2014","2014","kg/ha","22922.4","A","Official value",""
"QCL","Crops and livestock products","356","India","5510","Production","01510","Potatoes","2014","2014","t","46395000","A","Official value",""
"QCL","Crops and livestock products","356","India","5312","Area harvested","01510","Potatoes","2015","2015","ha","2076000","A","Official value",""
"QCL","Crops and livestock products","356","India","5412","Yield","01510","Potatoes","2015","2015","kg/ha","23125.7","A","Official value",""
"QCL","Crops and livestock products","356","India","5510","Production","01510","Potatoes","2015","2015","t","48009000","A","Official value",""
"QCL","Crops and livestock products","356","India","5312","Area harvested","01510","Potatoes","2016","2016","ha","2117000","A","Official value",""
"QCL","Crops and livestock products","356","India","5412","Yield","01510","Potatoes","2016","2016","kg/ha","20508.7","A","Official value",""
"QCL","Crops and livestock products","356","India","5510","Production","01510","Potatoes","2016","2016","t","43417000","A","Official value",""
"QCL","Crops and livestock products","356","India","5312","Area harvested","01510","Potatoes","2017","2017","ha","2179000","A","Official value",""
"QCL","Crops and livestock products","356","India","5412","Yield","01510","Potatoes","2017","2017","kg/ha","22306.1","A","Official value",""
"QCL","Crops and livestock products","356","India","5510","Production","01510","Potatoes","2017","2017","t","48605000","A","Official value",""
"QCL","Crops and livestock products","356","India","5312","Area harvested","01510","Potatoes","2018","2018","ha","2142000","A","Official value",""
"QCL","Crops and livestock products","356","India","5412","Yield","01510","Potatoes","2018","2018","kg/ha","23954.2","A","Official value",""
"QCL","Crops and livestock products","356","India","5510","Production","01510","Potatoes","2018","2018","t","51310000","A","Official value",""
"QCL","Crops and livestock products","356","India","5312","Area harvested","01510","Potatoes","2019","2019","ha","2173000","A","Official value",""
"QCL","Crops and livestock products","356","India","5412","Yield","01510","Potatoes","2019","2019","kg/ha","23097.1","A","Official value",""
"QCL","Crops and livestock products","356","India","5510","Production","01510","Potatoes","2019","2019","t","50190000","A","Official value",""
"QCL","Crops and livestock products","356","India","5312","Area harvested","01510","Potatoes","2020","2020","ha","2051000","A","Official value",""
"QCL","Crops and livestock products","356","India","5412","Yield","01510","Potatoes","2020","2020","kg/ha","23677.2","A","Official value",""
"QCL","Crops and livestock products","356","India","5510","Production","01510","Potatoes","2020","2020","t","48562000","A","Official value",""
"QCL","Crops and livestock products","356","India","5312","Area harvested","01510","Potatoes","2021","2021","ha","2248000","A","Official value",""
"QCL","Crops and livestock products","356","India","5412","Yield","01510","Potatoes","2021","2021","kg/ha","24123.7","A","Official value",""
"QCL","Crops and livestock products","356","India","5510","Production","01510","Potatoes","2021","2021","t","54230000","A","Official value",""
"QCL","Crops and livestock products","356","India","5312","Area harvested","01510","Potatoes","2022","2022","ha","2226000","A","Official value",""
"QCL","Crops and livestock products","356","India","5412","Yield","01510","Potatoes","2022","2022","kg/ha","25236.3","A","Official value",""
"QCL","Crops and livestock products","356","India","5510","Production","01510","Potatoes","2022","2022","t","56176000","A","Official value",""
"QCL","Crops and livestock products","356","India","5312","Area harvested","01510","Potatoes","2023","2023","ha","2332000","A","Official value",""
"QCL","Crops and livestock products","356","India","5412","Yield","01510","Potatoes","2023","2023","kg/ha","25789.9","A","Official value",""
"QCL","Crops and livestock products","356","India","5510","Production","01510","Potatoes","2023","2023","t","60142000","A","Official value",""
"QCL","Crops and livestock products","356","India","5312","Area harvested","01235","Pumpkins, squash and gourds","2000","2000","ha","229321","I","Value imputed by a receiving agency",""
"QCL","Crops and livestock products","356","India","5412","Yield","01235","Pumpkins, squash and gourds","2000","2000","kg/ha","11615.7","E","Estimated value",""
"QCL","Crops and livestock products","356","India","5510","Production","01235","Pumpkins, squash and gourds","2000","2000","t","2663721.42","I","Value imputed by a receiving agency",""
"QCL","Crops and livestock products","356","India","5312","Area harvested","01235","Pumpkins, squash and gourds","2001","2001","ha","224291","I","Value imputed by a receiving agency",""
"QCL","Crops and livestock products","356","India","5412","Yield","01235","Pumpkins, squash and gourds","2001","2001","kg/ha","11774.1","E","Estimated value",""
"QCL","Crops and livestock products","356","India","5510","Production","01235","Pumpkins, squash and gourds","2001","2001","t","2640815.37","I","Value imputed by a receiving agency",""
"QCL","Crops and livestock products","356","India","5312","Area harvested","01235","Pumpkins, squash and gourds","2002","2002","ha","216926","I","Value imputed by a receiving agency",""
"QCL","Crops and livestock products","356","India","5412","Yield","01235","Pumpkins, squash and gourds","2002","2002","kg/ha","12068.6","E","Estimated value",""
"QCL","Crops and livestock products","356","India","5510","Production","01235","Pumpkins, squash and gourds","2002","2002","t","2617981.14","I","Value imputed by a receiving agency",""
"QCL","Crops and livestock products","356","India","5312","Area harvested","01235","Pumpkins, squash and gourds","2003","2003","ha","209908","I","Value imputed by a receiving agency",""
"QCL","Crops and livestock products","356","India","5412","Yield","01235","Pumpkins, squash and gourds","2003","2003","kg/ha","12363.5","E","Estimated value",""
"QCL","Crops and livestock products","356","India","5510","Production","01235","Pumpkins, squash and gourds","2003","2003","t","2595209.57","I","Value imputed by a receiving agency",""
"QCL","Crops and livestock products","356","India","5312","Area harvested","01235","Pumpkins, squash and gourds","2004","2004","ha","203213","I","Value imputed by a receiving agency",""
"QCL","Crops and livestock products","356","India","5412","Yield","01235","Pumpkins, squash and gourds","2004","2004","kg/ha","12659","E","Estimated value",""
"QCL","Crops and livestock products","356","India","5510","Production","01235","Pumpkins, squash and gourds","2004","2004","t","2572475.89","I","Value imputed by a receiving agency",""
"QCL","Crops and livestock products","356","India","5312","Area harvested","01235","Pumpkins, squash and gourds","2005","2005","ha","196813","I","Value imputed by a receiving agency",""
"QCL","Crops and livestock products","356","India","5412","Yield","01235","Pumpkins, squash and gourds","2005","2005","kg/ha","12955","E","Estimated value",""
"QCL","Crops and livestock products","356","India","5510","Production","01235","Pumpkins, squash and gourds","2005","2005","t","2549709.91","I","Value imputed by a receiving agency",""
"QCL","Crops and livestock products","356","India","5312","Area harvested","01235","Pumpkins, squash and gourds","2006","2006","ha","190673","I","Value imputed by a receiving agency",""
"QCL","Crops and livestock products","356","India","5412","Yield","01235","Pumpkins, squash and gourds","2006","2006","kg/ha","13251.5","E","Estimated value",""
"QCL","Crops and livestock products","356","India","5510","Production","01235","Pumpkins, squash and gourds","2006","2006","t","2526709.6","I","Value imputed by a receiving agency",""
"QCL","Crops and livestock products","356","India","5312","Area harvested","01235","Pumpkins, squash and gourds","2007","2007","ha","184735","I","Value imputed by a receiving agency",""
"QCL","Crops and livestock products","356","India","5412","Yield","01235","Pumpkins, squash and gourds","2007","2007","kg/ha","13548.6","E","Estimated value",""
"QCL","Crops and livestock products","356","India","5510","Production","01235","Pumpkins, squash and gourds","2007","2007","t","2502892.29","I","Value imputed by a receiving agency",""
"QCL","Crops and livestock products","356","India","5312","Area harvested","01235","Pumpkins, squash and gourds","2010","2010","ha","165587","I","Value imputed by a receiving agency",""
"QCL","Crops and livestock products","356","India","5412","Yield","01235","Pumpkins, squash and gourds","2010","2010","kg/ha","14443","E","Estimated value",""
"QCL","Crops and livestock products","356","India","5510","Production","01235","Pumpkins, squash and gourds","2010","2010","t","2391577.04","I","Value imputed by a receiving agency",""
"QCL","Crops and livestock products","356","India","5312","Area harvested","01235","Pumpkins, squash and gourds","2011","2011","ha","148000","A","Official value",""
"QCL","Crops and livestock products","356","India","5412","Yield","01235","Pumpkins, squash and gourds","2011","2011","kg/ha","15175.7","A","Official value",""
"QCL","Crops and livestock products","356","India","5510","Production","01235","Pumpkins, squash and gourds","2011","2011","t","2246000","A","Official value",""
"QCL","Crops and livestock products","356","India","5312","Area harvested","01235","Pumpkins, squash and gourds","2012","2012","ha","193000","A","Official value",""
"QCL","Crops and livestock products","356","India","5412","Yield","01235","Pumpkins, squash and gourds","2012","2012","kg/ha","16207.3","A","Official value",""
"QCL","Crops and livestock products","356","India","5510","Production","01235","Pumpkins, squash and gourds","2012","2012","t","3128000","A","Official value",""
"QCL","Crops and livestock products","356","India","5312","Area harvested","01235","Pumpkins, squash and gourds","2013","2013","ha","213000","A","Official value",""
"QCL","Crops and livestock products","356","India","5412","Yield","01235","Pumpkins, squash and gourds","2013","2013","kg/ha","15976.5","A","Official value",""
"QCL","Crops and livestock products","356","India","5510","Production","01235","Pumpkins, squash and gourds","2013","2013","t","3403000","A","Official value",""
"QCL","Crops and livestock products","356","India","5312","Area harvested","01235","Pumpkins, squash and gourds","2014","2014","ha","215000","A","Official value",""
"QCL","Crops and livestock products","356","India","5412","Yield","01235","Pumpkins, squash and gourds","2014","2014","kg/ha","14934.9","A","Official value",""
"QCL","Crops and livestock products","356","India","5510","Production","01235","Pumpkins, squash and gourds","2014","2014","t","3211000","A","Official value",""
"QCL","Crops and livestock products","356","India","5312","Area harvested","01235","Pumpkins, squash and gourds","2015","2015","ha","251000","A","Official value",""
"QCL","Crops and livestock products","356","India","5412","Yield","01235","Pumpkins, squash and gourds","2015","2015","kg/ha","16195.2","A","Official value",""
"QCL","Crops and livestock products","356","India","5510","Production","01235","Pumpkins, squash and gourds","2015","2015","t","4065000","A","Official value",""
"QCL","Crops and livestock products","356","India","5312","Area harvested","01235","Pumpkins, squash and gourds","2016","2016","ha","328145","A","Official value",""
"QCL","Crops and livestock products","356","India","5412","Yield","01235","Pumpkins, squash and gourds","2016","2016","kg/ha","16080","A","Official value",""
"QCL","Crops and livestock products","356","India","5510","Production","01235","Pumpkins, squash and gourds","2016","2016","t","5276568.2","A","Official value",""
"QCL","Crops and livestock products","356","India","5312","Area harvested","01235","Pumpkins, squash and gourds","2017","2017","ha","339656","A","Official value",""
"QCL","Crops and livestock products","356","India","5412","Yield","01235","Pumpkins, squash and gourds","2017","2017","kg/ha","16165.8","A","Official value",""
"QCL","Crops and livestock products","356","India","5510","Production","01235","Pumpkins, squash and gourds","2017","2017","t","5490818.5","A","Official value",""
"QCL","Crops and livestock products","356","India","5312","Area harvested","01235","Pumpkins, squash and gourds","2018","2018","ha","352541","A","Official value",""
"QCL","Crops and livestock products","356","India","5412","Yield","01235","Pumpkins, squash and gourds","2018","2018","kg/ha","16576.3","A","Official value",""
"QCL","Crops and livestock products","356","India","5510","Production","01235","Pumpkins, squash and gourds","2018","2018","t","5843833.76","A","Official value",""
"QCL","Crops and livestock products","356","India","5312","Area harvested","01235","Pumpkins, squash and gourds","2019","2019","ha","435197","A","Official value",""
"QCL","Crops and livestock products","356","India","5412","Yield","01235","Pumpkins, squash and gourds","2019","2019","kg/ha","16121.9","A","Official value",""
"QCL","Crops and livestock products","356","India","5510","Production","01235","Pumpkins, squash and gourds","2019","2019","t","7016217.4","A","Official value",""
"QCL","Crops and livestock products","356","India","5312","Area harvested","01235","Pumpkins, squash and gourds","2020","2020","ha","459443","A","Official value",""
"QCL","Crops and livestock products","356","India","5412","Yield","01235","Pumpkins, squash and gourds","2020","2020","kg/ha","15912.9","A","Official value",""
"QCL","Crops and livestock products","356","India","5510","Production","01235","Pumpkins, squash and gourds","2020","2020","t","7311064.57","A","Official value",""
"QCL","Crops and livestock products","356","India","5312","Area harvested","01235","Pumpkins, squash and gourds","2021","2021","ha","469010","A","Official value",""
"QCL","Crops and livestock products","356","India","5412","Yield","01235","Pumpkins, squash and gourds","2021","2021","kg/ha","15845.1","A","Official value",""
"QCL","Crops and livestock products","356","India","5510","Production","01235","Pumpkins, squash and gourds","2021","2021","t","7431483.75","A","Official value",""
"QCL","Crops and livestock products","356","India","5312","Area harvested","01235","Pumpkins, squash and gourds","2022","2022","ha","496430","A","Official value",""
"QCL","Crops and livestock products","356","India","5412","Yield","01235","Pumpkins, squash and gourds","2022","2022","kg/ha","15536.8","A","Official value",""
"QCL","Crops and livestock products","356","India","5510","Production","01235","Pumpkins, squash and gourds","2022","2022","t","7712938","A","Official value",""
"QCL","Crops and livestock products","356","India","5312","Area harvested","01235","Pumpkins, squash and gourds","2023","2023","ha","491429","A","Official value",""
"QCL","Crops and livestock products","356","India","5412","Yield","01235","Pumpkins, squash and gourds","2023","2023","kg/ha","16220.6","A","Official value",""
"QCL","Crops and livestock products","356","India","5510","Production","01235","Pumpkins, squash and gourds","2023","2023","t","7971270","A","Official value",""
"QCL","Crops and livestock products","356","India","5312","Area harvested","01443","Rape or colza seed","2000","2000","ha","6026800","A","Official value",""
"QCL","Crops and livestock products","356","India","5412","Yield","01443","Rape or colza seed","2000","2000","kg/ha","960.4","A","Official value",""
"QCL","Crops and livestock products","356","India","5510","Production","01443","Rape or colza seed","2000","2000","t","5788400","A","Official value",""
"QCL","Crops and livestock products","356","India","5312","Area harvested","01443","Rape or colza seed","2001","2001","ha","4476700","A","Official value",""
"QCL","Crops and livestock products","356","India","5412","Yield","01443","Rape or colza seed","2001","2001","kg/ha","935.3","A","Official value",""
"QCL","Crops and livestock products","356","India","5510","Production","01443","Rape or colza seed","2001","2001","t","4187200","A","Official value",""
"QCL","Crops and livestock products","356","India","5312","Area harvested","01443","Rape or colza seed","2002","2002","ha","5073000","A","Official value",""
"QCL","Crops and livestock products","356","India","5412","Yield","01443","Rape or colza seed","2002","2002","kg/ha","1001.9","A","Official value",""
"QCL","Crops and livestock products","356","India","5510","Production","01443","Rape or colza seed","2002","2002","t","5082600","A","Official value",""
"QCL","Crops and livestock products","356","India","5312","Area harvested","01443","Rape or colza seed","2003","2003","ha","4544000","A","Official value",""
"QCL","Crops and livestock products","356","India","5412","Yield","01443","Rape or colza seed","2003","2003","kg/ha","853.8","A","Official value",""
"QCL","Crops and livestock products","356","India","5510","Production","01443","Rape or colza seed","2003","2003","t","3879800","A","Official value",""
"QCL","Crops and livestock products","356","India","5312","Area harvested","01443","Rape or colza seed","2004","2004","ha","5428100","A","Official value",""
"QCL","Crops and livestock products","356","India","5412","Yield","01443","Rape or colza seed","2004","2004","kg/ha","1159","A","Official value",""
"QCL","Crops and livestock products","356","India","5510","Production","01443","Rape or colza seed","2004","2004","t","6291400","A","Official value",""
"QCL","Crops and livestock products","356","India","5312","Area harvested","01443","Rape or colza seed","2005","2005","ha","7316400","A","Official value",""
"QCL","Crops and livestock products","356","India","5412","Yield","01443","Rape or colza seed","2005","2005","kg/ha","1037.8","A","Official value",""
"QCL","Crops and livestock products","356","India","5510","Production","01443","Rape or colza seed","2005","2005","t","7593100","A","Official value",""
"QCL","Crops and livestock products","356","India","5312","Area harvested","01443","Rape or colza seed","2006","2006","ha","7276500","A","Official value",""
"QCL","Crops and livestock products","356","India","5412","Yield","01443","Rape or colza seed","2006","2006","kg/ha","1117.5","A","Official value",""
"QCL","Crops and livestock products","356","India","5510","Production","01443","Rape or colza seed","2006","2006","t","8131200","A","Official value",""
"QCL","Crops and livestock products","356","India","5312","Area harvested","01443","Rape or colza seed","2007","2007","ha","6790000","A","Official value",""
"QCL","Crops and livestock products","356","India","5412","Yield","01443","Rape or colza seed","2007","2007","kg/ha","1095.4","A","Official value",""
"QCL","Crops and livestock products","356","India","5510","Production","01443","Rape or colza seed","2007","2007","t","7438000","A","Official value",""
"QCL","Crops and livestock products","356","India","5312","Area harvested","01443","Rape or colza seed","2010","2010","ha","5580000","A","Official value",""
"QCL","Crops and livestock products","356","India","5412","Yield","01443","Rape or colza seed","2010","2010","kg/ha","1184.2","A","Official value",""
"QCL","Crops and livestock products","356","India","5510","Production","01443","Rape or colza seed","2010","2010","t","6608100","A","Official value",""
"QCL","Crops and livestock products","356","India","5312","Area harvested","01443","Rape or colza seed","2011","2011","ha","6506400","A","Official value",""
"QCL","Crops and livestock products","356","India","5412","Yield","01443","Rape or colza seed","2011","2011","kg/ha","1257.1","A","Official value",""
"QCL","Crops and livestock products","356","India","5510","Production","01443","Rape or colza seed","2011","2011","t","8179000","A","Official value",""
"QCL","Crops and livestock products","356","India","5312","Area harvested","01443","Rape or colza seed","2012","2012","ha","5890000","A","Official value",""
"QCL","Crops and livestock products","356","India","5412","Yield","01443","Rape or colza seed","2012","2012","kg/ha","1120.5","A","Official value",""
"QCL","Crops and livestock products","356","India","5510","Production","01443","Rape or colza seed","2012","2012","t","6600000","A","Official value",""
"QCL","Crops and livestock products","356","India","5312","Area harvested","01443","Rape or colza seed","2013","2013","ha","6340000","A","Official value",""
"QCL","Crops and livestock products","356","India","5412","Yield","01443","Rape or colza seed","2013","2013","kg/ha","1233.4","A","Official value",""
"QCL","Crops and livestock products","356","India","5510","Production","01443","Rape or colza seed","2013","2013","t","7820000","A","Official value",""
"QCL","Crops and livestock products","356","India","5312","Area harvested","01443","Rape or colza seed","2014","2014","ha","6645740","A","Official value",""
"QCL","Crops and livestock products","356","India","5412","Yield","01443","Rape or colza seed","2014","2014","kg/ha","1185.3","A","Official value",""
"QCL","Crops and livestock products","356","India","5510","Production","01443","Rape or colza seed","2014","2014","t","7877000","A","Official value",""
"QCL","Crops and livestock products","356","India","5312","Area harvested","01443","Rape or colza seed","2015","2015","ha","5791000","A","Official value",""
"QCL","Crops and livestock products","356","India","5412","Yield","01443","Rape or colza seed","2015","2015","kg/ha","1084.8","A","Official value",""
"QCL","Crops and livestock products","356","India","5510","Production","01443","Rape or colza seed","2015","2015","t","6282000","A","Official value",""
"QCL","Crops and livestock products","356","India","5312","Area harvested","01443","Rape or colza seed","2016","2016","ha","5762000","A","Official value",""
"QCL","Crops and livestock products","356","India","5412","Yield","01443","Rape or colza seed","2016","2016","kg/ha","1179.6","A","Official value",""
"QCL","Crops and livestock products","356","India","5510","Production","01443","Rape or colza seed","2016","2016","t","6797000","A","Official value",""
"QCL","Crops and livestock products","356","India","5312","Area harvested","01443","Rape or colza seed","2017","2017","ha","6073820","A","Official value",""
"QCL","Crops and livestock products","356","India","5412","Yield","01443","Rape or colza seed","2017","2017","kg/ha","1303.5","A","Official value",""
"QCL","Crops and livestock products","356","India","5510","Production","01443","Rape or colza seed","2017","2017","t","7917230","A","Official value",""
"QCL","Crops and livestock products","356","India","5312","Area harvested","01443","Rape or colza seed","2018","2018","ha","5977160","A","Official value",""
"QCL","Crops and livestock products","356","India","5412","Yield","01443","Rape or colza seed","2018","2018","kg/ha","1410.3","A","Official value",""
"QCL","Crops and livestock products","356","India","5510","Production","01443","Rape or colza seed","2018","2018","t","8429850","A","Official value",""
"QCL","Crops and livestock products","356","India","5312","Area harvested","01443","Rape or colza seed","2019","2019","ha","6123930","A","Official value",""
"QCL","Crops and livestock products","356","India","5412","Yield","01443","Rape or colza seed","2019","2019","kg/ha","1511.4","A","Official value",""
"QCL","Crops and livestock products","356","India","5510","Production","01443","Rape or colza seed","2019","2019","t","9255660","A","Official value",""
"QCL","Crops and livestock products","356","India","5312","Area harvested","01443","Rape or colza seed","2020","2020","ha","6856270","A","Official value",""
"QCL","Crops and livestock products","356","India","5412","Yield","01443","Rape or colza seed","2020","2020","kg/ha","1330.7","A","Official value",""
"QCL","Crops and livestock products","356","India","5510","Production","01443","Rape or colza seed","2020","2020","t","9123640","A","Official value",""
"QCL","Crops and livestock products","356","India","5312","Area harvested","01443","Rape or colza seed","2021","2021","ha","6699760","A","Official value",""
"QCL","Crops and livestock products","356","India","5412","Yield","01443","Rape or colza seed","2021","2021","kg/ha","1523.9","A","Official value",""
"QCL","Crops and livestock products","356","India","5510","Production","01443","Rape or colza seed","2021","2021","t","10210010","A","Official value",""
"QCL","Crops and livestock products","356","India","5312","Area harvested","01443","Rape or colza seed","2022","2022","ha","7991420","A","Official value",""
"QCL","Crops and livestock products","356","India","5412","Yield","01443","Rape or colza seed","2022","2022","kg/ha","1497","A","Official value",""
"QCL","Crops and livestock products","356","India","5510","Production","01443","Rape or colza seed","2022","2022","t","11963090","A","Official value",""
"QCL","Crops and livestock products","356","India","5312","Area harvested","01443","Rape or colza seed","2023","2023","ha","8851524","A","Official value",""
"QCL","Crops and livestock products","356","India","5412","Yield","01443","Rape or colza seed","2023","2023","kg/ha","1428.4","A","Official value",""
"QCL","Crops and livestock products","356","India","5510","Production","01443","Rape or colza seed","2023","2023","t","12643196.4","A","Official value",""
"QCL","Crops and livestock products","356","India","5510","Production","21641.01","Rapeseed or canola oil, crude","2000","2000","t","1794000","A","Official value",""
"QCL","Crops and livestock products","356","India","5510","Production","21641.01","Rapeseed or canola oil, crude","2001","2001","t","1299000","A","Official value",""
"QCL","Crops and livestock products","356","India","5510","Production","21641.01","Rapeseed or canola oil, crude","2002","2002","t","1576000","A","Official value",""
"QCL","Crops and livestock products","356","India","5510","Production","21641.01","Rapeseed or canola oil, crude","2003","2003","t","1203000","A","Official value",""
"QCL","Crops and livestock products","356","India","5510","Production","21641.01","Rapeseed or canola oil, crude","2004","2004","t","1950000","A","Official value",""
"QCL","Crops and livestock products","356","India","5510","Production","21641.01","Rapeseed or canola oil, crude","2005","2005","t","2354000","A","Official value",""
"QCL","Crops and livestock products","356","India","5510","Production","21641.01","Rapeseed or canola oil, crude","2006","2006","t","2521000","A","Official value",""
"QCL","Crops and livestock products","356","India","5510","Production","21641.01","Rapeseed or canola oil, crude","2007","2007","t","2305000","A","Official value",""
"QCL","Crops and livestock products","356","India","5510","Production","21641.01","Rapeseed or canola oil, crude","2010","2010","t","2535000","A","Official value",""
"QCL","Crops and livestock products","356","India","5510","Production","21641.01","Rapeseed or canola oil, crude","2011","2011","t","2047000","A","Official value",""
"QCL","Crops and livestock products","356","India","5510","Production","21641.01","Rapeseed or canola oil, crude","2012","2012","t","2489000","A","Official value",""
"QCL","Crops and livestock products","356","India","5510","Production","21641.01","Rapeseed or canola oil, crude","2013","2013","t","2442000","A","Official value",""
"QCL","Crops and livestock products","356","India","5510","Production","21641.01","Rapeseed or canola oil, crude","2014","2014","t","1947000","A","Official value",""
"QCL","Crops and livestock products","356","India","5510","Production","21641.01","Rapeseed or canola oil, crude","2015","2015","t","2108000","A","Official value",""
"QCL","Crops and livestock products","356","India","5510","Production","21641.01","Rapeseed or canola oil, crude","2016","2016","t","2210000","A","Official value",""
"QCL","Crops and livestock products","356","India","5510","Production","21641.01","Rapeseed or canola oil, crude","2017","2017","t","1759000","A","Official value",""
"QCL","Crops and livestock products","356","India","5510","Production","21641.01","Rapeseed or canola oil, crude","2018","2018","t","2209000","A","Official value",""
"QCL","Crops and livestock products","356","India","5510","Production","21641.01","Rapeseed or canola oil, crude","2019","2019","t","1797000","A","Official value",""
"QCL","Crops and livestock products","356","India","5510","Production","21641.01","Rapeseed or canola oil, crude","2020","2020","t","3167000","A","Official value",""
"QCL","Crops and livestock products","356","India","5510","Production","21641.01","Rapeseed or canola oil, crude","2021","2021","t","3711000","A","Official value",""
"QCL","Crops and livestock products","356","India","5510","Production","21641.01","Rapeseed or canola oil, crude","2022","2022","t","3922000","A","Official value",""
"QCL","Crops and livestock products","356","India","5510","Production","21641.01","Rapeseed or canola oil, crude","2023","2023","t","4113000","A","Official value",""
"QCL","Crops and livestock products","356","India","5510","Production","2351f","Raw cane or beet sugar (centrifugal only)","2000","2000","t","20219000","A","Official value",""
"QCL","Crops and livestock products","356","India","5510","Production","2351f","Raw cane or beet sugar (centrifugal only)","2001","2001","t","20480000","A","Official value",""
"QCL","Crops and livestock products","356","India","5510","Production","2351f","Raw cane or beet sugar (centrifugal only)","2002","2002","t","20475000","A","Official value",""
"QCL","Crops and livestock products","356","India","5510","Production","2351f","Raw cane or beet sugar (centrifugal only)","2003","2003","t","22140000","A","Official value",""
"QCL","Crops and livestock products","356","India","5510","Production","2351f","Raw cane or beet sugar (centrifugal only)","2004","2004","t","15150000","A","Official value",""
"QCL","Crops and livestock products","356","India","5510","Production","2351f","Raw cane or beet sugar (centrifugal only)","2005","2005","t","14170000","A","Official value",""
"QCL","Crops and livestock products","356","India","5510","Production","2351f","Raw cane or beet sugar (centrifugal only)","2006","2006","t","21140000","A","Official value",""
"QCL","Crops and livestock products","356","India","5510","Production","2351f","Raw cane or beet sugar (centrifugal only)","2007","2007","t","30780000","X","Value from external organization","Unofficial figure"
"QCL","Crops and livestock products","356","India","5510","Production","2351f","Raw cane or beet sugar (centrifugal only)","2010","2010","t","20637000","X","Value from external organization","Unofficial figure"
"QCL","Crops and livestock products","356","India","5510","Production","2351f","Raw cane or beet sugar (centrifugal only)","2011","2011","t","26574000","X","Value from external organization","Unofficial figure"
"QCL","Crops and livestock products","356","India","5510","Production","2351f","Raw cane or beet sugar (centrifugal only)","2012","2012","t","28830000","X","Value from external organization","Unofficial figure"
"QCL","Crops and livestock products","356","India","5510","Production","2351f","Raw cane or beet sugar (centrifugal only)","2013","2013","t","27737000","X","Value from external organization","Unofficial figure"
"QCL","Crops and livestock products","356","India","5510","Production","2351f","Raw cane or beet sugar (centrifugal only)","2014","2014","t","26605000","X","Value from external organization","Unofficial figure"
"QCL","Crops and livestock products","356","India","5510","Production","2351f","Raw cane or beet sugar (centrifugal only)","2015","2015","t","30460000","X","Value from external organization","Unofficial figure"
"QCL","Crops and livestock products","356","India","5510","Production","2351f","Raw cane or beet sugar (centrifugal only)","2016","2016","t","27385000","X","Value from external organization","Unofficial figure"
"QCL","Crops and livestock products","356","India","5510","Production","2351f","Raw cane or beet sugar (centrifugal only)","2017","2017","t","22200000","X","Value from external organization","Unofficial figure"
"QCL","Crops and livestock products","356","India","5510","Production","2351f","Raw cane or beet sugar (centrifugal only)","2018","2018","t","34309000","X","Value from external organization","Unofficial figure"
"QCL","Crops and livestock products","356","India","5510","Production","2351f","Raw cane or beet sugar (centrifugal only)","2019","2019","t","34300000","X","Value from external organization","Unofficial figure"
"QCL","Crops and livestock products","356","India","5510","Production","2351f","Raw cane or beet sugar (centrifugal only)","2020","2020","t","28900000","X","Value from external organization","Unofficial figure"
"QCL","Crops and livestock products","356","India","5510","Production","2351f","Raw cane or beet sugar (centrifugal only)","2021","2021","t","33760000","X","Value from external organization","Unofficial figure"
"QCL","Crops and livestock products","356","India","5510","Production","2351f","Raw cane or beet sugar (centrifugal only)","2022","2022","t","36880000","X","Value from external organization","Unofficial figure"
"QCL","Crops and livestock products","356","India","5510","Production","2351f","Raw cane or beet sugar (centrifugal only)","2023","2023","t","37000000","X","Value from external organization","Unofficial figure"
"QCL","Crops and livestock products","356","India","5312","Area harvested","0113","Rice","2000","2000","ha","44915400","A","Official value",""
"QCL","Crops and livestock products","356","India","5412","Yield","0113","Rice","2000","2000","kg/ha","2838","A","Official value",""
"QCL","Crops and livestock products","356","India","5510","Production","0113","Rice","2000","2000","t","127471150","A","Official value",""
"QCL","Crops and livestock products","356","India","5312","Area harvested","0113","Rice","2001","2001","ha","44628800","A","Official value",""
"QCL","Crops and livestock products","356","India","5412","Yield","0113","Rice","2001","2001","kg/ha","3116.4","A","Official value",""
"QCL","Crops and livestock products","356","India","5510","Production","0113","Rice","2001","2001","t","139080000","A","Official value",""
"QCL","Crops and livestock products","356","India","5312","Area harvested","0113","Rice","2002","2002","ha","42321800","A","Official value",""
"QCL","Crops and livestock products","356","India","5412","Yield","0113","Rice","2002","2002","kg/ha","2690.1","A","Official value",""
"QCL","Crops and livestock products","356","India","5510","Production","0113","Rice","2002","2002","t","113851950","A","Official value",""
"QCL","Crops and livestock products","356","India","5312","Area harvested","0113","Rice","2003","2003","ha","42369400","A","Official value",""
"QCL","Crops and livestock products","356","India","5412","Yield","0113","Rice","2003","2003","kg/ha","3092.6","A","Official value",""
"QCL","Crops and livestock products","356","India","5510","Production","0113","Rice","2003","2003","t","131033400","A","Official value",""
"QCL","Crops and livestock products","356","India","5312","Area harvested","0113","Rice","2004","2004","ha","41726000","A","Official value",""
"QCL","Crops and livestock products","356","India","5412","Yield","0113","Rice","2004","2004","kg/ha","2952.7","A","Official value",""
"QCL","Crops and livestock products","356","India","5510","Production","0113","Rice","2004","2004","t","123206250","A","Official value",""
"QCL","Crops and livestock products","356","India","5312","Area harvested","0113","Rice","2005","2005","ha","42877900","A","Official value",""
"QCL","Crops and livestock products","356","India","5412","Yield","0113","Rice","2005","2005","kg/ha","3119.6","A","Official value",""
"QCL","Crops and livestock products","356","India","5510","Production","0113","Rice","2005","2005","t","133760400","A","Official value",""
"QCL","Crops and livestock products","356","India","5312","Area harvested","0113","Rice","2006","2006","ha","43925800","A","Official value",""
"QCL","Crops and livestock products","356","India","5412","Yield","0113","Rice","2006","2006","kg/ha","3199.5","A","Official value",""
"QCL","Crops and livestock products","356","India","5510","Production","0113","Rice","2006","2006","t","140538450","A","Official value",""
"QCL","Crops and livestock products","356","India","5312","Area harvested","0113","Rice","2007","2007","ha","43684700","A","Official value",""
"QCL","Crops and livestock products","356","India","5412","Yield","0113","Rice","2007","2007","kg/ha","3292.5","A","Official value",""
"QCL","Crops and livestock products","356","India","5510","Production","0113","Rice","2007","2007","t","143831100","A","Official value",""
"QCL","Crops and livestock products","356","India","5312","Area harvested","0113","Rice","2010","2010","ha","42333987","A","Official value",""
"QCL","Crops and livestock products","356","India","5412","Yield","0113","Rice","2010","2010","kg/ha","3323","A","Official value",""
"QCL","Crops and livestock products","356","India","5510","Production","0113","Rice","2010","2010","t","140674810.06","A","Official value",""
"QCL","Crops and livestock products","356","India","5312","Area harvested","0113","Rice","2011","2011","ha","44967537","A","Official value",""
"QCL","Crops and livestock products","356","India","5412","Yield","0113","Rice","2011","2011","kg/ha","3606","A","Official value",""
"QCL","Crops and livestock products","356","India","5510","Production","0113","Rice","2011","2011","t","162151286.59","A","Official value",""
"QCL","Crops and livestock products","356","India","5312","Area harvested","0113","Rice","2012","2012","ha","42797306","A","Official value",""
"QCL","Crops and livestock products","356","India","5412","Yield","0113","Rice","2012","2012","kg/ha","3677.4","A","Official value",""
"QCL","Crops and livestock products","356","India","5510","Production","0113","Rice","2012","2012","t","157382919.56","A","Official value",""
"QCL","Crops and livestock products","356","India","5312","Area harvested","0113","Rice","2013","2013","ha","43288849","A","Official value",""
"QCL","Crops and livestock products","356","India","5412","Yield","0113","Rice","2013","2013","kg/ha","3616.5","A","Official value",""
"QCL","Crops and livestock products","356","India","5510","Production","0113","Rice","2013","2013","t","156554654.9","A","Official value",""
"QCL","Crops and livestock products","356","India","5312","Area harvested","0113","Rice","2014","2014","ha","44515890","A","Official value",""
"QCL","Crops and livestock products","356","India","5412","Yield","0113","Rice","2014","2014","kg/ha","3590","A","Official value",""
"QCL","Crops and livestock products","356","India","5510","Production","0113","Rice","2014","2014","t","159810501.3","A","Official value",""
"QCL","Crops and livestock products","356","India","5312","Area harvested","0113","Rice","2015","2015","ha","43938012","A","Official value",""
"QCL","Crops and livestock products","356","India","5412","Yield","0113","Rice","2015","2015","kg/ha","3601.8","A","Official value",""
"QCL","Crops and livestock products","356","India","5510","Production","0113","Rice","2015","2015","t","158254967.78","A","Official value",""
"QCL","Crops and livestock products","356","India","5312","Area harvested","0113","Rice","2016","2016","ha","43688499","A","Official value",""
"QCL","Crops and livestock products","356","India","5412","Yield","0113","Rice","2016","2016","kg/ha","3752.6","A","Official value",""
"QCL","Crops and livestock products","356","India","5510","Production","0113","Rice","2016","2016","t","163947351.09","A","Official value",""
"QCL","Crops and livestock products","356","India","5312","Area harvested","0113","Rice","2017","2017","ha","43496848","A","Official value",""
"QCL","Crops and livestock products","356","India","5412","Yield","0113","Rice","2017","2017","kg/ha","3811.7","A","Official value",""
"QCL","Crops and livestock products","356","India","5510","Production","0113","Rice","2017","2017","t","165796205.79","A","Official value",""
"QCL","Crops and livestock products","356","India","5312","Area harvested","0113","Rice","2018","2018","ha","44389153","A","Official value",""
"QCL","Crops and livestock products","356","India","5412","Yield","0113","Rice","2018","2018","kg/ha","3976.1","A","Official value",""
"QCL","Crops and livestock products","356","India","5510","Production","0113","Rice","2018","2018","t","176493653.91","A","Official value",""
"QCL","Crops and livestock products","356","India","5312","Area harvested","0113","Rice","2019","2019","ha","43205052","A","Official value",""
"QCL","Crops and livestock products","356","India","5412","Yield","0113","Rice","2019","2019","kg/ha","4052.1","A","Official value",""
"QCL","Crops and livestock products","356","India","5510","Production","0113","Rice","2019","2019","t","175071504.27","A","Official value",""
"QCL","Crops and livestock products","356","India","5312","Area harvested","0113","Rice","2020","2020","ha","45007310","A","Official value",""
"QCL","Crops and livestock products","356","India","5412","Yield","0113","Rice","2020","2020","kg/ha","4059.4","A","Official value",""
"QCL","Crops and livestock products","356","India","5510","Production","0113","Rice","2020","2020","t","182702924.12","A","Official value",""
"QCL","Crops and livestock products","356","India","5312","Area harvested","0113","Rice","2021","2021","ha","46449121","A","Official value",""
"QCL","Crops and livestock products","356","India","5412","Yield","0113","Rice","2021","2021","kg/ha","4203.3","A","Official value",""
"QCL","Crops and livestock products","356","India","5510","Production","0113","Rice","2021","2021","t","195241449.38","A","Official value",""
"QCL","Crops and livestock products","356","India","5312","Area harvested","0113","Rice","2022","2022","ha","45643151","A","Official value",""
"QCL","Crops and livestock products","356","India","5412","Yield","0113","Rice","2022","2022","kg/ha","4238.8","A","Official value",""
"QCL","Crops and livestock products","356","India","5510","Production","0113","Rice","2022","2022","t","193473289.35","A","Official value",""
"QCL","Crops and livestock products","356","India","5312","Area harvested","0113","Rice","2023","2023","ha","48163285","A","Official value",""
"QCL","Crops and livestock products","356","India","5412","Yield","0113","Rice","2023","2023","kg/ha","4313.5","A","Official value",""
"QCL","Crops and livestock products","356","India","5510","Production","0113","Rice","2023","2023","t","207753551.26","A","Official value",""
"QCL","Crops and livestock products","356","India","5312","Area harvested","01446","Safflower seed","2000","2000","ha","438500","A","Official value",""
"QCL","Crops and livestock products","356","India","5412","Yield","01446","Safflower seed","2000","2000","kg/ha","593.8","A","Official value",""
"QCL","Crops and livestock products","356","India","5510","Production","01446","Safflower seed","2000","2000","t","260400","A","Official value",""
"QCL","Crops and livestock products","356","India","5312","Area harvested","01446","Safflower seed","2001","2001","ha","424800","A","Official value",""
"QCL","Crops and livestock products","356","India","5412","Yield","01446","Safflower seed","2001","2001","kg/ha","475.5","A","Official value",""
"QCL","Crops and livestock products","356","India","5510","Production","01446","Safflower seed","2001","2001","t","202000","A","Official value",""
"QCL","Crops and livestock products","356","India","5312","Area harvested","01446","Safflower seed","2002","2002","ha","404300","A","Official value",""
"QCL","Crops and livestock products","356","India","5412","Yield","01446","Safflower seed","2002","2002","kg/ha","568.9","A","Official value",""
"QCL","Crops and livestock products","356","India","5510","Production","01446","Safflower seed","2002","2002","t","230000","A","Official value",""
"QCL","Crops and livestock products","356","India","5312","Area harvested","01446","Safflower seed","2003","2003","ha","369500","A","Official value",""
"QCL","Crops and livestock products","356","India","5412","Yield","01446","Safflower seed","2003","2003","kg/ha","483.1","A","Official value",""
"QCL","Crops and livestock products","356","India","5510","Production","01446","Safflower seed","2003","2003","t","178500","A","Official value",""
"QCL","Crops and livestock products","356","India","5312","Area harvested","01446","Safflower seed","2004","2004","ha","363900","A","Official value",""
"QCL","Crops and livestock products","356","India","5412","Yield","01446","Safflower seed","2004","2004","kg/ha","370.7","A","Official value",""
"QCL","Crops and livestock products","356","India","5510","Production","01446","Safflower seed","2004","2004","t","134900","A","Official value",""
"QCL","Crops and livestock products","356","India","5312","Area harvested","01446","Safflower seed","2005","2005","ha","369100","A","Official value",""
"QCL","Crops and livestock products","356","India","5412","Yield","01446","Safflower seed","2005","2005","kg/ha","470.3","A","Official value",""
"QCL","Crops and livestock products","356","India","5510","Production","01446","Safflower seed","2005","2005","t","173600","A","Official value",""
"QCL","Crops and livestock products","356","India","5312","Area harvested","01446","Safflower seed","2006","2006","ha","364600","A","Official value",""
"QCL","Crops and livestock products","356","India","5412","Yield","01446","Safflower seed","2006","2006","kg/ha","627","A","Official value",""
"QCL","Crops and livestock products","356","India","5510","Production","01446","Safflower seed","2006","2006","t","228600","A","Official value",""
"QCL","Crops and livestock products","356","India","5312","Area harvested","01446","Safflower seed","2007","2007","ha","350000","A","Official value",""
"QCL","Crops and livestock products","356","India","5412","Yield","01446","Safflower seed","2007","2007","kg/ha","685.7","A","Official value",""
"QCL","Crops and livestock products","356","India","5510","Production","01446","Safflower seed","2007","2007","t","240000","A","Official value",""
"QCL","Crops and livestock products","356","India","5312","Area harvested","01446","Safflower seed","2010","2010","ha","287800","A","Official value",""
"QCL","Crops and livestock products","356","India","5412","Yield","01446","Safflower seed","2010","2010","kg/ha","621.3","A","Official value",""
"QCL","Crops and livestock products","356","India","5510","Production","01446","Safflower seed","2010","2010","t","178800","A","Official value",""
"QCL","Crops and livestock products","356","India","5312","Area harvested","01446","Safflower seed","2011","2011","ha","229060","A","Official value",""
"QCL","Crops and livestock products","356","India","5412","Yield","01446","Safflower seed","2011","2011","kg/ha","654.9","A","Official value",""
"QCL","Crops and livestock products","356","India","5510","Production","01446","Safflower seed","2011","2011","t","150000","A","Official value",""
"QCL","Crops and livestock products","356","India","5312","Area harvested","01446","Safflower seed","2012","2012","ha","178000","A","Official value",""
"QCL","Crops and livestock products","356","India","5412","Yield","01446","Safflower seed","2012","2012","kg/ha","814.6","A","Official value",""
"QCL","Crops and livestock products","356","India","5510","Production","01446","Safflower seed","2012","2012","t","145000","A","Official value",""
"QCL","Crops and livestock products","356","India","5312","Area harvested","01446","Safflower seed","2013","2013","ha","150000","A","Official value",""
"QCL","Crops and livestock products","356","India","5412","Yield","01446","Safflower seed","2013","2013","kg/ha","726.7","A","Official value",""
"QCL","Crops and livestock products","356","India","5510","Production","01446","Safflower seed","2013","2013","t","109000","A","Official value",""
"QCL","Crops and livestock products","356","India","5312","Area harvested","01446","Safflower seed","2014","2014","ha","177730","A","Official value",""
"QCL","Crops and livestock products","356","India","5412","Yield","01446","Safflower seed","2014","2014","kg/ha","635.8","A","Official value",""
"QCL","Crops and livestock products","356","India","5510","Production","01446","Safflower seed","2014","2014","t","113000","A","Official value",""
"QCL","Crops and livestock products","356","India","5312","Area harvested","01446","Safflower seed","2015","2015","ha","175000","A","Official value",""
"QCL","Crops and livestock products","356","India","5412","Yield","01446","Safflower seed","2015","2015","kg/ha","514.3","A","Official value",""
"QCL","Crops and livestock products","356","India","5510","Production","01446","Safflower seed","2015","2015","t","90000","A","Official value",""
"QCL","Crops and livestock products","356","India","5312","Area harvested","01446","Safflower seed","2016","2016","ha","144000","A","Official value",""
"QCL","Crops and livestock products","356","India","5412","Yield","01446","Safflower seed","2016","2016","kg/ha","368.1","A","Official value",""
"QCL","Crops and livestock products","356","India","5510","Production","01446","Safflower seed","2016","2016","t","53000","A","Official value",""
"QCL","Crops and livestock products","356","India","5312","Area harvested","01446","Safflower seed","2017","2017","ha","144270","A","Official value",""
"QCL","Crops and livestock products","356","India","5412","Yield","01446","Safflower seed","2017","2017","kg/ha","650.9","A","Official value",""
"QCL","Crops and livestock products","356","India","5510","Production","01446","Safflower seed","2017","2017","t","93900","A","Official value",""
"QCL","Crops and livestock products","356","India","5312","Area harvested","01446","Safflower seed","2018","2018","ha","82150","A","Official value",""
"QCL","Crops and livestock products","356","India","5412","Yield","01446","Safflower seed","2018","2018","kg/ha","672.9","A","Official value",""
"QCL","Crops and livestock products","356","India","5510","Production","01446","Safflower seed","2018","2018","t","55280","A","Official value",""
"QCL","Crops and livestock products","356","India","5312","Area harvested","01446","Safflower seed","2019","2019","ha","45890","A","Official value",""
"QCL","Crops and livestock products","356","India","5412","Yield","01446","Safflower seed","2019","2019","kg/ha","536.9","A","Official value",""
"QCL","Crops and livestock products","356","India","5510","Production","01446","Safflower seed","2019","2019","t","24640","A","Official value",""
"QCL","Crops and livestock products","356","India","5312","Area harvested","01446","Safflower seed","2020","2020","ha","51790","A","Official value",""
"QCL","Crops and livestock products","356","India","5412","Yield","01446","Safflower seed","2020","2020","kg/ha","843.2","A","Official value",""
"QCL","Crops and livestock products","356","India","5510","Production","01446","Safflower seed","2020","2020","t","43670","A","Official value",""
"QCL","Crops and livestock products","356","India","5312","Area harvested","01446","Safflower seed","2021","2021","ha","56040","A","Official value",""
"QCL","Crops and livestock products","356","India","5412","Yield","01446","Safflower seed","2021","2021","kg/ha","640.4","A","Official value",""
"QCL","Crops and livestock products","356","India","5510","Production","01446","Safflower seed","2021","2021","t","35890","A","Official value",""
"QCL","Crops and livestock products","356","India","5312","Area harvested","01446","Safflower seed","2022","2022","ha","78860","A","Official value",""
"QCL","Crops and livestock products","356","India","5412","Yield","01446","Safflower seed","2022","2022","kg/ha","776.9","A","Official value",""
"QCL","Crops and livestock products","356","India","5510","Production","01446","Safflower seed","2022","2022","t","61270","A","Official value",""
"QCL","Crops and livestock products","356","India","5312","Area harvested","01446","Safflower seed","2023","2023","ha","108927","A","Official value",""
"QCL","Crops and livestock products","356","India","5412","Yield","01446","Safflower seed","2023","2023","kg/ha","826.3","A","Official value",""
"QCL","Crops and livestock products","356","India","5510","Production","01446","Safflower seed","2023","2023","t","90002.46","A","Official value",""
"QCL","Crops and livestock products","356","India","5510","Production","21631.02","Safflower-seed oil, crude","2000","2000","t","78000","A","Official value",""
"QCL","Crops and livestock products","356","India","5510","Production","21631.02","Safflower-seed oil, crude","2001","2001","t","60000","A","Official value",""
"QCL","Crops and livestock products","356","India","5510","Production","21631.02","Safflower-seed oil, crude","2002","2002","t","66000","A","Official value",""
"QCL","Crops and livestock products","356","India","5510","Production","21631.02","Safflower-seed oil, crude","2003","2003","t","54000","A","Official value",""
"QCL","Crops and livestock products","356","India","5510","Production","21631.02","Safflower-seed oil, crude","2004","2004","t","40000","A","Official value",""
"QCL","Crops and livestock products","356","India","5510","Production","21631.02","Safflower-seed oil, crude","2005","2005","t","52000","A","Official value",""
"QCL","Crops and livestock products","356","India","5510","Production","21631.02","Safflower-seed oil, crude","2006","2006","t","69000","A","Official value",""
"QCL","Crops and livestock products","356","India","5510","Production","21631.02","Safflower-seed oil, crude","2007","2007","t","72000","A","Official value",""
"QCL","Crops and livestock products","356","India","5510","Production","21631.02","Safflower-seed oil, crude","2010","2010","t","45000","A","Official value",""
"QCL","Crops and livestock products","356","India","5510","Production","21631.02","Safflower-seed oil, crude","2011","2011","t","44000","A","Official value",""
"QCL","Crops and livestock products","356","India","5510","Production","21631.02","Safflower-seed oil, crude","2012","2012","t","33000","A","Official value",""
"QCL","Crops and livestock products","356","India","5510","Production","21631.02","Safflower-seed oil, crude","2013","2013","t","31000","A","Official value",""
"QCL","Crops and livestock products","356","India","5510","Production","21631.02","Safflower-seed oil, crude","2014","2014","t","27000","A","Official value",""
"QCL","Crops and livestock products","356","India","5510","Production","21631.02","Safflower-seed oil, crude","2015","2015","t","15000","A","Official value",""
"QCL","Crops and livestock products","356","India","5510","Production","21631.02","Safflower-seed oil, crude","2016","2016","t","22000","A","Official value",""
"QCL","Crops and livestock products","356","India","5510","Production","21631.02","Safflower-seed oil, crude","2017","2017","t","14000","A","Official value",""
"QCL","Crops and livestock products","356","India","5510","Production","21631.02","Safflower-seed oil, crude","2018","2018","t","7000","A","Official value",""
"QCL","Crops and livestock products","356","India","5510","Production","21631.02","Safflower-seed oil, crude","2019","2019","t","9000","A","Official value",""
"QCL","Crops and livestock products","356","India","5510","Production","21631.02","Safflower-seed oil, crude","2020","2020","t","10000","A","Official value",""
"QCL","Crops and livestock products","356","India","5510","Production","21631.02","Safflower-seed oil, crude","2021","2021","t","18000","A","Official value",""
"QCL","Crops and livestock products","356","India","5510","Production","21631.02","Safflower-seed oil, crude","2022","2022","t","26000","A","Official value",""
"QCL","Crops and livestock products","356","India","5510","Production","21631.02","Safflower-seed oil, crude","2023","2023","t","14000","A","Official value",""
"QCL","Crops and livestock products","356","India","5312","Area harvested","01921.01","Seed cotton, unginned","2000","2000","ha","8576500","A","Official value",""
"QCL","Crops and livestock products","356","India","5412","Yield","01921.01","Seed cotton, unginned","2000","2000","kg/ha","597.9","A","Official value",""
"QCL","Crops and livestock products","356","India","5510","Production","01921.01","Seed cotton, unginned","2000","2000","t","5128000","A","Official value",""
"QCL","Crops and livestock products","356","India","5312","Area harvested","01921.01","Seed cotton, unginned","2001","2001","ha","9100000","A","Official value",""
"QCL","Crops and livestock products","356","India","5412","Yield","01921.01","Seed cotton, unginned","2001","2001","kg/ha","583.6","A","Official value",""
"QCL","Crops and livestock products","356","India","5510","Production","01921.01","Seed cotton, unginned","2001","2001","t","5311000","A","Official value",""
"QCL","Crops and livestock products","356","India","5312","Area harvested","01921.01","Seed cotton, unginned","2002","2002","ha","7669700","A","Official value",""
"QCL","Crops and livestock products","356","India","5412","Yield","01921.01","Seed cotton, unginned","2002","2002","kg/ha","597.4","A","Official value",""
"QCL","Crops and livestock products","356","India","5510","Production","01921.01","Seed cotton, unginned","2002","2002","t","4582000","A","Official value",""
"QCL","Crops and livestock products","356","India","5312","Area harvested","01921.01","Seed cotton, unginned","2003","2003","ha","7597900","A","Official value",""
"QCL","Crops and livestock products","356","India","5412","Yield","01921.01","Seed cotton, unginned","2003","2003","kg/ha","960","A","Official value",""
"QCL","Crops and livestock products","356","India","5510","Production","01921.01","Seed cotton, unginned","2003","2003","t","7294000","A","Official value",""
"QCL","Crops and livestock products","356","India","5312","Area harvested","01921.01","Seed cotton, unginned","2004","2004","ha","8786600","A","Official value",""
"QCL","Crops and livestock products","356","India","5412","Yield","01921.01","Seed cotton, unginned","2004","2004","kg/ha","993.3","A","Official value",""
"QCL","Crops and livestock products","356","India","5510","Production","01921.01","Seed cotton, unginned","2004","2004","t","8728000","A","Official value",""
"QCL","Crops and livestock products","356","India","5312","Area harvested","01921.01","Seed cotton, unginned","2005","2005","ha","8677100","A","Official value",""
"QCL","Crops and livestock products","356","India","5412","Yield","01921.01","Seed cotton, unginned","2005","2005","kg/ha","1132.6","A","Official value",""
"QCL","Crops and livestock products","356","India","5510","Production","01921.01","Seed cotton, unginned","2005","2005","t","9828000","A","Official value",""
"QCL","Crops and livestock products","356","India","5312","Area harvested","01921.01","Seed cotton, unginned","2006","2006","ha","9142000","A","Official value",""
"QCL","Crops and livestock products","356","India","5412","Yield","01921.01","Seed cotton, unginned","2006","2006","kg/ha","1315.1","A","Official value",""
"QCL","Crops and livestock products","356","India","5510","Production","01921.01","Seed cotton, unginned","2006","2006","t","12023000","A","Official value",""
"QCL","Crops and livestock products","356","India","5312","Area harvested","01921.01","Seed cotton, unginned","2007","2007","ha","9410000","A","Official value",""
"QCL","Crops and livestock products","356","India","5412","Yield","01921.01","Seed cotton, unginned","2007","2007","kg/ha","1461.3","A","Official value",""
"QCL","Crops and livestock products","356","India","5510","Production","01921.01","Seed cotton, unginned","2007","2007","t","13751000","A","Official value",""
"QCL","Crops and livestock products","356","India","5312","Area harvested","01921.01","Seed cotton, unginned","2010","2010","ha","11142000","A","Official value",""
"QCL","Crops and livestock products","356","India","5412","Yield","01921.01","Seed cotton, unginned","2010","2010","kg/ha","1594","A","Official value",""
"QCL","Crops and livestock products","356","India","5510","Production","01921.01","Seed cotton, unginned","2010","2010","t","17760000","A","Official value",""
"QCL","Crops and livestock products","356","India","5312","Area harvested","01921.01","Seed cotton, unginned","2011","2011","ha","12178000","A","Official value",""
"QCL","Crops and livestock products","356","India","5412","Yield","01921.01","Seed cotton, unginned","2011","2011","kg/ha","1574.8","A","Official value",""
"QCL","Crops and livestock products","356","India","5510","Production","01921.01","Seed cotton, unginned","2011","2011","t","19178000","A","Official value",""
"QCL","Crops and livestock products","356","India","5312","Area harvested","01921.01","Seed cotton, unginned","2012","2012","ha","11980000","A","Official value",""
"QCL","Crops and livestock products","356","India","5412","Yield","01921.01","Seed cotton, unginned","2012","2012","kg/ha","1517.4","A","Official value",""
"QCL","Crops and livestock products","356","India","5510","Production","01921.01","Seed cotton, unginned","2012","2012","t","18179000","A","Official value",""
"QCL","Crops and livestock products","356","India","5312","Area harvested","01921.01","Seed cotton, unginned","2013","2013","ha","11690000","A","Official value",""
"QCL","Crops and livestock products","356","India","5412","Yield","01921.01","Seed cotton, unginned","2013","2013","kg/ha","1617.9","A","Official value",""
"QCL","Crops and livestock products","356","India","5510","Production","01921.01","Seed cotton, unginned","2013","2013","t","18913000","A","Official value",""
"QCL","Crops and livestock products","356","India","5312","Area harvested","01921.01","Seed cotton, unginned","2014","2014","ha","13083000","A","Official value",""
"QCL","Crops and livestock products","356","India","5412","Yield","01921.01","Seed cotton, unginned","2014","2014","kg/ha","1413.1","A","Official value",""
"QCL","Crops and livestock products","356","India","5510","Production","01921.01","Seed cotton, unginned","2014","2014","t","18488000","A","Official value",""
"QCL","Crops and livestock products","356","India","5312","Area harvested","01921.01","Seed cotton, unginned","2015","2015","ha","11870000","A","Official value",""
"QCL","Crops and livestock products","356","India","5412","Yield","01921.01","Seed cotton, unginned","2015","2015","kg/ha","1343.1","A","Official value",""
"QCL","Crops and livestock products","356","India","5510","Production","01921.01","Seed cotton, unginned","2015","2015","t","15943000","A","Official value",""
"QCL","Crops and livestock products","356","India","5312","Area harvested","01921.01","Seed cotton, unginned","2016","2016","ha","10830000","A","Official value",""
"QCL","Crops and livestock products","356","India","5412","Yield","01921.01","Seed cotton, unginned","2016","2016","kg/ha","1598.2","A","Official value",""
"QCL","Crops and livestock products","356","India","5510","Production","01921.01","Seed cotton, unginned","2016","2016","t","17308000","A","Official value",""
"QCL","Crops and livestock products","356","India","5312","Area harvested","01921.01","Seed cotton, unginned","2017","2017","ha","12430000","A","Official value",""
"QCL","Crops and livestock products","356","India","5412","Yield","01921.01","Seed cotton, unginned","2017","2017","kg/ha","1401.9","A","Official value",""
"QCL","Crops and livestock products","356","India","5510","Production","01921.01","Seed cotton, unginned","2017","2017","t","17425000","A","Official value",""
"QCL","Crops and livestock products","356","India","5312","Area harvested","01921.01","Seed cotton, unginned","2018","2018","ha","12586000","A","Official value",""
"QCL","Crops and livestock products","356","India","5412","Yield","01921.01","Seed cotton, unginned","2018","2018","kg/ha","1164.5","A","Official value",""
"QCL","Crops and livestock products","356","India","5510","Production","01921.01","Seed cotton, unginned","2018","2018","t","14657000","A","Official value",""
"QCL","Crops and livestock products","356","India","5312","Area harvested","01921.01","Seed cotton, unginned","2019","2019","ha","12614000","A","Official value",""
"QCL","Crops and livestock products","356","India","5412","Yield","01921.01","Seed cotton, unginned","2019","2019","kg/ha","1471.2","E","Estimated value",""
"QCL","Crops and livestock products","356","India","5510","Production","01921.01","Seed cotton, unginned","2019","2019","t","18558000","X","Value from external organization","Unofficial figure"
"QCL","Crops and livestock products","356","India","5312","Area harvested","01921.01","Seed cotton, unginned","2020","2020","ha","13477000","A","Official value",""
"QCL","Crops and livestock products","356","India","5412","Yield","01921.01","Seed cotton, unginned","2020","2020","kg/ha","1315.7","E","Estimated value",""
"QCL","Crops and livestock products","356","India","5510","Production","01921.01","Seed cotton, unginned","2020","2020","t","17731050","X","Value from external organization","Unofficial figure"
"QCL","Crops and livestock products","356","India","5312","Area harvested","01921.01","Seed cotton, unginned","2021","2021","ha","13285890","A","Official value",""
"QCL","Crops and livestock products","356","India","5412","Yield","01921.01","Seed cotton, unginned","2021","2021","kg/ha","1294.9","E","Estimated value",""
"QCL","Crops and livestock products","356","India","5510","Production","01921.01","Seed cotton, unginned","2021","2021","t","17204000","X","Value from external organization","Unofficial figure"
"QCL","Crops and livestock products","356","India","5312","Area harvested","01921.01","Seed cotton, unginned","2022","2022","ha","12926801","A","Official value",""
"QCL","Crops and livestock products","356","India","5412","Yield","01921.01","Seed cotton, unginned","2022","2022","kg/ha","1160.4","E","Estimated value",""
"QCL","Crops and livestock products","356","India","5510","Production","01921.01","Seed cotton, unginned","2022","2022","t","15000000","E","Estimated value",""
"QCL","Crops and livestock products","356","India","5312","Area harvested","01921.01","Seed cotton, unginned","2023","2023","ha","12687643","A","Official value",""
"QCL","Crops and livestock products","356","India","5412","Yield","01921.01","Seed cotton, unginned","2023","2023","kg/ha","1292.6","E","Estimated value",""
"QCL","Crops and livestock products","356","India","5510","Production","01921.01","Seed cotton, unginned","2023","2023","t","16400000","E","Estimated value",""
"QCL","Crops and livestock products","356","India","5312","Area harvested","01444","Sesame seed","2000","2000","ha","1720000","A","Official value",""
"QCL","Crops and livestock products","356","India","5412","Yield","01444","Sesame seed","2000","2000","kg/ha","302.3","A","Official value",""
"QCL","Crops and livestock products","356","India","5510","Production","01444","Sesame seed","2000","2000","t","520000","A","Official value",""
"QCL","Crops and livestock products","356","India","5312","Area harvested","01444","Sesame seed","2001","2001","ha","1670600","A","Official value",""
"QCL","Crops and livestock products","356","India","5412","Yield","01444","Sesame seed","2001","2001","kg/ha","417.7","A","Official value",""
"QCL","Crops and livestock products","356","India","5510","Production","01444","Sesame seed","2001","2001","t","697800","A","Official value",""
"QCL","Crops and livestock products","356","India","5312","Area harvested","01444","Sesame seed","2002","2002","ha","1444400","A","Official value",""
"QCL","Crops and livestock products","356","India","5412","Yield","01444","Sesame seed","2002","2002","kg/ha","305.5","A","Official value",""
"QCL","Crops and livestock products","356","India","5510","Production","01444","Sesame seed","2002","2002","t","441300","A","Official value",""
"QCL","Crops and livestock products","356","India","5312","Area harvested","01444","Sesame seed","2003","2003","ha","1700300","A","Official value",""
"QCL","Crops and livestock products","356","India","5412","Yield","01444","Sesame seed","2003","2003","kg/ha","460.1","A","Official value",""
"QCL","Crops and livestock products","356","India","5510","Production","01444","Sesame seed","2003","2003","t","782386","A","Official value",""
"QCL","Crops and livestock products","356","India","5312","Area harvested","01444","Sesame seed","2004","2004","ha","1844000","A","Official value",""
"QCL","Crops and livestock products","356","India","5412","Yield","01444","Sesame seed","2004","2004","kg/ha","365.6","A","Official value",""
"QCL","Crops and livestock products","356","India","5510","Production","01444","Sesame seed","2004","2004","t","674100","A","Official value",""
"QCL","Crops and livestock products","356","India","5312","Area harvested","01444","Sesame seed","2005","2005","ha","1723200","A","Official value",""
"QCL","Crops and livestock products","356","India","5412","Yield","01444","Sesame seed","2005","2005","kg/ha","372","A","Official value",""
"QCL","Crops and livestock products","356","India","5510","Production","01444","Sesame seed","2005","2005","t","641100","A","Official value",""
"QCL","Crops and livestock products","356","India","5312","Area harvested","01444","Sesame seed","2006","2006","ha","1703200","A","Official value",""
"QCL","Crops and livestock products","356","India","5412","Yield","01444","Sesame seed","2006","2006","kg/ha","363.2","A","Official value",""
"QCL","Crops and livestock products","356","India","5510","Production","01444","Sesame seed","2006","2006","t","618686","A","Official value",""
"QCL","Crops and livestock products","356","India","5312","Area harvested","01444","Sesame seed","2007","2007","ha","1799100","A","Official value",""
"QCL","Crops and livestock products","356","India","5412","Yield","01444","Sesame seed","2007","2007","kg/ha","420.9","A","Official value",""
"QCL","Crops and livestock products","356","India","5510","Production","01444","Sesame seed","2007","2007","t","757186","A","Official value",""
"QCL","Crops and livestock products","356","India","5312","Area harvested","01444","Sesame seed","2010","2010","ha","2083203","A","Official value",""
"QCL","Crops and livestock products","356","India","5412","Yield","01444","Sesame seed","2010","2010","kg/ha","428.7","A","Official value",""
"QCL","Crops and livestock products","356","India","5510","Production","01444","Sesame seed","2010","2010","t","892995","A","Official value",""
"QCL","Crops and livestock products","356","India","5312","Area harvested","01444","Sesame seed","2011","2011","ha","1901550","A","Official value",""
"QCL","Crops and livestock products","356","India","5412","Yield","01444","Sesame seed","2011","2011","kg/ha","426.1","A","Official value",""
"QCL","Crops and livestock products","356","India","5510","Production","01444","Sesame seed","2011","2011","t","810272","A","Official value",""
"QCL","Crops and livestock products","356","India","5312","Area harvested","01444","Sesame seed","2012","2012","ha","1705757","A","Official value",""
"QCL","Crops and livestock products","356","India","5412","Yield","01444","Sesame seed","2012","2012","kg/ha","401.6","A","Official value",""
"QCL","Crops and livestock products","356","India","5510","Production","01444","Sesame seed","2012","2012","t","685024","A","Official value",""
"QCL","Crops and livestock products","356","India","5312","Area harvested","01444","Sesame seed","2013","2013","ha","1678903","A","Official value",""
"QCL","Crops and livestock products","356","India","5412","Yield","01444","Sesame seed","2013","2013","kg/ha","425.6","A","Official value",""
"QCL","Crops and livestock products","356","India","5510","Production","01444","Sesame seed","2013","2013","t","714582.5","A","Official value",""
"QCL","Crops and livestock products","356","India","5312","Area harvested","01444","Sesame seed","2014","2014","ha","1746062","A","Official value",""
"QCL","Crops and livestock products","356","India","5412","Yield","01444","Sesame seed","2014","2014","kg/ha","474.1","A","Official value",""
"QCL","Crops and livestock products","356","India","5510","Production","01444","Sesame seed","2014","2014","t","827830","A","Official value",""
"QCL","Crops and livestock products","356","India","5312","Area harvested","01444","Sesame seed","2015","2015","ha","1950880","A","Official value",""
"QCL","Crops and livestock products","356","India","5412","Yield","01444","Sesame seed","2015","2015","kg/ha","435.7","A","Official value",""
"QCL","Crops and livestock products","356","India","5510","Production","01444","Sesame seed","2015","2015","t","850065.2","A","Official value",""
"QCL","Crops and livestock products","356","India","5312","Area harvested","01444","Sesame seed","2016","2016","ha","1666926","A","Official value",""
"QCL","Crops and livestock products","356","India","5412","Yield","01444","Sesame seed","2016","2016","kg/ha","448.1","A","Official value",""
"QCL","Crops and livestock products","356","India","5510","Production","01444","Sesame seed","2016","2016","t","747030.35","A","Official value",""
"QCL","Crops and livestock products","356","India","5312","Area harvested","01444","Sesame seed","2017","2017","ha","1579767","A","Official value",""
"QCL","Crops and livestock products","356","India","5412","Yield","01444","Sesame seed","2017","2017","kg/ha","478.2","A","Official value",""
"QCL","Crops and livestock products","356","India","5510","Production","01444","Sesame seed","2017","2017","t","755425.35","A","Official value",""
"QCL","Crops and livestock products","356","India","5312","Area harvested","01444","Sesame seed","2018","2018","ha","1419975","A","Official value",""
"QCL","Crops and livestock products","356","India","5412","Yield","01444","Sesame seed","2018","2018","kg/ha","485.4","A","Official value",""
"QCL","Crops and livestock products","356","India","5510","Production","01444","Sesame seed","2018","2018","t","689309.75","A","Official value",""
"QCL","Crops and livestock products","356","India","5312","Area harvested","01444","Sesame seed","2019","2019","ha","1622602","A","Official value",""
"QCL","Crops and livestock products","356","India","5412","Yield","01444","Sesame seed","2019","2019","kg/ha","405.2","A","Official value",""
"QCL","Crops and livestock products","356","India","5510","Production","01444","Sesame seed","2019","2019","t","657497.85","A","Official value",""
"QCL","Crops and livestock products","356","India","5312","Area harvested","01444","Sesame seed","2020","2020","ha","1722667","A","Official value",""
"QCL","Crops and livestock products","356","India","5412","Yield","01444","Sesame seed","2020","2020","kg/ha","474.2","A","Official value",""
"QCL","Crops and livestock products","356","India","5510","Production","01444","Sesame seed","2020","2020","t","816813.37","A","Official value",""
"QCL","Crops and livestock products","356","India","5312","Area harvested","01444","Sesame seed","2021","2021","ha","1627045","A","Official value",""
"QCL","Crops and livestock products","356","India","5412","Yield","01444","Sesame seed","2021","2021","kg/ha","484.8","A","Official value",""
"QCL","Crops and livestock products","356","India","5510","Production","01444","Sesame seed","2021","2021","t","788744","A","Official value",""
"QCL","Crops and livestock products","356","India","5312","Area harvested","01444","Sesame seed","2022","2022","ha","1043086","A","Official value",""
"QCL","Crops and livestock products","356","India","5412","Yield","01444","Sesame seed","2022","2022","kg/ha","375.5","A","Official value",""
"QCL","Crops and livestock products","356","India","5510","Production","01444","Sesame seed","2022","2022","t","391669.44","A","Official value",""
"QCL","Crops and livestock products","356","India","5312","Area harvested","01444","Sesame seed","2023","2023","ha","1488224","A","Official value",""
"QCL","Crops and livestock products","356","India","5412","Yield","01444","Sesame seed","2023","2023","kg/ha","541.2","A","Official value",""
"QCL","Crops and livestock products","356","India","5510","Production","01444","Sesame seed","2023","2023","t","805474.37","A","Official value",""
"QCL","Crops and livestock products","356","India","5312","Area harvested","0114","Sorghum","2000","2000","ha","10287800","A","Official value",""
"QCL","Crops and livestock products","356","India","5412","Yield","0114","Sorghum","2000","2000","kg/ha","819.2","A","Official value",""
"QCL","Crops and livestock products","356","India","5510","Production","0114","Sorghum","2000","2000","t","8427700","A","Official value",""
"QCL","Crops and livestock products","356","India","5312","Area harvested","0114","Sorghum","2001","2001","ha","9466200","A","Official value",""
"QCL","Crops and livestock products","356","India","5412","Yield","0114","Sorghum","2001","2001","kg/ha","760.3","A","Official value",""
"QCL","Crops and livestock products","356","India","5510","Production","0114","Sorghum","2001","2001","t","7196700","A","Official value",""
"QCL","Crops and livestock products","356","India","5312","Area harvested","0114","Sorghum","2002","2002","ha","9565800","A","Official value",""
"QCL","Crops and livestock products","356","India","5412","Yield","0114","Sorghum","2002","2002","kg/ha","789.4","A","Official value",""
"QCL","Crops and livestock products","356","India","5510","Production","0114","Sorghum","2002","2002","t","7550900","A","Official value",""
"QCL","Crops and livestock products","356","India","5312","Area harvested","0114","Sorghum","2003","2003","ha","9518900","A","Official value",""
"QCL","Crops and livestock products","356","India","5412","Yield","0114","Sorghum","2003","2003","kg/ha","801.9","A","Official value",""
"QCL","Crops and livestock products","356","India","5510","Production","0114","Sorghum","2003","2003","t","7633300","A","Official value",""
"QCL","Crops and livestock products","356","India","5312","Area harvested","0114","Sorghum","2004","2004","ha","8966700","A","Official value",""
"QCL","Crops and livestock products","356","India","5412","Yield","0114","Sorghum","2004","2004","kg/ha","656","A","Official value",""
"QCL","Crops and livestock products","356","India","5510","Production","0114","Sorghum","2004","2004","t","5882100","A","Official value",""
"QCL","Crops and livestock products","356","India","5312","Area harvested","0114","Sorghum","2005","2005","ha","8757000","A","Official value",""
"QCL","Crops and livestock products","356","India","5412","Yield","0114","Sorghum","2005","2005","kg/ha","830.4","A","Official value",""
"QCL","Crops and livestock products","356","India","5510","Production","0114","Sorghum","2005","2005","t","7271500","A","Official value",""
"QCL","Crops and livestock products","356","India","5312","Area harvested","0114","Sorghum","2006","2006","ha","8642200","A","Official value",""
"QCL","Crops and livestock products","356","India","5412","Yield","0114","Sorghum","2006","2006","kg/ha","840.6","A","Official value",""
"QCL","Crops and livestock products","356","India","5510","Production","0114","Sorghum","2006","2006","t","7264800","A","Official value",""
"QCL","Crops and livestock products","356","India","5312","Area harvested","0114","Sorghum","2007","2007","ha","8234000","A","Official value",""
"QCL","Crops and livestock products","356","India","5412","Yield","0114","Sorghum","2007","2007","kg/ha","918","A","Official value",""
"QCL","Crops and livestock products","356","India","5510","Production","0114","Sorghum","2007","2007","t","7558900","A","Official value",""
"QCL","Crops and livestock products","356","India","5312","Area harvested","0114","Sorghum","2010","2010","ha","7620438","A","Official value",""
"QCL","Crops and livestock products","356","India","5412","Yield","0114","Sorghum","2010","2010","kg/ha","967.7","A","Official value",""
"QCL","Crops and livestock products","356","India","5510","Production","0114","Sorghum","2010","2010","t","7374117","A","Official value",""
"QCL","Crops and livestock products","356","India","5312","Area harvested","0114","Sorghum","2011","2011","ha","6929541","A","Official value",""
"QCL","Crops and livestock products","356","India","5412","Yield","0114","Sorghum","2011","2011","kg/ha","989.5","A","Official value",""
"QCL","Crops and livestock products","356","India","5510","Production","0114","Sorghum","2011","2011","t","6857018","A","Official value",""
"QCL","Crops and livestock products","356","India","5312","Area harvested","0114","Sorghum","2012","2012","ha","6051300","A","Official value",""
"QCL","Crops and livestock products","356","India","5412","Yield","0114","Sorghum","2012","2012","kg/ha","913.3","A","Official value",""
"QCL","Crops and livestock products","356","India","5510","Production","0114","Sorghum","2012","2012","t","5526480","A","Official value",""
"QCL","Crops and livestock products","356","India","5312","Area harvested","0114","Sorghum","2013","2013","ha","6065840","A","Official value",""
"QCL","Crops and livestock products","356","India","5412","Yield","0114","Sorghum","2013","2013","kg/ha","796.9","A","Official value",""
"QCL","Crops and livestock products","356","India","5510","Production","0114","Sorghum","2013","2013","t","4833696","A","Official value",""
"QCL","Crops and livestock products","356","India","5312","Area harvested","0114","Sorghum","2014","2014","ha","5784493","A","Official value",""
"QCL","Crops and livestock products","356","India","5412","Yield","0114","Sorghum","2014","2014","kg/ha","942.1","A","Official value",""
"QCL","Crops and livestock products","356","India","5510","Production","0114","Sorghum","2014","2014","t","5449510","A","Official value",""
"QCL","Crops and livestock products","356","India","5312","Area harvested","0114","Sorghum","2015","2015","ha","6031678","A","Official value",""
"QCL","Crops and livestock products","356","India","5412","Yield","0114","Sorghum","2015","2015","kg/ha","822.5","A","Official value",""
"QCL","Crops and livestock products","356","India","5510","Production","0114","Sorghum","2015","2015","t","4961340","A","Official value",""
"QCL","Crops and livestock products","356","India","5312","Area harvested","0114","Sorghum","2016","2016","ha","5998351","A","Official value",""
"QCL","Crops and livestock products","356","India","5412","Yield","0114","Sorghum","2016","2016","kg/ha","731.2","A","Official value",""
"QCL","Crops and livestock products","356","India","5510","Production","0114","Sorghum","2016","2016","t","4386084.2","A","Official value",""
"QCL","Crops and livestock products","356","India","5312","Area harvested","0114","Sorghum","2017","2017","ha","5624910","A","Official value",""
"QCL","Crops and livestock products","356","India","5412","Yield","0114","Sorghum","2017","2017","kg/ha","867.1","A","Official value",""
"QCL","Crops and livestock products","356","India","5510","Production","0114","Sorghum","2017","2017","t","4877351.18","A","Official value",""
"QCL","Crops and livestock products","356","India","5312","Area harvested","0114","Sorghum","2018","2018","ha","4719274","A","Official value",""
"QCL","Crops and livestock products","356","India","5412","Yield","0114","Sorghum","2018","2018","kg/ha","903.7","A","Official value",""
"QCL","Crops and livestock products","356","India","5510","Production","0114","Sorghum","2018","2018","t","4264621.52","A","Official value",""
"QCL","Crops and livestock products","356","India","5312","Area harvested","0114","Sorghum","2019","2019","ha","4093763","A","Official value",""
"QCL","Crops and livestock products","356","India","5412","Yield","0114","Sorghum","2019","2019","kg/ha","839.7","A","Official value",""
"QCL","Crops and livestock products","356","India","5510","Production","0114","Sorghum","2019","2019","t","3437334.88","A","Official value",""
"QCL","Crops and livestock products","356","India","5312","Area harvested","0114","Sorghum","2020","2020","ha","4710840","A","Official value",""
"QCL","Crops and livestock products","356","India","5412","Yield","0114","Sorghum","2020","2020","kg/ha","1074.4","A","Official value",""
"QCL","Crops and livestock products","356","India","5510","Production","0114","Sorghum","2020","2020","t","5061470.76","A","Official value",""
"QCL","Crops and livestock products","356","India","5312","Area harvested","0114","Sorghum","2021","2021","ha","4201975","A","Official value",""
"QCL","Crops and livestock products","356","India","5412","Yield","0114","Sorghum","2021","2021","kg/ha","1052.8","A","Official value",""
"QCL","Crops and livestock products","356","India","5510","Production","0114","Sorghum","2021","2021","t","4423927.4","A","Official value",""
"QCL","Crops and livestock products","356","India","5312","Area harvested","0114","Sorghum","2022","2022","ha","3716443","A","Official value",""
"QCL","Crops and livestock products","356","India","5412","Yield","0114","Sorghum","2022","2022","kg/ha","1084.9","A","Official value",""
"QCL","Crops and livestock products","356","India","5510","Production","0114","Sorghum","2022","2022","t","4032110.5","A","Official value",""
"QCL","Crops and livestock products","356","India","5312","Area harvested","0114","Sorghum","2023","2023","ha","3442140","A","Official value",""
"QCL","Crops and livestock products","356","India","5412","Yield","0114","Sorghum","2023","2023","kg/ha","1116.5","A","Official value",""
"QCL","Crops and livestock products","356","India","5510","Production","0114","Sorghum","2023","2023","t","3842998.2","A","Official value",""
"QCL","Crops and livestock products","356","India","5510","Production","2161","Soya bean oil","2000","2000","t","845000","A","Official value",""
"QCL","Crops and livestock products","356","India","5510","Production","2161","Soya bean oil","2001","2001","t","954000","A","Official value",""
"QCL","Crops and livestock products","356","India","5510","Production","2161","Soya bean oil","2002","2002","t","745000","A","Official value",""
"QCL","Crops and livestock products","356","India","5510","Production","2161","Soya bean oil","2003","2003","t","1251000","A","Official value",""
"QCL","Crops and livestock products","356","India","5510","Production","2161","Soya bean oil","2004","2004","t","1100000","A","Official value",""
"QCL","Crops and livestock products","356","India","5510","Production","2161","Soya bean oil","2005","2005","t","1324000","A","Official value",""
"QCL","Crops and livestock products","356","India","5510","Production","2161","Soya bean oil","2006","2006","t","1416000","A","Official value",""
"QCL","Crops and livestock products","356","India","5510","Production","2161","Soya bean oil","2007","2007","t","1755000","A","Official value",""
"QCL","Crops and livestock products","356","India","5510","Production","2161","Soya bean oil","2010","2010","t","2038000","A","Official value",""
"QCL","Crops and livestock products","356","India","5510","Production","2161","Soya bean oil","2011","2011","t","1954000","A","Official value",""
"QCL","Crops and livestock products","356","India","5510","Production","2161","Soya bean oil","2012","2012","t","2347000","A","Official value",""
"QCL","Crops and livestock products","356","India","5510","Production","2161","Soya bean oil","2013","2013","t","1897000","A","Official value",""
"QCL","Crops and livestock products","356","India","5510","Production","2161","Soya bean oil","2014","2014","t","1660000","A","Official value",""
"QCL","Crops and livestock products","356","India","5510","Production","2161","Soya bean oil","2015","2015","t","1373000","A","Official value",""
"QCL","Crops and livestock products","356","India","5510","Production","2161","Soya bean oil","2016","2016","t","1716000","A","Official value",""
"QCL","Crops and livestock products","356","India","5510","Production","2161","Soya bean oil","2017","2017","t","2082000","A","Official value",""
"QCL","Crops and livestock products","356","India","5510","Production","2161","Soya bean oil","2018","2018","t","1518000","A","Official value",""
"QCL","Crops and livestock products","356","India","5510","Production","2161","Soya bean oil","2019","2019","t","2290000","A","Official value",""
"QCL","Crops and livestock products","356","India","5510","Production","2161","Soya bean oil","2020","2020","t","2020000","A","Official value",""
"QCL","Crops and livestock products","356","India","5510","Production","2161","Soya bean oil","2021","2021","t","2081000","A","Official value",""
"QCL","Crops and livestock products","356","India","5510","Production","2161","Soya bean oil","2022","2022","t","2401000","A","Official value",""
"QCL","Crops and livestock products","356","India","5510","Production","2161","Soya bean oil","2023","2023","t","2093000","A","Official value",""
"QCL","Crops and livestock products","356","India","5312","Area harvested","0141","Soya beans","2000","2000","ha","6416600","A","Official value",""
"QCL","Crops and livestock products","356","India","5412","Yield","0141","Soya beans","2000","2000","kg/ha","822.9","A","Official value",""
"QCL","Crops and livestock products","356","India","5510","Production","0141","Soya beans","2000","2000","t","5280000","A","Official value",""
"QCL","Crops and livestock products","356","India","5312","Area harvested","0141","Soya beans","2001","2001","ha","6343100","A","Official value",""
"QCL","Crops and livestock products","356","India","5412","Yield","0141","Soya beans","2001","2001","kg/ha","940","A","Official value",""
"QCL","Crops and livestock products","356","India","5510","Production","0141","Soya beans","2001","2001","t","5962700","A","Official value",""
"QCL","Crops and livestock products","356","India","5312","Area harvested","0141","Soya beans","2002","2002","ha","6105500","A","Official value",""
"QCL","Crops and livestock products","356","India","5412","Yield","0141","Soya beans","2002","2002","kg/ha","762.4","A","Official value",""
"QCL","Crops and livestock products","356","India","5510","Production","0141","Soya beans","2002","2002","t","4654700","A","Official value",""
"QCL","Crops and livestock products","356","India","5312","Area harvested","0141","Soya beans","2003","2003","ha","6554700","A","Official value",""
"QCL","Crops and livestock products","356","India","5412","Yield","0141","Soya beans","2003","2003","kg/ha","1192.9","A","Official value",""
"QCL","Crops and livestock products","356","India","5510","Production","0141","Soya beans","2003","2003","t","7818900","A","Official value",""
"QCL","Crops and livestock products","356","India","5312","Area harvested","0141","Soya beans","2004","2004","ha","7571200","A","Official value",""
"QCL","Crops and livestock products","356","India","5412","Yield","0141","Soya beans","2004","2004","kg/ha","908.2","A","Official value",""
"QCL","Crops and livestock products","356","India","5510","Production","0141","Soya beans","2004","2004","t","6876300","A","Official value",""
"QCL","Crops and livestock products","356","India","5312","Area harvested","0141","Soya beans","2005","2005","ha","7707500","A","Official value",""
"QCL","Crops and livestock products","356","India","5412","Yield","0141","Soya beans","2005","2005","kg/ha","1073.4","A","Official value",""
"QCL","Crops and livestock products","356","India","5510","Production","0141","Soya beans","2005","2005","t","8273500","A","Official value",""
"QCL","Crops and livestock products","356","India","5312","Area harvested","0141","Soya beans","2006","2006","ha","8328700","A","Official value",""
"QCL","Crops and livestock products","356","India","5412","Yield","0141","Soya beans","2006","2006","kg/ha","1062.7","A","Official value",""
"QCL","Crops and livestock products","356","India","5510","Production","0141","Soya beans","2006","2006","t","8850800","A","Official value",""
"QCL","Crops and livestock products","356","India","5312","Area harvested","0141","Soya beans","2007","2007","ha","8881700","A","Official value",""
"QCL","Crops and livestock products","356","India","5412","Yield","0141","Soya beans","2007","2007","kg/ha","1234.9","A","Official value",""
"QCL","Crops and livestock products","356","India","5510","Production","0141","Soya beans","2007","2007","t","10968200","A","Official value",""
"QCL","Crops and livestock products","356","India","5312","Area harvested","0141","Soya beans","2010","2010","ha","9601036","A","Official value",""
"QCL","Crops and livestock products","356","India","5412","Yield","0141","Soya beans","2010","2010","kg/ha","1326.3","A","Official value",""
"QCL","Crops and livestock products","356","India","5510","Production","0141","Soya beans","2010","2010","t","12733697","A","Official value",""
"QCL","Crops and livestock products","356","India","5312","Area harvested","0141","Soya beans","2011","2011","ha","10109092","A","Official value",""
"QCL","Crops and livestock products","356","India","5412","Yield","0141","Soya beans","2011","2011","kg/ha","1208.2","A","Official value",""
"QCL","Crops and livestock products","356","India","5510","Production","0141","Soya beans","2011","2011","t","12213513","A","Official value",""
"QCL","Crops and livestock products","356","India","5312","Area harvested","0141","Soya beans","2012","2012","ha","10840733","A","Official value",""
"QCL","Crops and livestock products","356","India","5412","Yield","0141","Soya beans","2012","2012","kg/ha","1352.9","A","Official value",""
"QCL","Crops and livestock products","356","India","5510","Production","0141","Soya beans","2012","2012","t","14666448","A","Official value",""
"QCL","Crops and livestock products","356","India","5312","Area harvested","0141","Soya beans","2013","2013","ha","11716408","A","Official value",""
"QCL","Crops and livestock products","356","India","5412","Yield","0141","Soya beans","2013","2013","kg/ha","1012.3","A","Official value",""
"QCL","Crops and livestock products","356","India","5510","Production","0141","Soya beans","2013","2013","t","11860818.02","A","Official value",""
"QCL","Crops and livestock products","356","India","5312","Area harvested","0141","Soya beans","2014","2014","ha","10910830","A","Official value",""
"QCL","Crops and livestock products","356","India","5412","Yield","0141","Soya beans","2014","2014","kg/ha","950.8","A","Official value",""
"QCL","Crops and livestock products","356","India","5510","Production","0141","Soya beans","2014","2014","t","10373800","A","Official value",""
"QCL","Crops and livestock products","356","India","5312","Area harvested","0141","Soya beans","2015","2015","ha","11604541","A","Official value",""
"QCL","Crops and livestock products","356","India","5412","Yield","0141","Soya beans","2015","2015","kg/ha","738.5","A","Official value",""
"QCL","Crops and livestock products","356","India","5510","Production","0141","Soya beans","2015","2015","t","8569794.62","A","Official value",""
"QCL","Crops and livestock products","356","India","5312","Area harvested","0141","Soya beans","2016","2016","ha","11183401","A","Official value",""
"QCL","Crops and livestock products","356","India","5412","Yield","0141","Soya beans","2016","2016","kg/ha","1176.6","A","Official value",""
"QCL","Crops and livestock products","356","India","5510","Production","0141","Soya beans","2016","2016","t","13158730","A","Official value",""
"QCL","Crops and livestock products","356","India","5312","Area harvested","0141","Soya beans","2017","2017","ha","10328825","A","Official value",""
"QCL","Crops and livestock products","356","India","5412","Yield","0141","Soya beans","2017","2017","kg/ha","1058.5","A","Official value",""
"QCL","Crops and livestock products","356","India","5510","Production","0141","Soya beans","2017","2017","t","10932972.36","A","Official value",""
"QCL","Crops and livestock products","356","India","5312","Area harvested","0141","Soya beans","2018","2018","ha","11131257","A","Official value",""
"QCL","Crops and livestock products","356","India","5412","Yield","0141","Soya beans","2018","2018","kg/ha","1191.9","A","Official value",""
"QCL","Crops and livestock products","356","India","5510","Production","0141","Soya beans","2018","2018","t","13267518.8","A","Official value",""
"QCL","Crops and livestock products","356","India","5312","Area harvested","0141","Soya beans","2019","2019","ha","12192707","A","Official value",""
"QCL","Crops and livestock products","356","India","5412","Yield","0141","Soya beans","2019","2019","kg/ha","920.7","A","Official value",""
"QCL","Crops and livestock products","356","India","5510","Production","0141","Soya beans","2019","2019","t","11225853.4","A","Official value",""
"QCL","Crops and livestock products","356","India","5312","Area harvested","0141","Soya beans","2020","2020","ha","12918278","A","Official value",""
"QCL","Crops and livestock products","356","India","5412","Yield","0141","Soya beans","2020","2020","kg/ha","976.2","A","Official value",""
"QCL","Crops and livestock products","356","India","5510","Production","0141","Soya beans","2020","2020","t","12610296.12","A","Official value",""
"QCL","Crops and livestock products","356","India","5312","Area harvested","0141","Soya beans","2021","2021","ha","12146576","A","Official value",""
"QCL","Crops and livestock products","356","India","5412","Yield","0141","Soya beans","2021","2021","kg/ha","1069.2","A","Official value",""
"QCL","Crops and livestock products","356","India","5510","Production","0141","Soya beans","2021","2021","t","12986722","A","Official value",""
"QCL","Crops and livestock products","356","India","5312","Area harvested","0141","Soya beans","2022","2022","ha","13084089","A","Official value",""
"QCL","Crops and livestock products","356","India","5412","Yield","0141","Soya beans","2022","2022","kg/ha","1145.3","A","Official value",""
"QCL","Crops and livestock products","356","India","5510","Production","0141","Soya beans","2022","2022","t","14984927.37","A","Official value",""
"QCL","Crops and livestock products","356","India","5312","Area harvested","0141","Soya beans","2023","2023","ha","13254897","A","Official value",""
"QCL","Crops and livestock products","356","India","5412","Yield","0141","Soya beans","2023","2023","kg/ha","985.4","A","Official value",""
"QCL","Crops and livestock products","356","India","5510","Production","0141","Soya beans","2023","2023","t","13061988.83","A","Official value",""
"QCL","Crops and livestock products","356","India","5312","Area harvested","01354","Strawberries","2014","2014","ha","","M","Missing value; data cannot exist",""
"QCL","Crops and livestock products","356","India","5510","Production","01354","Strawberries","2014","2014","t","","M","Missing value; data cannot exist",""
"QCL","Crops and livestock products","356","India","5312","Area harvested","01354","Strawberries","2015","2015","ha","1000","A","Official value",""
"QCL","Crops and livestock products","356","India","5412","Yield","01354","Strawberries","2015","2015","kg/ha","8000","A","Official value",""
"QCL","Crops and livestock products","356","India","5510","Production","01354","Strawberries","2015","2015","t","8000","A","Official value",""
"QCL","Crops and livestock products","356","India","5312","Area harvested","01354","Strawberries","2016","2016","ha","694","A","Official value",""
"QCL","Crops and livestock products","356","India","5412","Yield","01354","Strawberries","2016","2016","kg/ha","7064.3","A","Official value",""
"QCL","Crops and livestock products","356","India","5510","Production","01354","Strawberries","2016","2016","t","4902.6","A","Official value",""
"QCL","Crops and livestock products","356","India","5312","Area harvested","01354","Strawberries","2017","2017","ha","511","A","Official value",""
"QCL","Crops and livestock products","356","India","5412","Yield","01354","Strawberries","2017","2017","kg/ha","7358.1","A","Official value",""
"QCL","Crops and livestock products","356","India","5510","Production","01354","Strawberries","2017","2017","t","3760","A","Official value",""
"QCL","Crops and livestock products","356","India","5312","Area harvested","01354","Strawberries","2018","2018","ha","653","A","Official value",""
"QCL","Crops and livestock products","356","India","5412","Yield","01354","Strawberries","2018","2018","kg/ha","8137.3","A","Official value",""
"QCL","Crops and livestock products","356","India","5510","Production","01354","Strawberries","2018","2018","t","5310.58","A","Official value",""
"QCL","Crops and livestock products","356","India","5312","Area harvested","01354","Strawberries","2019","2019","ha","742","A","Official value",""
"QCL","Crops and livestock products","356","India","5412","Yield","01354","Strawberries","2019","2019","kg/ha","6629.4","A","Official value",""
"QCL","Crops and livestock products","356","India","5510","Production","01354","Strawberries","2019","2019","t","4919","A","Official value",""
"QCL","Crops and livestock products","356","India","5312","Area harvested","01354","Strawberries","2020","2020","ha","944","A","Official value",""
"QCL","Crops and livestock products","356","India","5412","Yield","01354","Strawberries","2020","2020","kg/ha","9176.9","A","Official value",""
"QCL","Crops and livestock products","356","India","5510","Production","01354","Strawberries","2020","2020","t","8663","A","Official value",""
"QCL","Crops and livestock products","356","India","5312","Area harvested","01354","Strawberries","2021","2021","ha","3309","A","Official value",""
"QCL","Crops and livestock products","356","India","5412","Yield","01354","Strawberries","2021","2021","kg/ha","5994.3","A","Official value",""
"QCL","Crops and livestock products","356","India","5510","Production","01354","Strawberries","2021","2021","t","19835","A","Official value",""
"QCL","Crops and livestock products","356","India","5312","Area harvested","01354","Strawberries","2022","2022","ha","2569","A","Official value",""
"QCL","Crops and livestock products","356","India","5412","Yield","01354","Strawberries","2022","2022","kg/ha","4430.5","A","Official value",""
"QCL","Crops and livestock products","356","India","5510","Production","01354","Strawberries","2022","2022","t","11382","A","Official value",""
"QCL","Crops and livestock products","356","India","5312","Area harvested","01354","Strawberries","2023","2023","ha","2421","A","Official value",""
"QCL","Crops and livestock products","356","India","5412","Yield","01354","Strawberries","2023","2023","kg/ha","7793.9","A","Official value",""
"QCL","Crops and livestock products","356","India","5510","Production","01354","Strawberries","2023","2023","t","18869","A","Official value",""
"QCL","Crops and livestock products","356","India","5312","Area harvested","01802","Sugar cane","2000","2000","ha","4219700","A","Official value",""
"QCL","Crops and livestock products","356","India","5412","Yield","01802","Sugar cane","2000","2000","kg/ha","70934.9","A","Official value",""
"QCL","Crops and livestock products","356","India","5510","Production","01802","Sugar cane","2000","2000","t","299323904","A","Official value",""
"QCL","Crops and livestock products","356","India","5312","Area harvested","01802","Sugar cane","2001","2001","ha","4315700","A","Official value",""
"QCL","Crops and livestock products","356","India","5412","Yield","01802","Sugar cane","2001","2001","kg/ha","68576.6","A","Official value",""
"QCL","Crops and livestock products","356","India","5510","Production","01802","Sugar cane","2001","2001","t","295956000","A","Official value",""
"QCL","Crops and livestock products","356","India","5312","Area harvested","01802","Sugar cane","2002","2002","ha","4411600","A","Official value",""
"QCL","Crops and livestock products","356","India","5412","Yield","01802","Sugar cane","2002","2002","kg/ha","67369.6","A","Official value",""
"QCL","Crops and livestock products","356","India","5510","Production","01802","Sugar cane","2002","2002","t","297207808","A","Official value",""
"QCL","Crops and livestock products","356","India","5312","Area harvested","01802","Sugar cane","2003","2003","ha","4520300","A","Official value",""
"QCL","Crops and livestock products","356","India","5412","Yield","01802","Sugar cane","2003","2003","kg/ha","63576.1","A","Official value",""
"QCL","Crops and livestock products","356","India","5510","Production","01802","Sugar cane","2003","2003","t","287383200","A","Official value",""
"QCL","Crops and livestock products","356","India","5312","Area harvested","01802","Sugar cane","2004","2004","ha","3938400","A","Official value",""
"QCL","Crops and livestock products","356","India","5412","Yield","01802","Sugar cane","2004","2004","kg/ha","59379.9","A","Official value",""
"QCL","Crops and livestock products","356","India","5510","Production","01802","Sugar cane","2004","2004","t","233861792","A","Official value",""
"QCL","Crops and livestock products","356","India","5312","Area harvested","01802","Sugar cane","2005","2005","ha","3661500","A","Official value",""
"QCL","Crops and livestock products","356","India","5412","Yield","01802","Sugar cane","2005","2005","kg/ha","64751.7","A","Official value",""
"QCL","Crops and livestock products","356","India","5510","Production","01802","Sugar cane","2005","2005","t","237088400","A","Official value",""
"QCL","Crops and livestock products","356","India","5312","Area harvested","01802","Sugar cane","2006","2006","ha","4201100","A","Official value",""
"QCL","Crops and livestock products","356","India","5412","Yield","01802","Sugar cane","2006","2006","kg/ha","66928.1","A","Official value",""
"QCL","Crops and livestock products","356","India","5510","Production","01802","Sugar cane","2006","2006","t","281171808","A","Official value",""
"QCL","Crops and livestock products","356","India","5312","Area harvested","01802","Sugar cane","2007","2007","ha","5150000","A","Official value",""
"QCL","Crops and livestock products","356","India","5412","Yield","01802","Sugar cane","2007","2007","kg/ha","69033","A","Official value",""
"QCL","Crops and livestock products","356","India","5510","Production","01802","Sugar cane","2007","2007","t","355519712","A","Official value",""
"QCL","Crops and livestock products","356","India","5312","Area harvested","01802","Sugar cane","2010","2010","ha","4174600","A","Official value",""
"QCL","Crops and livestock products","356","India","5412","Yield","01802","Sugar cane","2010","2010","kg/ha","70019.1","A","Official value",""
"QCL","Crops and livestock products","356","India","5510","Production","01802","Sugar cane","2010","2010","t","292301600","A","Official value",""
"QCL","Crops and livestock products","356","India","5312","Area harvested","01802","Sugar cane","2011","2011","ha","4944390","A","Official value",""
"QCL","Crops and livestock products","356","India","5412","Yield","01802","Sugar cane","2011","2011","kg/ha","69246.6","A","Official value",""
"QCL","Crops and livestock products","356","India","5510","Production","01802","Sugar cane","2011","2011","t","342382016","A","Official value",""
"QCL","Crops and livestock products","356","India","5312","Area harvested","01802","Sugar cane","2012","2012","ha","5040000","A","Official value",""
"QCL","Crops and livestock products","356","India","5412","Yield","01802","Sugar cane","2012","2012","kg/ha","71634.3","A","Official value",""
"QCL","Crops and livestock products","356","India","5510","Production","01802","Sugar cane","2012","2012","t","361036992","A","Official value",""
"QCL","Crops and livestock products","356","India","5312","Area harvested","01802","Sugar cane","2013","2013","ha","5000000","A","Official value",""
"QCL","Crops and livestock products","356","India","5412","Yield","01802","Sugar cane","2013","2013","kg/ha","68240","A","Official value",""
"QCL","Crops and livestock products","356","India","5510","Production","01802","Sugar cane","2013","2013","t","341200000","A","Official value",""
"QCL","Crops and livestock products","356","India","5312","Area harvested","01802","Sugar cane","2014","2014","ha","4990000","A","Official value",""
"QCL","Crops and livestock products","356","India","5412","Yield","01802","Sugar cane","2014","2014","kg/ha","70569.5","A","Official value",""
"QCL","Crops and livestock products","356","India","5510","Production","01802","Sugar cane","2014","2014","t","352142000","A","Official value",""
"QCL","Crops and livestock products","356","India","5312","Area harvested","01802","Sugar cane","2015","2015","ha","5070000","A","Official value",""
"QCL","Crops and livestock products","356","India","5412","Yield","01802","Sugar cane","2015","2015","kg/ha","71466.1","A","Official value",""
"QCL","Crops and livestock products","356","India","5510","Production","01802","Sugar cane","2015","2015","t","362333000","A","Official value",""
"QCL","Crops and livestock products","356","India","5312","Area harvested","01802","Sugar cane","2016","2016","ha","4950000","A","Official value",""
"QCL","Crops and livestock products","356","India","5412","Yield","01802","Sugar cane","2016","2016","kg/ha","70393.5","A","Official value",""
"QCL","Crops and livestock products","356","India","5510","Production","01802","Sugar cane","2016","2016","t","348448000","A","Official value",""
"QCL","Crops and livestock products","356","India","5312","Area harvested","01802","Sugar cane","2017","2017","ha","4435690","A","Official value",""
"QCL","Crops and livestock products","356","India","5412","Yield","01802","Sugar cane","2017","2017","kg/ha","69001.4","A","Official value",""
"QCL","Crops and livestock products","356","India","5510","Production","01802","Sugar cane","2017","2017","t","306069000","A","Official value",""
"QCL","Crops and livestock products","356","India","5312","Area harvested","01802","Sugar cane","2018","2018","ha","4737060","A","Official value",""
"QCL","Crops and livestock products","356","India","5412","Yield","01802","Sugar cane","2018","2018","kg/ha","80198.4","A","Official value",""
"QCL","Crops and livestock products","356","India","5510","Production","01802","Sugar cane","2018","2018","t","379904850","A","Official value",""
"QCL","Crops and livestock products","356","India","5312","Area harvested","01802","Sugar cane","2019","2019","ha","5061090","A","Official value",""
"QCL","Crops and livestock products","356","India","5412","Yield","01802","Sugar cane","2019","2019","kg/ha","80104.5","A","Official value",""
"QCL","Crops and livestock products","356","India","5510","Production","01802","Sugar cane","2019","2019","t","405416180","A","Official value",""
"QCL","Crops and livestock products","356","India","5312","Area harvested","01802","Sugar cane","2020","2020","ha","4602680","A","Official value",""
"QCL","Crops and livestock products","356","India","5412","Yield","01802","Sugar cane","2020","2020","kg/ha","80496.6","A","Official value",""
"QCL","Crops and livestock products","356","India","5510","Production","01802","Sugar cane","2020","2020","t","370500300","A","Official value",""
"QCL","Crops and livestock products","356","India","5312","Area harvested","01802","Sugar cane","2021","2021","ha","4851230","A","Official value",""
"QCL","Crops and livestock products","356","India","5412","Yield","01802","Sugar cane","2021","2021","kg/ha","83566.2","A","Official value",""
"QCL","Crops and livestock products","356","India","5510","Production","01802","Sugar cane","2021","2021","t","405398710","A","Official value",""
"QCL","Crops and livestock products","356","India","5312","Area harvested","01802","Sugar cane","2022","2022","ha","5175410","A","Official value",""
"QCL","Crops and livestock products","356","India","5412","Yield","01802","Sugar cane","2022","2022","kg/ha","84906.3","A","Official value",""
"QCL","Crops and livestock products","356","India","5510","Production","01802","Sugar cane","2022","2022","t","439424890","A","Official value",""
"QCL","Crops and livestock products","356","India","5312","Area harvested","01802","Sugar cane","2023","2023","ha","5885317","A","Official value",""
"QCL","Crops and livestock products","356","India","5412","Yield","01802","Sugar cane","2023","2023","kg/ha","83348.7","A","Official value",""
"QCL","Crops and livestock products","356","India","5510","Production","01802","Sugar cane","2023","2023","t","490533351.06","A","Official value",""
"QCL","Crops and livestock products","356","India","5312","Area harvested","01445","Sunflower seed","2000","2000","ha","1233800","A","Official value",""
"QCL","Crops and livestock products","356","India","5412","Yield","01445","Sunflower seed","2000","2000","kg/ha","591.7","A","Official value",""
"QCL","Crops and livestock products","356","India","5510","Production","01445","Sunflower seed","2000","2000","t","730000","A","Official value",""
"QCL","Crops and livestock products","356","India","5312","Area harvested","01445","Sunflower seed","2001","2001","ha","964000","A","Official value",""
"QCL","Crops and livestock products","356","India","5412","Yield","01445","Sunflower seed","2001","2001","kg/ha","586.1","A","Official value",""
"QCL","Crops and livestock products","356","India","5510","Production","01445","Sunflower seed","2001","2001","t","565000","A","Official value",""
"QCL","Crops and livestock products","356","India","5312","Area harvested","01445","Sunflower seed","2002","2002","ha","1399400","A","Official value",""
"QCL","Crops and livestock products","356","India","5412","Yield","01445","Sunflower seed","2002","2002","kg/ha","568.7","A","Official value",""
"QCL","Crops and livestock products","356","India","5510","Production","01445","Sunflower seed","2002","2002","t","795900","A","Official value",""
"QCL","Crops and livestock products","356","India","5312","Area harvested","01445","Sunflower seed","2003","2003","ha","1721000","A","Official value",""
"QCL","Crops and livestock products","356","India","5412","Yield","01445","Sunflower seed","2003","2003","kg/ha","527.1","A","Official value",""
"QCL","Crops and livestock products","356","India","5510","Production","01445","Sunflower seed","2003","2003","t","907200","A","Official value",""
"QCL","Crops and livestock products","356","India","5312","Area harvested","01445","Sunflower seed","2004","2004","ha","2265900","A","Official value",""
"QCL","Crops and livestock products","356","India","5412","Yield","01445","Sunflower seed","2004","2004","kg/ha","465.8","A","Official value",""
"QCL","Crops and livestock products","356","India","5510","Production","01445","Sunflower seed","2004","2004","t","1055400","A","Official value",""
"QCL","Crops and livestock products","356","India","5312","Area harvested","01445","Sunflower seed","2005","2005","ha","2206900","A","Official value",""
"QCL","Crops and livestock products","356","India","5412","Yield","01445","Sunflower seed","2005","2005","kg/ha","548.9","A","Official value",""
"QCL","Crops and livestock products","356","India","5510","Production","01445","Sunflower seed","2005","2005","t","1211400","A","Official value",""
"QCL","Crops and livestock products","356","India","5312","Area harvested","01445","Sunflower seed","2006","2006","ha","2280600","A","Official value",""
"QCL","Crops and livestock products","356","India","5412","Yield","01445","Sunflower seed","2006","2006","kg/ha","591.4","A","Official value",""
"QCL","Crops and livestock products","356","India","5510","Production","01445","Sunflower seed","2006","2006","t","1348700","A","Official value",""
"QCL","Crops and livestock products","356","India","5312","Area harvested","01445","Sunflower seed","2007","2007","ha","2066300","A","Official value",""
"QCL","Crops and livestock products","356","India","5412","Yield","01445","Sunflower seed","2007","2007","kg/ha","641.1","A","Official value",""
"QCL","Crops and livestock products","356","India","5510","Production","01445","Sunflower seed","2007","2007","t","1324800","A","Official value",""
"QCL","Crops and livestock products","356","India","5312","Area harvested","01445","Sunflower seed","2010","2010","ha","1224122","A","Official value",""
"QCL","Crops and livestock products","356","India","5412","Yield","01445","Sunflower seed","2010","2010","kg/ha","676.5","A","Official value",""
"QCL","Crops and livestock products","356","India","5510","Production","01445","Sunflower seed","2010","2010","t","828144","A","Official value",""
"QCL","Crops and livestock products","356","India","5312","Area harvested","01445","Sunflower seed","2011","2011","ha","873869","A","Official value",""
"QCL","Crops and livestock products","356","India","5412","Yield","01445","Sunflower seed","2011","2011","kg/ha","694.2","A","Official value",""
"QCL","Crops and livestock products","356","India","5510","Production","01445","Sunflower seed","2011","2011","t","606616","A","Official value",""
"QCL","Crops and livestock products","356","India","5312","Area harvested","01445","Sunflower seed","2012","2012","ha","772712","A","Official value",""
"QCL","Crops and livestock products","356","India","5412","Yield","01445","Sunflower seed","2012","2012","kg/ha","720.1","A","Official value",""
"QCL","Crops and livestock products","356","India","5510","Production","01445","Sunflower seed","2012","2012","t","556423","A","Official value",""
"QCL","Crops and livestock products","356","India","5312","Area harvested","01445","Sunflower seed","2013","2013","ha","785543","A","Official value",""
"QCL","Crops and livestock products","356","India","5412","Yield","01445","Sunflower seed","2013","2013","kg/ha","672.1","A","Official value",""
"QCL","Crops and livestock products","356","India","5510","Production","01445","Sunflower seed","2013","2013","t","527964","A","Official value",""
"QCL","Crops and livestock products","356","India","5312","Area harvested","01445","Sunflower seed","2014","2014","ha","635200","A","Official value",""
"QCL","Crops and livestock products","356","India","5412","Yield","01445","Sunflower seed","2014","2014","kg/ha","757.1","A","Official value",""
"QCL","Crops and livestock products","356","India","5510","Production","01445","Sunflower seed","2014","2014","t","480900","A","Official value",""
"QCL","Crops and livestock products","356","India","5312","Area harvested","01445","Sunflower seed","2015","2015","ha","532300","A","Official value",""
"QCL","Crops and livestock products","356","India","5412","Yield","01445","Sunflower seed","2015","2015","kg/ha","671.5","A","Official value",""
"QCL","Crops and livestock products","356","India","5510","Production","01445","Sunflower seed","2015","2015","t","357432.4","A","Official value",""
"QCL","Crops and livestock products","356","India","5312","Area harvested","01445","Sunflower seed","2016","2016","ha","502845","A","Official value",""
"QCL","Crops and livestock products","356","India","5412","Yield","01445","Sunflower seed","2016","2016","kg/ha","653","A","Official value",""
"QCL","Crops and livestock products","356","India","5510","Production","01445","Sunflower seed","2016","2016","t","328358.25","A","Official value",""
"QCL","Crops and livestock products","356","India","5312","Area harvested","01445","Sunflower seed","2017","2017","ha","342981","A","Official value",""
"QCL","Crops and livestock products","356","India","5412","Yield","01445","Sunflower seed","2017","2017","kg/ha","693.4","A","Official value",""
"QCL","Crops and livestock products","356","India","5510","Production","01445","Sunflower seed","2017","2017","t","237832.08","A","Official value",""
"QCL","Crops and livestock products","356","India","5312","Area harvested","01445","Sunflower seed","2018","2018","ha","266117","A","Official value",""
"QCL","Crops and livestock products","356","India","5412","Yield","01445","Sunflower seed","2018","2018","kg/ha","853.7","A","Official value",""
"QCL","Crops and livestock products","356","India","5510","Production","01445","Sunflower seed","2018","2018","t","227193.74","A","Official value",""
"QCL","Crops and livestock products","356","India","5312","Area harvested","01445","Sunflower seed","2019","2019","ha","269571","A","Official value",""
"QCL","Crops and livestock products","356","India","5412","Yield","01445","Sunflower seed","2019","2019","kg/ha","807.7","A","Official value",""
"QCL","Crops and livestock products","356","India","5510","Production","01445","Sunflower seed","2019","2019","t","217745.25","A","Official value",""
"QCL","Crops and livestock products","356","India","5312","Area harvested","01445","Sunflower seed","2020","2020","ha","201789","A","Official value",""
"QCL","Crops and livestock products","356","India","5412","Yield","01445","Sunflower seed","2020","2020","kg/ha","983.4","A","Official value",""
"QCL","Crops and livestock products","356","India","5510","Production","01445","Sunflower seed","2020","2020","t","198440.27","A","Official value",""
"QCL","Crops and livestock products","356","India","5312","Area harvested","01445","Sunflower seed","2021","2021","ha","264977","A","Official value",""
"QCL","Crops and livestock products","356","India","5412","Yield","01445","Sunflower seed","2021","2021","kg/ha","986.4","A","Official value",""
"QCL","Crops and livestock products","356","India","5510","Production","01445","Sunflower seed","2021","2021","t","261383.85","A","Official value",""
"QCL","Crops and livestock products","356","India","5312","Area harvested","01445","Sunflower seed","2022","2022","ha","351445","A","Official value",""
"QCL","Crops and livestock products","356","India","5412","Yield","01445","Sunflower seed","2022","2022","kg/ha","976.5","A","Official value",""
"QCL","Crops and livestock products","356","India","5510","Production","01445","Sunflower seed","2022","2022","t","343194.28","A","Official value",""
"QCL","Crops and livestock products","356","India","5312","Area harvested","01445","Sunflower seed","2023","2023","ha","212714","A","Official value",""
"QCL","Crops and livestock products","356","India","5412","Yield","01445","Sunflower seed","2023","2023","kg/ha","1029.5","A","Official value",""
"QCL","Crops and livestock products","356","India","5510","Production","01445","Sunflower seed","2023","2023","t","218987.65","A","Official value",""
"QCL","Crops and livestock products","356","India","5510","Production","21631.01","Sunflower-seed oil, crude","2000","2000","t","215000","A","Official value",""
"QCL","Crops and livestock products","356","India","5510","Production","21631.01","Sunflower-seed oil, crude","2001","2001","t","224000","A","Official value",""
"QCL","Crops and livestock products","356","India","5510","Production","21631.01","Sunflower-seed oil, crude","2002","2002","t","288000","A","Official value",""
"QCL","Crops and livestock products","356","India","5510","Production","21631.01","Sunflower-seed oil, crude","2003","2003","t","307000","A","Official value",""
"QCL","Crops and livestock products","356","India","5510","Production","21631.01","Sunflower-seed oil, crude","2004","2004","t","392000","A","Official value",""
"QCL","Crops and livestock products","356","India","5510","Production","21631.01","Sunflower-seed oil, crude","2005","2005","t","475000","A","Official value",""
"QCL","Crops and livestock products","356","India","5510","Production","21631.01","Sunflower-seed oil, crude","2006","2006","t","405000","A","Official value",""
"QCL","Crops and livestock products","356","India","5510","Production","21631.01","Sunflower-seed oil, crude","2007","2007","t","483000","A","Official value",""
"QCL","Crops and livestock products","356","India","5510","Production","21631.01","Sunflower-seed oil, crude","2010","2010","t","215000","A","Official value",""
"QCL","Crops and livestock products","356","India","5510","Production","21631.01","Sunflower-seed oil, crude","2011","2011","t","170000","A","Official value",""
"QCL","Crops and livestock products","356","India","5510","Production","21631.01","Sunflower-seed oil, crude","2012","2012","t","180000","A","Official value",""
"QCL","Crops and livestock products","356","India","5510","Production","21631.01","Sunflower-seed oil, crude","2013","2013","t","166000","A","Official value",""
"QCL","Crops and livestock products","356","India","5510","Production","21631.01","Sunflower-seed oil, crude","2014","2014","t","143000","A","Official value",""
"QCL","Crops and livestock products","356","India","5510","Production","21631.01","Sunflower-seed oil, crude","2015","2015","t","98000","A","Official value",""
"QCL","Crops and livestock products","356","India","5510","Production","21631.01","Sunflower-seed oil, crude","2016","2016","t","80000","A","Official value",""
"QCL","Crops and livestock products","356","India","5510","Production","21631.01","Sunflower-seed oil, crude","2017","2017","t","70000","A","Official value",""
"QCL","Crops and livestock products","356","India","5510","Production","21631.01","Sunflower-seed oil, crude","2018","2018","t","73000","A","Official value",""
"QCL","Crops and livestock products","356","India","5510","Production","21631.01","Sunflower-seed oil, crude","2019","2019","t","72000","A","Official value",""
"QCL","Crops and livestock products","356","India","5510","Production","21631.01","Sunflower-seed oil, crude","2020","2020","t","76000","A","Official value",""
"QCL","Crops and livestock products","356","India","5510","Production","21631.01","Sunflower-seed oil, crude","2021","2021","t","83000","A","Official value",""
"QCL","Crops and livestock products","356","India","5510","Production","21631.01","Sunflower-seed oil, crude","2022","2022","t","121000","A","Official value",""
"QCL","Crops and livestock products","356","India","5510","Production","21631.01","Sunflower-seed oil, crude","2023","2023","t","58000","A","Official value",""
"QCL","Crops and livestock products","356","India","5312","Area harvested","01530","Sweet potatoes","2000","2000","ha","114000","A","Official value",""
"QCL","Crops and livestock products","356","India","5412","Yield","01530","Sweet potatoes","2000","2000","kg/ha","9742.1","A","Official value",""
"QCL","Crops and livestock products","356","India","5510","Production","01530","Sweet potatoes","2000","2000","t","1110600","A","Official value",""
"QCL","Crops and livestock products","356","India","5312","Area harvested","01530","Sweet potatoes","2001","2001","ha","114000","A","Official value",""
"QCL","Crops and livestock products","356","India","5412","Yield","01530","Sweet potatoes","2001","2001","kg/ha","8836.8","A","Official value",""
"QCL","Crops and livestock products","356","India","5510","Production","01530","Sweet potatoes","2001","2001","t","1007400","A","Official value",""
"QCL","Crops and livestock products","356","India","5312","Area harvested","01530","Sweet potatoes","2002","2002","ha","131900","A","Official value",""
"QCL","Crops and livestock products","356","India","5412","Yield","01530","Sweet potatoes","2002","2002","kg/ha","8569.4","A","Official value",""
"QCL","Crops and livestock products","356","India","5510","Production","01530","Sweet potatoes","2002","2002","t","1130300","A","Official value",""
"QCL","Crops and livestock products","356","India","5312","Area harvested","01530","Sweet potatoes","2003","2003","ha","131900","A","Official value",""
"QCL","Crops and livestock products","356","India","5412","Yield","01530","Sweet potatoes","2003","2003","kg/ha","8569.4","A","Official value",""
"QCL","Crops and livestock products","356","India","5510","Production","01530","Sweet potatoes","2003","2003","t","1130300","A","Official value",""
"QCL","Crops and livestock products","356","India","5312","Area harvested","01530","Sweet potatoes","2004","2004","ha","133100","A","Official value",""
"QCL","Crops and livestock products","356","India","5412","Yield","01530","Sweet potatoes","2004","2004","kg/ha","8858.8","A","Official value",""
"QCL","Crops and livestock products","356","India","5510","Production","01530","Sweet potatoes","2004","2004","t","1179100","A","Official value",""
"QCL","Crops and livestock products","356","India","5312","Area harvested","01530","Sweet potatoes","2005","2005","ha","133300","A","Official value",""
"QCL","Crops and livestock products","356","India","5412","Yield","01530","Sweet potatoes","2005","2005","kg/ha","8847.7","A","Official value",""
"QCL","Crops and livestock products","356","India","5510","Production","01530","Sweet potatoes","2005","2005","t","1179400","A","Official value",""
"QCL","Crops and livestock products","356","India","5312","Area harvested","01530","Sweet potatoes","2006","2006","ha","122800","A","Official value",""
"QCL","Crops and livestock products","356","India","5412","Yield","01530","Sweet potatoes","2006","2006","kg/ha","8684.9","A","Official value",""
"QCL","Crops and livestock products","356","India","5510","Production","01530","Sweet potatoes","2006","2006","t","1066500","A","Official value",""
"QCL","Crops and livestock products","356","India","5312","Area harvested","01530","Sweet potatoes","2007","2007","ha","122700","A","Official value",""
"QCL","Crops and livestock products","356","India","5412","Yield","01530","Sweet potatoes","2007","2007","kg/ha","8697.6","A","Official value",""
"QCL","Crops and livestock products","356","India","5510","Production","01530","Sweet potatoes","2007","2007","t","1067200","A","Official value",""
"QCL","Crops and livestock products","356","India","5312","Area harvested","01530","Sweet potatoes","2010","2010","ha","118900","A","Official value",""
"QCL","Crops and livestock products","356","India","5412","Yield","01530","Sweet potatoes","2010","2010","kg/ha","9206.9","A","Official value",""
"QCL","Crops and livestock products","356","India","5510","Production","01530","Sweet potatoes","2010","2010","t","1094700","A","Official value",""
"QCL","Crops and livestock products","356","India","5312","Area harvested","01530","Sweet potatoes","2011","2011","ha","113200","A","Official value",""
"QCL","Crops and livestock products","356","India","5412","Yield","01530","Sweet potatoes","2011","2011","kg/ha","9245.6","A","Official value",""
"QCL","Crops and livestock products","356","India","5510","Production","01530","Sweet potatoes","2011","2011","t","1046600","A","Official value",""
"QCL","Crops and livestock products","356","India","5312","Area harvested","01530","Sweet potatoes","2012","2012","ha","110400","A","Official value",""
"QCL","Crops and livestock products","356","India","5412","Yield","01530","Sweet potatoes","2012","2012","kg/ha","9717.4","A","Official value",""
"QCL","Crops and livestock products","356","India","5510","Production","01530","Sweet potatoes","2012","2012","t","1072800","A","Official value",""
"QCL","Crops and livestock products","356","India","5312","Area harvested","01530","Sweet potatoes","2013","2013","ha","111800","A","Official value",""
"QCL","Crops and livestock products","356","India","5412","Yield","01530","Sweet potatoes","2013","2013","kg/ha","10128.8","A","Official value",""
"QCL","Crops and livestock products","356","India","5510","Production","01530","Sweet potatoes","2013","2013","t","1132400","A","Official value",""
"QCL","Crops and livestock products","356","India","5312","Area harvested","01530","Sweet potatoes","2014","2014","ha","105870","A","Official value",""
"QCL","Crops and livestock products","356","India","5412","Yield","01530","Sweet potatoes","2014","2014","kg/ha","10275.6","A","Official value",""
"QCL","Crops and livestock products","356","India","5510","Production","01530","Sweet potatoes","2014","2014","t","1087880","A","Official value",""
"QCL","Crops and livestock products","356","India","5312","Area harvested","01530","Sweet potatoes","2015","2015","ha","107000","A","Official value",""
"QCL","Crops and livestock products","356","India","5412","Yield","01530","Sweet potatoes","2015","2015","kg/ha","11476.6","A","Official value",""
"QCL","Crops and livestock products","356","India","5510","Production","01530","Sweet potatoes","2015","2015","t","1228000","A","Official value",""
"QCL","Crops and livestock products","356","India","5312","Area harvested","01530","Sweet potatoes","2016","2016","ha","126000","A","Official value",""
"QCL","Crops and livestock products","356","India","5412","Yield","01530","Sweet potatoes","2016","2016","kg/ha","11539.7","A","Official value",""
"QCL","Crops and livestock products","356","India","5510","Production","01530","Sweet potatoes","2016","2016","t","1454000","A","Official value",""
"QCL","Crops and livestock products","356","India","5312","Area harvested","01530","Sweet potatoes","2017","2017","ha","128000","A","Official value",""
"QCL","Crops and livestock products","356","India","5412","Yield","01530","Sweet potatoes","2017","2017","kg/ha","11406.3","A","Official value",""
"QCL","Crops and livestock products","356","India","5510","Production","01530","Sweet potatoes","2017","2017","t","1460000","A","Official value",""
"QCL","Crops and livestock products","356","India","5312","Area harvested","01530","Sweet potatoes","2018","2018","ha","131000","A","Official value",""
"QCL","Crops and livestock products","356","India","5412","Yield","01530","Sweet potatoes","2018","2018","kg/ha","11450.4","A","Official value",""
"QCL","Crops and livestock products","356","India","5510","Production","01530","Sweet potatoes","2018","2018","t","1500000","A","Official value",""
"QCL","Crops and livestock products","356","India","5312","Area harvested","01530","Sweet potatoes","2019","2019","ha","110000","A","Official value",""
"QCL","Crops and livestock products","356","India","5412","Yield","01530","Sweet potatoes","2019","2019","kg/ha","10509.1","A","Official value",""
"QCL","Crops and livestock products","356","India","5510","Production","01530","Sweet potatoes","2019","2019","t","1156000","A","Official value",""
"QCL","Crops and livestock products","356","India","5312","Area harvested","01530","Sweet potatoes","2020","2020","ha","108000","A","Official value",""
"QCL","Crops and livestock products","356","India","5412","Yield","01530","Sweet potatoes","2020","2020","kg/ha","10564.8","A","Official value",""
"QCL","Crops and livestock products","356","India","5510","Production","01530","Sweet potatoes","2020","2020","t","1141000","A","Official value",""
"QCL","Crops and livestock products","356","India","5312","Area harvested","01530","Sweet potatoes","2021","2021","ha","106000","A","Official value",""
"QCL","Crops and livestock products","356","India","5412","Yield","01530","Sweet potatoes","2021","2021","kg/ha","10575.5","A","Official value",""
"QCL","Crops and livestock products","356","India","5510","Production","01530","Sweet potatoes","2021","2021","t","1121000","A","Official value",""
"QCL","Crops and livestock products","356","India","5312","Area harvested","01530","Sweet potatoes","2022","2022","ha","107000","A","Official value",""
"QCL","Crops and livestock products","356","India","5412","Yield","01530","Sweet potatoes","2022","2022","kg/ha","11065.4","A","Official value",""
"QCL","Crops and livestock products","356","India","5510","Production","01530","Sweet potatoes","2022","2022","t","1184000","A","Official value",""
"QCL","Crops and livestock products","356","India","5312","Area harvested","01530","Sweet potatoes","2023","2023","ha","110000","A","Official value",""
"QCL","Crops and livestock products","356","India","5412","Yield","01530","Sweet potatoes","2023","2023","kg/ha","11718.2","A","Official value",""
"QCL","Crops and livestock products","356","India","5510","Production","01530","Sweet potatoes","2023","2023","t","1289000","A","Official value",""
"QCL","Crops and livestock products","356","India","5312","Area harvested","01324","Tangerines, mandarins, clementines","2000","2000","ha","198900","A","Official value",""
"QCL","Crops and livestock products","356","India","5412","Yield","01324","Tangerines, mandarins, clementines","2000","2000","kg/ha","8334.3","A","Official value",""
"QCL","Crops and livestock products","356","India","5510","Production","01324","Tangerines, mandarins, clementines","2000","2000","t","1657700","A","Official value",""
"QCL","Crops and livestock products","356","India","5312","Area harvested","01324","Tangerines, mandarins, clementines","2001","2001","ha","168900","A","Official value",""
"QCL","Crops and livestock products","356","India","5412","Yield","01324","Tangerines, mandarins, clementines","2001","2001","kg/ha","8373.6","A","Official value",""
"QCL","Crops and livestock products","356","India","5510","Production","01324","Tangerines, mandarins, clementines","2001","2001","t","1414300","A","Official value",""
"QCL","Crops and livestock products","356","India","5312","Area harvested","01324","Tangerines, mandarins, clementines","2002","2002","ha","198900","A","Official value",""
"QCL","Crops and livestock products","356","India","5412","Yield","01324","Tangerines, mandarins, clementines","2002","2002","kg/ha","8346.4","A","Official value",""
"QCL","Crops and livestock products","356","India","5510","Production","01324","Tangerines, mandarins, clementines","2002","2002","t","1660100","A","Official value",""
"QCL","Crops and livestock products","356","India","5312","Area harvested","01324","Tangerines, mandarins, clementines","2003","2003","ha","142800","A","Official value",""
"QCL","Crops and livestock products","356","India","5412","Yield","01324","Tangerines, mandarins, clementines","2003","2003","kg/ha","7959.4","A","Official value",""
"QCL","Crops and livestock products","356","India","5510","Production","01324","Tangerines, mandarins, clementines","2003","2003","t","1136600","A","Official value",""
"QCL","Crops and livestock products","356","India","5312","Area harvested","01324","Tangerines, mandarins, clementines","2004","2004","ha","183400","A","Official value",""
"QCL","Crops and livestock products","356","India","5412","Yield","01324","Tangerines, mandarins, clementines","2004","2004","kg/ha","6783.5","A","Official value",""
"QCL","Crops and livestock products","356","India","5510","Production","01324","Tangerines, mandarins, clementines","2004","2004","t","1244100","A","Official value",""
"QCL","Crops and livestock products","356","India","5312","Area harvested","01324","Tangerines, mandarins, clementines","2005","2005","ha","183600","A","Official value",""
"QCL","Crops and livestock products","356","India","5412","Yield","01324","Tangerines, mandarins, clementines","2005","2005","kg/ha","6730.4","A","Official value",""
"QCL","Crops and livestock products","356","India","5510","Production","01324","Tangerines, mandarins, clementines","2005","2005","t","1235700","A","Official value",""
"QCL","Crops and livestock products","356","India","5312","Area harvested","01324","Tangerines, mandarins, clementines","2006","2006","ha","210800","A","Official value",""
"QCL","Crops and livestock products","356","India","5412","Yield","01324","Tangerines, mandarins, clementines","2006","2006","kg/ha","6161.3","A","Official value",""
"QCL","Crops and livestock products","356","India","5510","Production","01324","Tangerines, mandarins, clementines","2006","2006","t","1298800","A","Official value",""
"QCL","Crops and livestock products","356","India","5312","Area harvested","01324","Tangerines, mandarins, clementines","2007","2007","ha","198400","A","Official value",""
"QCL","Crops and livestock products","356","India","5412","Yield","01324","Tangerines, mandarins, clementines","2007","2007","kg/ha","6842.2","A","Official value",""
"QCL","Crops and livestock products","356","India","5510","Production","01324","Tangerines, mandarins, clementines","2007","2007","t","1357500","A","Official value",""
"QCL","Crops and livestock products","356","India","5312","Area harvested","01324","Tangerines, mandarins, clementines","2010","2010","ha","285000","A","Official value",""
"QCL","Crops and livestock products","356","India","5412","Yield","01324","Tangerines, mandarins, clementines","2010","2010","kg/ha","7312.3","A","Official value",""
"QCL","Crops and livestock products","356","India","5510","Production","01324","Tangerines, mandarins, clementines","2010","2010","t","2084000","A","Official value",""
"QCL","Crops and livestock products","356","India","5312","Area harvested","01324","Tangerines, mandarins, clementines","2011","2011","ha","324000","A","Official value",""
"QCL","Crops and livestock products","356","India","5412","Yield","01324","Tangerines, mandarins, clementines","2011","2011","kg/ha","10046.3","A","Official value",""
"QCL","Crops and livestock products","356","India","5510","Production","01324","Tangerines, mandarins, clementines","2011","2011","t","3255000","A","Official value",""
"QCL","Crops and livestock products","356","India","5312","Area harvested","01324","Tangerines, mandarins, clementines","2012","2012","ha","329000","A","Official value",""
"QCL","Crops and livestock products","356","India","5412","Yield","01324","Tangerines, mandarins, clementines","2012","2012","kg/ha","9507.6","A","Official value",""
"QCL","Crops and livestock products","356","India","5510","Production","01324","Tangerines, mandarins, clementines","2012","2012","t","3128000","A","Official value",""
"QCL","Crops and livestock products","356","India","5312","Area harvested","01324","Tangerines, mandarins, clementines","2013","2013","ha","311000","A","Official value",""
"QCL","Crops and livestock products","356","India","5412","Yield","01324","Tangerines, mandarins, clementines","2013","2013","kg/ha","9344.1","A","Official value",""
"QCL","Crops and livestock products","356","India","5510","Production","01324","Tangerines, mandarins, clementines","2013","2013","t","2906000","A","Official value",""
"QCL","Crops and livestock products","356","India","5312","Area harvested","01324","Tangerines, mandarins, clementines","2014","2014","ha","330000","A","Official value",""
"QCL","Crops and livestock products","356","India","5412","Yield","01324","Tangerines, mandarins, clementines","2014","2014","kg/ha","10397","A","Official value",""
"QCL","Crops and livestock products","356","India","5510","Production","01324","Tangerines, mandarins, clementines","2014","2014","t","3431000","A","Official value",""
"QCL","Crops and livestock products","356","India","5312","Area harvested","01324","Tangerines, mandarins, clementines","2015","2015","ha","299000","A","Official value",""
"QCL","Crops and livestock products","356","India","5412","Yield","01324","Tangerines, mandarins, clementines","2015","2015","kg/ha","12371.2","A","Official value",""
"QCL","Crops and livestock products","356","India","5510","Production","01324","Tangerines, mandarins, clementines","2015","2015","t","3699000","A","Official value",""
"QCL","Crops and livestock products","356","India","5312","Area harvested","01324","Tangerines, mandarins, clementines","2016","2016","ha","396930","A","Official value",""
"QCL","Crops and livestock products","356","India","5412","Yield","01324","Tangerines, mandarins, clementines","2016","2016","kg/ha","10361.5","A","Official value",""
"QCL","Crops and livestock products","356","India","5510","Production","01324","Tangerines, mandarins, clementines","2016","2016","t","4112802.07","A","Official value",""
"QCL","Crops and livestock products","356","India","5312","Area harvested","01324","Tangerines, mandarins, clementines","2017","2017","ha","410230","A","Official value",""
"QCL","Crops and livestock products","356","India","5412","Yield","01324","Tangerines, mandarins, clementines","2017","2017","kg/ha","10817.1","A","Official value",""
"QCL","Crops and livestock products","356","India","5510","Production","01324","Tangerines, mandarins, clementines","2017","2017","t","4437500","A","Official value",""
"QCL","Crops and livestock products","356","India","5312","Area harvested","01324","Tangerines, mandarins, clementines","2018","2018","ha","428306","A","Official value",""
"QCL","Crops and livestock products","356","India","5412","Yield","01324","Tangerines, mandarins, clementines","2018","2018","kg/ha","11910.2","A","Official value",""
"QCL","Crops and livestock products","356","India","5510","Production","01324","Tangerines, mandarins, clementines","2018","2018","t","5101210.59","A","Official value",""
"QCL","Crops and livestock products","356","India","5312","Area harvested","01324","Tangerines, mandarins, clementines","2019","2019","ha","468680","A","Official value",""
"QCL","Crops and livestock products","356","India","5412","Yield","01324","Tangerines, mandarins, clementines","2019","2019","kg/ha","13320.4","A","Official value",""
"QCL","Crops and livestock products","356","India","5510","Production","01324","Tangerines, mandarins, clementines","2019","2019","t","6242995.85","A","Official value",""
"QCL","Crops and livestock products","356","India","5312","Area harvested","01324","Tangerines, mandarins, clementines","2020","2020","ha","454456","A","Official value",""
"QCL","Crops and livestock products","356","India","5412","Yield","01324","Tangerines, mandarins, clementines","2020","2020","kg/ha","13502.2","A","Official value",""
"QCL","Crops and livestock products","356","India","5510","Production","01324","Tangerines, mandarins, clementines","2020","2020","t","6136154.85","A","Official value",""
"QCL","Crops and livestock products","356","India","5312","Area harvested","01324","Tangerines, mandarins, clementines","2021","2021","ha","476511","A","Official value",""
"QCL","Crops and livestock products","356","India","5412","Yield","01324","Tangerines, mandarins, clementines","2021","2021","kg/ha","13051.9","A","Official value",""
"QCL","Crops and livestock products","356","India","5510","Production","01324","Tangerines, mandarins, clementines","2021","2021","t","6219381","A","Official value",""
"QCL","Crops and livestock products","356","India","5312","Area harvested","01324","Tangerines, mandarins, clementines","2022","2022","ha","454000","A","Official value",""
"QCL","Crops and livestock products","356","India","5412","Yield","01324","Tangerines, mandarins, clementines","2022","2022","kg/ha","13883.3","A","Official value",""
"QCL","Crops and livestock products","356","India","5510","Production","01324","Tangerines, mandarins, clementines","2022","2022","t","6303000","A","Official value",""
"QCL","Crops and livestock products","356","India","5312","Area harvested","01324","Tangerines, mandarins, clementines","2023","2023","ha","460000","A","Official value",""
"QCL","Crops and livestock products","356","India","5412","Yield","01324","Tangerines, mandarins, clementines","2023","2023","kg/ha","13430.4","A","Official value",""
"QCL","Crops and livestock products","356","India","5510","Production","01324","Tangerines, mandarins, clementines","2023","2023","t","6178000","A","Official value",""
"QCL","Crops and livestock products","356","India","5312","Area harvested","01620","Tea leaves","2000","2000","ha","490000","A","Official value",""
"QCL","Crops and livestock products","356","India","5412","Yield","01620","Tea leaves","2000","2000","kg/ha","7328.6","E","Estimated value",""
"QCL","Crops and livestock products","356","India","5510","Production","01620","Tea leaves","2000","2000","t","3591000","E","Estimated value",""
"QCL","Crops and livestock products","356","India","5312","Area harvested","01620","Tea leaves","2001","2001","ha","504000","A","Official value",""
"QCL","Crops and livestock products","356","India","5412","Yield","01620","Tea leaves","2001","2001","kg/ha","7307.5","E","Estimated value",""
"QCL","Crops and livestock products","356","India","5510","Production","01620","Tea leaves","2001","2001","t","3683000","E","Estimated value",""
"QCL","Crops and livestock products","356","India","5312","Area harvested","01620","Tea leaves","2002","2002","ha","510000","A","Official value",""
"QCL","Crops and livestock products","356","India","5412","Yield","01620","Tea leaves","2002","2002","kg/ha","7280.4","E","Estimated value",""
"QCL","Crops and livestock products","356","India","5510","Production","01620","Tea leaves","2002","2002","t","3713000","E","Estimated value",""
"QCL","Crops and livestock products","356","India","5312","Area harvested","01620","Tea leaves","2003","2003","ha","516000","A","Official value",""
"QCL","Crops and livestock products","356","India","5412","Yield","01620","Tea leaves","2003","2003","kg/ha","7127.9","E","Estimated value",""
"QCL","Crops and livestock products","356","India","5510","Production","01620","Tea leaves","2003","2003","t","3678000","E","Estimated value",""
"QCL","Crops and livestock products","356","India","5312","Area harvested","01620","Tea leaves","2004","2004","ha","520000","A","Official value",""
"QCL","Crops and livestock products","356","India","5412","Yield","01620","Tea leaves","2004","2004","kg/ha","7350","E","Estimated value",""
"QCL","Crops and livestock products","356","India","5510","Production","01620","Tea leaves","2004","2004","t","3822000","E","Estimated value",""
"QCL","Crops and livestock products","356","India","5312","Area harvested","01620","Tea leaves","2005","2005","ha","521000","A","Official value",""
"QCL","Crops and livestock products","356","India","5412","Yield","01620","Tea leaves","2005","2005","kg/ha","7568.1","E","Estimated value",""
"QCL","Crops and livestock products","356","India","5510","Production","01620","Tea leaves","2005","2005","t","3943000","E","Estimated value",""
"QCL","Crops and livestock products","356","India","5312","Area harvested","01620","Tea leaves","2006","2006","ha","555611","A","Official value",""
"QCL","Crops and livestock products","356","India","5412","Yield","01620","Tea leaves","2006","2006","kg/ha","7426.1","E","Estimated value",""
"QCL","Crops and livestock products","356","India","5510","Production","01620","Tea leaves","2006","2006","t","4126000","E","Estimated value",""
"QCL","Crops and livestock products","356","India","5312","Area harvested","01620","Tea leaves","2007","2007","ha","567020","A","Official value",""
"QCL","Crops and livestock products","356","India","5412","Yield","01620","Tea leaves","2007","2007","kg/ha","7460.1","E","Estimated value",""
"QCL","Crops and livestock products","356","India","5510","Production","01620","Tea leaves","2007","2007","t","4230000","E","Estimated value",""
"QCL","Crops and livestock products","356","India","5312","Area harvested","01620","Tea leaves","2010","2010","ha","579000","A","Official value",""
"QCL","Crops and livestock products","356","India","5412","Yield","01620","Tea leaves","2010","2010","kg/ha","7442.1","E","Estimated value",""
"QCL","Crops and livestock products","356","India","5510","Production","01620","Tea leaves","2010","2010","t","4309000","E","Estimated value",""
"QCL","Crops and livestock products","356","India","5312","Area harvested","01620","Tea leaves","2011","2011","ha","600000","A","Official value",""
"QCL","Crops and livestock products","356","India","5412","Yield","01620","Tea leaves","2011","2011","kg/ha","7938.3","E","Estimated value",""
"QCL","Crops and livestock products","356","India","5510","Production","01620","Tea leaves","2011","2011","t","4763000","E","Estimated value",""
"QCL","Crops and livestock products","356","India","5312","Area harvested","01620","Tea leaves","2012","2012","ha","605000","E","Estimated value",""
"QCL","Crops and livestock products","356","India","5412","Yield","01620","Tea leaves","2012","2012","kg/ha","8157","E","Estimated value",""
"QCL","Crops and livestock products","356","India","5510","Production","01620","Tea leaves","2012","2012","t","4935000","E","Estimated value",""
"QCL","Crops and livestock products","356","India","5312","Area harvested","01620","Tea leaves","2013","2013","ha","563980","A","Official value",""
"QCL","Crops and livestock products","356","India","5412","Yield","01620","Tea leaves","2013","2013","kg/ha","9319.5","E","Estimated value",""
"QCL","Crops and livestock products","356","India","5510","Production","01620","Tea leaves","2013","2013","t","5256000","E","Estimated value",""
"QCL","Crops and livestock products","356","India","5312","Area harvested","01620","Tea leaves","2014","2014","ha","604000","E","Estimated value",""
"QCL","Crops and livestock products","356","India","5412","Yield","01620","Tea leaves","2014","2014","kg/ha","8690.4","E","Estimated value",""
"QCL","Crops and livestock products","356","India","5510","Production","01620","Tea leaves","2014","2014","t","5249000","E","Estimated value",""
"QCL","Crops and livestock products","356","India","5312","Area harvested","01620","Tea leaves","2015","2015","ha","566660","A","Official value",""
"QCL","Crops and livestock products","356","India","5412","Yield","01620","Tea leaves","2015","2015","kg/ha","9460.7","E","Estimated value",""
"QCL","Crops and livestock products","356","India","5510","Production","01620","Tea leaves","2015","2015","t","5361000","E","Estimated value",""
"QCL","Crops and livestock products","356","India","5312","Area harvested","01620","Tea leaves","2016","2016","ha","577480","A","Official value",""
"QCL","Crops and livestock products","356","India","5412","Yield","01620","Tea leaves","2016","2016","kg/ha","9415","E","Estimated value",""
"QCL","Crops and livestock products","356","India","5510","Production","01620","Tea leaves","2016","2016","t","5437000","E","Estimated value",""
"QCL","Crops and livestock products","356","India","5312","Area harvested","01620","Tea leaves","2017","2017","ha","621610","A","Official value",""
"QCL","Crops and livestock products","356","India","5412","Yield","01620","Tea leaves","2017","2017","kg/ha","9267.9","E","Estimated value",""
"QCL","Crops and livestock products","356","India","5510","Production","01620","Tea leaves","2017","2017","t","5761000","E","Estimated value",""
"QCL","Crops and livestock products","356","India","5312","Area harvested","01620","Tea leaves","2018","2018","ha","621990","I","Value imputed by a receiving agency",""
"QCL","Crops and livestock products","356","India","5412","Yield","01620","Tea leaves","2018","2018","kg/ha","9357.1","E","Estimated value",""
"QCL","Crops and livestock products","356","India","5510","Production","01620","Tea leaves","2018","2018","t","5820000","E","Estimated value",""
"QCL","Crops and livestock products","356","India","5312","Area harvested","01620","Tea leaves","2019","2019","ha","637223","I","Value imputed by a receiving agency",""
"QCL","Crops and livestock products","356","India","5412","Yield","01620","Tea leaves","2019","2019","kg/ha","9484.9","E","Estimated value",""
"QCL","Crops and livestock products","356","India","5510","Production","01620","Tea leaves","2019","2019","t","6044000","E","Estimated value",""
"QCL","Crops and livestock products","356","India","5312","Area harvested","01620","Tea leaves","2020","2020","ha","572021","I","Value imputed by a receiving agency",""
"QCL","Crops and livestock products","356","India","5412","Yield","01620","Tea leaves","2020","2020","kg/ha","9588.8","E","Estimated value",""
"QCL","Crops and livestock products","356","India","5510","Production","01620","Tea leaves","2020","2020","t","5485000","E","Estimated value",""
"QCL","Crops and livestock products","356","India","5312","Area harvested","01620","Tea leaves","2021","2021","ha","627712","I","Value imputed by a receiving agency",""
"QCL","Crops and livestock products","356","India","5412","Yield","01620","Tea leaves","2021","2021","kg/ha","9701.9","E","Estimated value",""
"QCL","Crops and livestock products","356","India","5510","Production","01620","Tea leaves","2021","2021","t","6090000","E","Estimated value",""
"QCL","Crops and livestock products","356","India","5312","Area harvested","01620","Tea leaves","2022","2022","ha","633750","I","Value imputed by a receiving agency",""
"QCL","Crops and livestock products","356","India","5412","Yield","01620","Tea leaves","2022","2022","kg/ha","9832","E","Estimated value",""
"QCL","Crops and livestock products","356","India","5510","Production","01620","Tea leaves","2022","2022","t","6231000","E","Estimated value",""
"QCL","Crops and livestock products","356","India","5312","Area harvested","01620","Tea leaves","2023","2023","ha","607373","I","Value imputed by a receiving agency",""
"QCL","Crops and livestock products","356","India","5412","Yield","01620","Tea leaves","2023","2023","kg/ha","9933.8","E","Estimated value",""
"QCL","Crops and livestock products","356","India","5510","Production","01620","Tea leaves","2023","2023","t","6033531","E","Estimated value",""
"QCL","Crops and livestock products","356","India","5312","Area harvested","01234","Tomatoes","2000","2000","ha","460000","A","Official value",""
"QCL","Crops and livestock products","356","India","5412","Yield","01234","Tomatoes","2000","2000","kg/ha","16152.2","A","Official value",""
"QCL","Crops and livestock products","356","India","5510","Production","01234","Tomatoes","2000","2000","t","7430000","A","Official value",""
"QCL","Crops and livestock products","356","India","5312","Area harvested","01234","Tomatoes","2001","2001","ha","460000","A","Official value",""
"QCL","Crops and livestock products","356","India","5412","Yield","01234","Tomatoes","2001","2001","kg/ha","15739.1","A","Official value",""
"QCL","Crops and livestock products","356","India","5510","Production","01234","Tomatoes","2001","2001","t","7240000","A","Official value",""
"QCL","Crops and livestock products","356","India","5312","Area harvested","01234","Tomatoes","2002","2002","ha","458100","A","Official value",""
"QCL","Crops and livestock products","356","India","5412","Yield","01234","Tomatoes","2002","2002","kg/ha","16289.7","A","Official value",""
"QCL","Crops and livestock products","356","India","5510","Production","01234","Tomatoes","2002","2002","t","7462300","A","Official value",""
"QCL","Crops and livestock products","356","India","5312","Area harvested","01234","Tomatoes","2003","2003","ha","478800","A","Official value",""
"QCL","Crops and livestock products","356","India","5412","Yield","01234","Tomatoes","2003","2003","kg/ha","15907.9","A","Official value",""
"QCL","Crops and livestock products","356","India","5510","Production","01234","Tomatoes","2003","2003","t","7616700","A","Official value",""
"QCL","Crops and livestock products","356","India","5312","Area harvested","01234","Tomatoes","2004","2004","ha","502800","A","Official value",""
"QCL","Crops and livestock products","356","India","5412","Yield","01234","Tomatoes","2004","2004","kg/ha","16160.7","A","Official value",""
"QCL","Crops and livestock products","356","India","5510","Production","01234","Tomatoes","2004","2004","t","8125600","A","Official value",""
"QCL","Crops and livestock products","356","India","5312","Area harvested","01234","Tomatoes","2005","2005","ha","505400","A","Official value",""
"QCL","Crops and livestock products","356","India","5412","Yield","01234","Tomatoes","2005","2005","kg/ha","17462.2","A","Official value",""
"QCL","Crops and livestock products","356","India","5510","Production","01234","Tomatoes","2005","2005","t","8825400","A","Official value",""
"QCL","Crops and livestock products","356","India","5312","Area harvested","01234","Tomatoes","2006","2006","ha","546100","A","Official value",""
"QCL","Crops and livestock products","356","India","5412","Yield","01234","Tomatoes","2006","2006","kg/ha","17982.8","A","Official value",""
"QCL","Crops and livestock products","356","India","5510","Production","01234","Tomatoes","2006","2006","t","9820400","A","Official value",""
"QCL","Crops and livestock products","356","India","5312","Area harvested","01234","Tomatoes","2007","2007","ha","596000","A","Official value",""
"QCL","Crops and livestock products","356","India","5412","Yield","01234","Tomatoes","2007","2007","kg/ha","16870.8","A","Official value",""
"QCL","Crops and livestock products","356","India","5510","Production","01234","Tomatoes","2007","2007","t","10055000","A","Official value",""
"QCL","Crops and livestock products","356","India","5312","Area harvested","01234","Tomatoes","2010","2010","ha","634400","A","Official value",""
"QCL","Crops and livestock products","356","India","5412","Yield","01234","Tomatoes","2010","2010","kg/ha","19598.4","A","Official value",""
"QCL","Crops and livestock products","356","India","5510","Production","01234","Tomatoes","2010","2010","t","12433200","A","Official value",""
"QCL","Crops and livestock products","356","India","5312","Area harvested","01234","Tomatoes","2011","2011","ha","865000","A","Official value",""
"QCL","Crops and livestock products","356","India","5412","Yield","01234","Tomatoes","2011","2011","kg/ha","19105.2","A","Official value",""
"QCL","Crops and livestock products","356","India","5510","Production","01234","Tomatoes","2011","2011","t","16526000","A","Official value",""
"QCL","Crops and livestock products","356","India","5312","Area harvested","01234","Tomatoes","2012","2012","ha","907000","A","Official value",""
"QCL","Crops and livestock products","356","India","5412","Yield","01234","Tomatoes","2012","2012","kg/ha","20565.6","A","Official value",""
"QCL","Crops and livestock products","356","India","5510","Production","01234","Tomatoes","2012","2012","t","18653000","A","Official value",""
"QCL","Crops and livestock products","356","India","5312","Area harvested","01234","Tomatoes","2013","2013","ha","880000","A","Official value",""
"QCL","Crops and livestock products","356","India","5412","Yield","01234","Tomatoes","2013","2013","kg/ha","20712.5","A","Official value",""
"QCL","Crops and livestock products","356","India","5510","Production","01234","Tomatoes","2013","2013","t","18227000","A","Official value",""
"QCL","Crops and livestock products","356","India","5312","Area harvested","01234","Tomatoes","2014","2014","ha","882030","A","Official value",""
"QCL","Crops and livestock products","356","India","5412","Yield","01234","Tomatoes","2014","2014","kg/ha","21241.8","A","Official value",""
"QCL","Crops and livestock products","356","India","5510","Production","01234","Tomatoes","2014","2014","t","18735910","A","Official value",""
"QCL","Crops and livestock products","356","India","5312","Area harvested","01234","Tomatoes","2015","2015","ha","767000","A","Official value",""
"QCL","Crops and livestock products","356","India","5412","Yield","01234","Tomatoes","2015","2015","kg/ha","21362.5","A","Official value",""
"QCL","Crops and livestock products","356","India","5510","Production","01234","Tomatoes","2015","2015","t","16385000","A","Official value",""
"QCL","Crops and livestock products","356","India","5312","Area harvested","01234","Tomatoes","2016","2016","ha","774000","A","Official value",""
"QCL","Crops and livestock products","356","India","5412","Yield","01234","Tomatoes","2016","2016","kg/ha","24201.6","A","Official value",""
"QCL","Crops and livestock products","356","India","5510","Production","01234","Tomatoes","2016","2016","t","18732000","A","Official value",""
"QCL","Crops and livestock products","356","India","5312","Area harvested","01234","Tomatoes","2017","2017","ha","797000","A","Official value",""
"QCL","Crops and livestock products","356","India","5412","Yield","01234","Tomatoes","2017","2017","kg/ha","25982.4","A","Official value",""
"QCL","Crops and livestock products","356","India","5510","Production","01234","Tomatoes","2017","2017","t","20708000","A","Official value",""
"QCL","Crops and livestock products","356","India","5312","Area harvested","01234","Tomatoes","2018","2018","ha","789000","A","Official value",""
"QCL","Crops and livestock products","356","India","5412","Yield","01234","Tomatoes","2018","2018","kg/ha","25043.1","A","Official value",""
"QCL","Crops and livestock products","356","India","5510","Production","01234","Tomatoes","2018","2018","t","19759000","A","Official value",""
"QCL","Crops and livestock products","356","India","5312","Area harvested","01234","Tomatoes","2019","2019","ha","781000","A","Official value",""
"QCL","Crops and livestock products","356","India","5412","Yield","01234","Tomatoes","2019","2019","kg/ha","24336.7","A","Official value",""
"QCL","Crops and livestock products","356","India","5510","Production","01234","Tomatoes","2019","2019","t","19007000","A","Official value",""
"QCL","Crops and livestock products","356","India","5312","Area harvested","01234","Tomatoes","2020","2020","ha","818000","A","Official value",""
"QCL","Crops and livestock products","356","India","5412","Yield","01234","Tomatoes","2020","2020","kg/ha","25122.2","A","Official value",""
"QCL","Crops and livestock products","356","India","5510","Production","01234","Tomatoes","2020","2020","t","20550000","A","Official value",""
"QCL","Crops and livestock products","356","India","5312","Area harvested","01234","Tomatoes","2021","2021","ha","845000","A","Official value",""
"QCL","Crops and livestock products","356","India","5412","Yield","01234","Tomatoes","2021","2021","kg/ha","25066.3","A","Official value",""
"QCL","Crops and livestock products","356","India","5510","Production","01234","Tomatoes","2021","2021","t","21181000","A","Official value",""
"QCL","Crops and livestock products","356","India","5312","Area harvested","01234","Tomatoes","2022","2022","ha","843000","A","Official value",""
"QCL","Crops and livestock products","356","India","5412","Yield","01234","Tomatoes","2022","2022","kg/ha","24548","A","Official value",""
"QCL","Crops and livestock products","356","India","5510","Production","01234","Tomatoes","2022","2022","t","20694000","A","Official value",""
"QCL","Crops and livestock products","356","India","5312","Area harvested","01234","Tomatoes","2023","2023","ha","849000","A","Official value",""
"QCL","Crops and livestock products","356","India","5412","Yield","01234","Tomatoes","2023","2023","kg/ha","24057.7","A","Official value",""
"QCL","Crops and livestock products","356","India","5510","Production","01234","Tomatoes","2023","2023","t","20425000","A","Official value",""
"QCL","Crops and livestock products","356","India","5312","Area harvested","01970","Unmanufactured tobacco","2000","2000","ha","433400","A","Official value",""
"QCL","Crops and livestock products","356","India","5412","Yield","01970","Unmanufactured tobacco","2000","2000","kg/ha","1199.8","A","Official value",""
"QCL","Crops and livestock products","356","India","5510","Production","01970","Unmanufactured tobacco","2000","2000","t","520000","A","Official value",""
"QCL","Crops and livestock products","356","India","5312","Area harvested","01970","Unmanufactured tobacco","2001","2001","ha","260000","A","Official value",""
"QCL","Crops and livestock products","356","India","5412","Yield","01970","Unmanufactured tobacco","2001","2001","kg/ha","1307.7","A","Official value",""
"QCL","Crops and livestock products","356","India","5510","Production","01970","Unmanufactured tobacco","2001","2001","t","340000","A","Official value",""
"QCL","Crops and livestock products","356","India","5312","Area harvested","01970","Unmanufactured tobacco","2002","2002","ha","350000","A","Official value",""
"QCL","Crops and livestock products","356","India","5412","Yield","01970","Unmanufactured tobacco","2002","2002","kg/ha","1571.4","A","Official value",""
"QCL","Crops and livestock products","356","India","5510","Production","01970","Unmanufactured tobacco","2002","2002","t","550000","A","Official value",""
"QCL","Crops and livestock products","356","India","5312","Area harvested","01970","Unmanufactured tobacco","2003","2003","ha","330000","A","Official value",""
"QCL","Crops and livestock products","356","India","5412","Yield","01970","Unmanufactured tobacco","2003","2003","kg/ha","1484.8","A","Official value",""
"QCL","Crops and livestock products","356","India","5510","Production","01970","Unmanufactured tobacco","2003","2003","t","490000","A","Official value",""
"QCL","Crops and livestock products","356","India","5312","Area harvested","01970","Unmanufactured tobacco","2004","2004","ha","369700","A","Official value",""
"QCL","Crops and livestock products","356","India","5412","Yield","01970","Unmanufactured tobacco","2004","2004","kg/ha","1487.4","A","Official value",""
"QCL","Crops and livestock products","356","India","5510","Production","01970","Unmanufactured tobacco","2004","2004","t","549900","A","Official value",""
"QCL","Crops and livestock products","356","India","5312","Area harvested","01970","Unmanufactured tobacco","2005","2005","ha","366500","A","Official value",""
"QCL","Crops and livestock products","356","India","5412","Yield","01970","Unmanufactured tobacco","2005","2005","kg/ha","1498.2","A","Official value",""
"QCL","Crops and livestock products","356","India","5510","Production","01970","Unmanufactured tobacco","2005","2005","t","549100","A","Official value",""
"QCL","Crops and livestock products","356","India","5312","Area harvested","01970","Unmanufactured tobacco","2006","2006","ha","372800","A","Official value",""
"QCL","Crops and livestock products","356","India","5412","Yield","01970","Unmanufactured tobacco","2006","2006","kg/ha","1481.2","A","Official value",""
"QCL","Crops and livestock products","356","India","5510","Production","01970","Unmanufactured tobacco","2006","2006","t","552200","A","Official value",""
"QCL","Crops and livestock products","356","India","5312","Area harvested","01970","Unmanufactured tobacco","2007","2007","ha","370000","A","Official value",""
"QCL","Crops and livestock products","356","India","5412","Yield","01970","Unmanufactured tobacco","2007","2007","kg/ha","1405.4","A","Official value",""
"QCL","Crops and livestock products","356","India","5510","Production","01970","Unmanufactured tobacco","2007","2007","t","520000","A","Official value",""
"QCL","Crops and livestock products","356","India","5312","Area harvested","01970","Unmanufactured tobacco","2010","2010","ha","444280","A","Official value",""
"QCL","Crops and livestock products","356","India","5412","Yield","01970","Unmanufactured tobacco","2010","2010","kg/ha","1553.1","A","Official value",""
"QCL","Crops and livestock products","356","India","5510","Production","01970","Unmanufactured tobacco","2010","2010","t","690000","A","Official value",""
"QCL","Crops and livestock products","356","India","5312","Area harvested","01970","Unmanufactured tobacco","2011","2011","ha","490000","A","Official value",""
"QCL","Crops and livestock products","356","India","5412","Yield","01970","Unmanufactured tobacco","2011","2011","kg/ha","1693.9","A","Official value",""
"QCL","Crops and livestock products","356","India","5510","Production","01970","Unmanufactured tobacco","2011","2011","t","830000","A","Official value",""
"QCL","Crops and livestock products","356","India","5312","Area harvested","01970","Unmanufactured tobacco","2012","2012","ha","460000","A","Official value",""
"QCL","Crops and livestock products","356","India","5412","Yield","01970","Unmanufactured tobacco","2012","2012","kg/ha","1782.6","A","Official value",""
"QCL","Crops and livestock products","356","India","5510","Production","01970","Unmanufactured tobacco","2012","2012","t","820000","A","Official value",""
"QCL","Crops and livestock products","356","India","5312","Area harvested","01970","Unmanufactured tobacco","2013","2013","ha","445873","I","Value imputed by a receiving agency",""
"QCL","Crops and livestock products","356","India","5412","Yield","01970","Unmanufactured tobacco","2013","2013","kg/ha","1716.1","E","Estimated value",""
"QCL","Crops and livestock products","356","India","5510","Production","01970","Unmanufactured tobacco","2013","2013","t","765153.82","I","Value imputed by a receiving agency",""
"QCL","Crops and livestock products","356","India","5312","Area harvested","01970","Unmanufactured tobacco","2014","2014","ha","424511","I","Value imputed by a receiving agency",""
"QCL","Crops and livestock products","356","India","5412","Yield","01970","Unmanufactured tobacco","2014","2014","kg/ha","1694.7","E","Estimated value",""
"QCL","Crops and livestock products","356","India","5510","Production","01970","Unmanufactured tobacco","2014","2014","t","719419.96","I","Value imputed by a receiving agency",""
"QCL","Crops and livestock products","356","India","5312","Area harvested","01970","Unmanufactured tobacco","2015","2015","ha","430962","I","Value imputed by a receiving agency",""
"QCL","Crops and livestock products","356","India","5412","Yield","01970","Unmanufactured tobacco","2015","2015","kg/ha","1712.5","E","Estimated value",""
"QCL","Crops and livestock products","356","India","5510","Production","01970","Unmanufactured tobacco","2015","2015","t","738029.07","I","Value imputed by a receiving agency",""
"QCL","Crops and livestock products","356","India","5312","Area harvested","01970","Unmanufactured tobacco","2016","2016","ha","435530","I","Value imputed by a receiving agency",""
"QCL","Crops and livestock products","356","India","5412","Yield","01970","Unmanufactured tobacco","2016","2016","kg/ha","1717.4","E","Estimated value",""
"QCL","Crops and livestock products","356","India","5510","Production","01970","Unmanufactured tobacco","2016","2016","t","747976.54","I","Value imputed by a receiving agency",""
"QCL","Crops and livestock products","356","India","5312","Area harvested","01970","Unmanufactured tobacco","2017","2017","ha","431801","I","Value imputed by a receiving agency",""
"QCL","Crops and livestock products","356","India","5412","Yield","01970","Unmanufactured tobacco","2017","2017","kg/ha","1724","E","Estimated value",""
"QCL","Crops and livestock products","356","India","5510","Production","01970","Unmanufactured tobacco","2017","2017","t","744410.42","I","Value imputed by a receiving agency",""
"QCL","Crops and livestock products","356","India","5312","Area harvested","01970","Unmanufactured tobacco","2018","2018","ha","427979","I","Value imputed by a receiving agency",""
"QCL","Crops and livestock products","356","India","5412","Yield","01970","Unmanufactured tobacco","2018","2018","kg/ha","1738.5","E","Estimated value",""
"QCL","Crops and livestock products","356","India","5510","Production","01970","Unmanufactured tobacco","2018","2018","t","744046.46","I","Value imputed by a receiving agency",""
"QCL","Crops and livestock products","356","India","5312","Area harvested","01970","Unmanufactured tobacco","2019","2019","ha","425736","I","Value imputed by a receiving agency",""
"QCL","Crops and livestock products","356","India","5412","Yield","01970","Unmanufactured tobacco","2019","2019","kg/ha","1754.3","E","Estimated value",""
"QCL","Crops and livestock products","356","India","5510","Production","01970","Unmanufactured tobacco","2019","2019","t","746861.05","I","Value imputed by a receiving agency",""
"QCL","Crops and livestock products","356","India","5312","Area harvested","01970","Unmanufactured tobacco","2020","2020","ha","419350","I","Value imputed by a receiving agency",""
"QCL","Crops and livestock products","356","India","5412","Yield","01970","Unmanufactured tobacco","2020","2020","kg/ha","1764.9","E","Estimated value",""
"QCL","Crops and livestock products","356","India","5510","Production","01970","Unmanufactured tobacco","2020","2020","t","740127.71","I","Value imputed by a receiving agency",""
"QCL","Crops and livestock products","356","India","5312","Area harvested","01970","Unmanufactured tobacco","2021","2021","ha","409289","I","Value imputed by a receiving agency",""
"QCL","Crops and livestock products","356","India","5412","Yield","01970","Unmanufactured tobacco","2021","2021","kg/ha","1786.4","E","Estimated value",""
"QCL","Crops and livestock products","356","India","5510","Production","01970","Unmanufactured tobacco","2021","2021","t","731141.68","I","Value imputed by a receiving agency",""
"QCL","Crops and livestock products","356","India","5312","Area harvested","01970","Unmanufactured tobacco","2022","2022","ha","418125","E","Estimated value",""
"QCL","Crops and livestock products","356","India","5412","Yield","01970","Unmanufactured tobacco","2022","2022","kg/ha","1740","E","Estimated value",""
"QCL","Crops and livestock products","356","India","5510","Production","01970","Unmanufactured tobacco","2022","2022","t","727518.19","I","Value imputed by a receiving agency",""
"QCL","Crops and livestock products","356","India","5312","Area harvested","01970","Unmanufactured tobacco","2023","2023","ha","415588","E","Estimated value",""
"QCL","Crops and livestock products","356","India","5412","Yield","01970","Unmanufactured tobacco","2023","2023","kg/ha","1750.2","E","Estimated value",""
"QCL","Crops and livestock products","356","India","5510","Production","01970","Unmanufactured tobacco","2023","2023","t","727360.54","I","Value imputed by a receiving agency",""
"QCL","Crops and livestock products","356","India","5312","Area harvested","01376","Walnuts, in shell","2000","2000","ha","30200","X","Value from external organization","Unofficial figure"
"QCL","Crops and livestock products","356","India","5412","Yield","01376","Walnuts, in shell","2000","2000","kg/ha","1026.5","X","Value from external organization",""
"QCL","Crops and livestock products","356","India","5510","Production","01376","Walnuts, in shell","2000","2000","t","31000","X","Value from external organization","Unofficial figure"
"QCL","Crops and livestock products","356","India","5312","Area harvested","01376","Walnuts, in shell","2001","2001","ha","30200","X","Value from external organization","Unofficial figure"
"QCL","Crops and livestock products","356","India","5412","Yield","01376","Walnuts, in shell","2001","2001","kg/ha","960.3","X","Value from external organization",""
"QCL","Crops and livestock products","356","India","5510","Production","01376","Walnuts, in shell","2001","2001","t","29000","X","Value from external organization","Unofficial figure"
"QCL","Crops and livestock products","356","India","5312","Area harvested","01376","Walnuts, in shell","2002","2002","ha","30200","X","Value from external organization","Unofficial figure"
"QCL","Crops and livestock products","356","India","5412","Yield","01376","Walnuts, in shell","2002","2002","kg/ha","993.4","X","Value from external organization",""
"QCL","Crops and livestock products","356","India","5510","Production","01376","Walnuts, in shell","2002","2002","t","30000","X","Value from external organization","Unofficial figure"
"QCL","Crops and livestock products","356","India","5312","Area harvested","01376","Walnuts, in shell","2003","2003","ha","30500","X","Value from external organization","Unofficial figure"
"QCL","Crops and livestock products","356","India","5412","Yield","01376","Walnuts, in shell","2003","2003","kg/ha","1016.4","X","Value from external organization",""
"QCL","Crops and livestock products","356","India","5510","Production","01376","Walnuts, in shell","2003","2003","t","31000","X","Value from external organization","Unofficial figure"
"QCL","Crops and livestock products","356","India","5312","Area harvested","01376","Walnuts, in shell","2004","2004","ha","30500","X","Value from external organization","Unofficial figure"
"QCL","Crops and livestock products","356","India","5412","Yield","01376","Walnuts, in shell","2004","2004","kg/ha","1114.8","X","Value from external organization",""
"QCL","Crops and livestock products","356","India","5510","Production","01376","Walnuts, in shell","2004","2004","t","34000","X","Value from external organization","Unofficial figure"
"QCL","Crops and livestock products","356","India","5312","Area harvested","01376","Walnuts, in shell","2005","2005","ha","30800","X","Value from external organization","Unofficial figure"
"QCL","Crops and livestock products","356","India","5412","Yield","01376","Walnuts, in shell","2005","2005","kg/ha","1039","X","Value from external organization",""
"QCL","Crops and livestock products","356","India","5510","Production","01376","Walnuts, in shell","2005","2005","t","32000","X","Value from external organization","Unofficial figure"
"QCL","Crops and livestock products","356","India","5312","Area harvested","01376","Walnuts, in shell","2006","2006","ha","30800","X","Value from external organization","Unofficial figure"
"QCL","Crops and livestock products","356","India","5412","Yield","01376","Walnuts, in shell","2006","2006","kg/ha","1168.8","X","Value from external organization",""
"QCL","Crops and livestock products","356","India","5510","Production","01376","Walnuts, in shell","2006","2006","t","36000","X","Value from external organization","Unofficial figure"
"QCL","Crops and livestock products","356","India","5312","Area harvested","01376","Walnuts, in shell","2007","2007","ha","30800","X","Value from external organization","Unofficial figure"
"QCL","Crops and livestock products","356","India","5412","Yield","01376","Walnuts, in shell","2007","2007","kg/ha","1071.4","X","Value from external organization",""
"QCL","Crops and livestock products","356","India","5510","Production","01376","Walnuts, in shell","2007","2007","t","33000","X","Value from external organization","Unofficial figure"
"QCL","Crops and livestock products","356","India","5312","Area harvested","01376","Walnuts, in shell","2010","2010","ha","30800","X","Value from external organization","Unofficial figure"
"QCL","Crops and livestock products","356","India","5412","Yield","01376","Walnuts, in shell","2010","2010","kg/ha","1233.8","X","Value from external organization",""
"QCL","Crops and livestock products","356","India","5510","Production","01376","Walnuts, in shell","2010","2010","t","38000","X","Value from external organization","Unofficial figure"
"QCL","Crops and livestock products","356","India","5312","Area harvested","01376","Walnuts, in shell","2011","2011","ha","114000","A","Official value",""
"QCL","Crops and livestock products","356","India","5412","Yield","01376","Walnuts, in shell","2011","2011","kg/ha","1640.4","A","Official value",""
"QCL","Crops and livestock products","356","India","5510","Production","01376","Walnuts, in shell","2011","2011","t","187000","A","Official value",""
"QCL","Crops and livestock products","356","India","5312","Area harvested","01376","Walnuts, in shell","2012","2012","ha","150000","A","Official value",""
"QCL","Crops and livestock products","356","India","5412","Yield","01376","Walnuts, in shell","2012","2012","kg/ha","1893.3","A","Official value",""
"QCL","Crops and livestock products","356","India","5510","Production","01376","Walnuts, in shell","2012","2012","t","284000","A","Official value",""
"QCL","Crops and livestock products","356","India","5312","Area harvested","01376","Walnuts, in shell","2013","2013","ha","123000","A","Official value",""
"QCL","Crops and livestock products","356","India","5412","Yield","01376","Walnuts, in shell","2013","2013","kg/ha","1894.3","A","Official value",""
"QCL","Crops and livestock products","356","India","5510","Production","01376","Walnuts, in shell","2013","2013","t","233000","A","Official value",""
"QCL","Crops and livestock products","356","India","5312","Area harvested","01376","Walnuts, in shell","2014","2014","ha","122000","A","Official value",""
"QCL","Crops and livestock products","356","India","5412","Yield","01376","Walnuts, in shell","2014","2014","kg/ha","1975.4","A","Official value",""
"QCL","Crops and livestock products","356","India","5510","Production","01376","Walnuts, in shell","2014","2014","t","241000","A","Official value",""
"QCL","Crops and livestock products","356","India","5312","Area harvested","01376","Walnuts, in shell","2015","2015","ha","115000","A","Official value",""
"QCL","Crops and livestock products","356","India","5412","Yield","01376","Walnuts, in shell","2015","2015","kg/ha","2069.6","A","Official value",""
"QCL","Crops and livestock products","356","India","5510","Production","01376","Walnuts, in shell","2015","2015","t","238000","A","Official value",""
"QCL","Crops and livestock products","356","India","5312","Area harvested","01376","Walnuts, in shell","2016","2016","ha","92062","A","Official value",""
"QCL","Crops and livestock products","356","India","5412","Yield","01376","Walnuts, in shell","2016","2016","kg/ha","2483.1","A","Official value",""
"QCL","Crops and livestock products","356","India","5510","Production","01376","Walnuts, in shell","2016","2016","t","228597.2","A","Official value",""
"QCL","Crops and livestock products","356","India","5312","Area harvested","01376","Walnuts, in shell","2017","2017","ha","112115","A","Official value",""
"QCL","Crops and livestock products","356","India","5412","Yield","01376","Walnuts, in shell","2017","2017","kg/ha","2562.7","A","Official value",""
"QCL","Crops and livestock products","356","India","5510","Production","01376","Walnuts, in shell","2017","2017","t","287322","A","Official value",""
"QCL","Crops and livestock products","356","India","5312","Area harvested","01376","Walnuts, in shell","2018","2018","ha","108626","A","Official value",""
"QCL","Crops and livestock products","356","India","5412","Yield","01376","Walnuts, in shell","2018","2018","kg/ha","2759.1","A","Official value",""
"QCL","Crops and livestock products","356","India","5510","Production","01376","Walnuts, in shell","2018","2018","t","299707.28","A","Official value",""
"QCL","Crops and livestock products","356","India","5312","Area harvested","01376","Walnuts, in shell","2019","2019","ha","107544","A","Official value",""
"QCL","Crops and livestock products","356","India","5412","Yield","01376","Walnuts, in shell","2019","2019","kg/ha","2781.9","A","Official value",""
"QCL","Crops and livestock products","356","India","5510","Production","01376","Walnuts, in shell","2019","2019","t","299178","A","Official value",""
"QCL","Crops and livestock products","356","India","5312","Area harvested","01376","Walnuts, in shell","2020","2020","ha","108029","A","Official value",""
"QCL","Crops and livestock products","356","India","5412","Yield","01376","Walnuts, in shell","2020","2020","kg/ha","2651.3","A","Official value",""
"QCL","Crops and livestock products","356","India","5510","Production","01376","Walnuts, in shell","2020","2020","t","286422","A","Official value",""
"QCL","Crops and livestock products","356","India","5312","Area harvested","01376","Walnuts, in shell","2021","2021","ha","108535","A","Official value",""
"QCL","Crops and livestock products","356","India","5412","Yield","01376","Walnuts, in shell","2021","2021","kg/ha","2593.5","A","Official value",""
"QCL","Crops and livestock products","356","India","5510","Production","01376","Walnuts, in shell","2021","2021","t","281482.39","A","Official value",""
"QCL","Crops and livestock products","356","India","5312","Area harvested","01376","Walnuts, in shell","2022","2022","ha","103545","A","Official value",""
"QCL","Crops and livestock products","356","India","5412","Yield","01376","Walnuts, in shell","2022","2022","kg/ha","2790.4","A","Official value",""
"QCL","Crops and livestock products","356","India","5510","Production","01376","Walnuts, in shell","2022","2022","t","288927","A","Official value",""
"QCL","Crops and livestock products","356","India","5312","Area harvested","01376","Walnuts, in shell","2023","2023","ha","97085","A","Official value",""
"QCL","Crops and livestock products","356","India","5412","Yield","01376","Walnuts, in shell","2023","2023","kg/ha","3255","A","Official value",""
"QCL","Crops and livestock products","356","India","5510","Production","01376","Walnuts, in shell","2023","2023","t","316008","A","Official value",""
"QCL","Crops and livestock products","356","India","5312","Area harvested","01221","Watermelons","2000","2000","ha","47810","I","Value imputed by a receiving agency",""
"QCL","Crops and livestock products","356","India","5412","Yield","01221","Watermelons","2000","2000","kg/ha","16003.2","E","Estimated value",""
"QCL","Crops and livestock products","356","India","5510","Production","01221","Watermelons","2000","2000","t","765106.18","I","Value imputed by a receiving agency",""
"QCL","Crops and livestock products","356","India","5312","Area harvested","01221","Watermelons","2001","2001","ha","49822","I","Value imputed by a receiving agency",""
"QCL","Crops and livestock products","356","India","5412","Yield","01221","Watermelons","2001","2001","kg/ha","16331.3","E","Estimated value",""
"QCL","Crops and livestock products","356","India","5510","Production","01221","Watermelons","2001","2001","t","813664.55","I","Value imputed by a receiving agency",""
"QCL","Crops and livestock products","356","India","5312","Area harvested","01221","Watermelons","2002","2002","ha","51336","I","Value imputed by a receiving agency",""
"QCL","Crops and livestock products","356","India","5412","Yield","01221","Watermelons","2002","2002","kg/ha","16798.2","E","Estimated value",""
"QCL","Crops and livestock products","356","India","5510","Production","01221","Watermelons","2002","2002","t","862348.19","I","Value imputed by a receiving agency",""
"QCL","Crops and livestock products","356","India","5312","Area harvested","01221","Watermelons","2003","2003","ha","52774","I","Value imputed by a receiving agency",""
"QCL","Crops and livestock products","356","India","5412","Yield","01221","Watermelons","2003","2003","kg/ha","17265.4","E","Estimated value",""
"QCL","Crops and livestock products","356","India","5510","Production","01221","Watermelons","2003","2003","t","911171.36","I","Value imputed by a receiving agency",""
"QCL","Crops and livestock products","356","India","5312","Area harvested","01221","Watermelons","2004","2004","ha","54146","I","Value imputed by a receiving agency",""
"QCL","Crops and livestock products","356","India","5412","Yield","01221","Watermelons","2004","2004","kg/ha","17732.7","E","Estimated value",""
"QCL","Crops and livestock products","356","India","5510","Production","01221","Watermelons","2004","2004","t","960148.73","I","Value imputed by a receiving agency",""
"QCL","Crops and livestock products","356","India","5312","Area harvested","01221","Watermelons","2005","2005","ha","55455","I","Value imputed by a receiving agency",""
"QCL","Crops and livestock products","356","India","5412","Yield","01221","Watermelons","2005","2005","kg/ha","18200.2","E","Estimated value",""
"QCL","Crops and livestock products","356","India","5510","Production","01221","Watermelons","2005","2005","t","1009296.16","I","Value imputed by a receiving agency",""
"QCL","Crops and livestock products","356","India","5312","Area harvested","01221","Watermelons","2006","2006","ha","56709","I","Value imputed by a receiving agency",""
"QCL","Crops and livestock products","356","India","5412","Yield","01221","Watermelons","2006","2006","kg/ha","18667.9","E","Estimated value",""
"QCL","Crops and livestock products","356","India","5510","Production","01221","Watermelons","2006","2006","t","1058631.04","I","Value imputed by a receiving agency",""
"QCL","Crops and livestock products","356","India","5312","Area harvested","01221","Watermelons","2007","2007","ha","57911","I","Value imputed by a receiving agency",""
"QCL","Crops and livestock products","356","India","5412","Yield","01221","Watermelons","2007","2007","kg/ha","19135.8","E","Estimated value",""
"QCL","Crops and livestock products","356","India","5510","Production","01221","Watermelons","2007","2007","t","1108172.49","I","Value imputed by a receiving agency",""
"QCL","Crops and livestock products","356","India","5312","Area harvested","01221","Watermelons","2010","2010","ha","61257","I","Value imputed by a receiving agency",""
"QCL","Crops and livestock products","356","India","5412","Yield","01221","Watermelons","2010","2010","kg/ha","20540.7","E","Estimated value",""
"QCL","Crops and livestock products","356","India","5510","Production","01221","Watermelons","2010","2010","t","1258257.99","I","Value imputed by a receiving agency",""
"QCL","Crops and livestock products","356","India","5312","Area harvested","01221","Watermelons","2011","2011","ha","67400","A","Official value",""
"QCL","Crops and livestock products","356","India","5412","Yield","01221","Watermelons","2011","2011","kg/ha","21313.1","A","Official value",""
"QCL","Crops and livestock products","356","India","5510","Production","01221","Watermelons","2011","2011","t","1436500","A","Official value",""
"QCL","Crops and livestock products","356","India","5312","Area harvested","01221","Watermelons","2012","2012","ha","71000","A","Official value",""
"QCL","Crops and livestock products","356","India","5412","Yield","01221","Watermelons","2012","2012","kg/ha","24323.9","A","Official value",""
"QCL","Crops and livestock products","356","India","5510","Production","01221","Watermelons","2012","2012","t","1727000","A","Official value",""
"QCL","Crops and livestock products","356","India","5312","Area harvested","01221","Watermelons","2013","2013","ha","81000","A","Official value",""
"QCL","Crops and livestock products","356","India","5412","Yield","01221","Watermelons","2013","2013","kg/ha","22086.4","A","Official value",""
"QCL","Crops and livestock products","356","India","5510","Production","01221","Watermelons","2013","2013","t","1789000","A","Official value",""
"QCL","Crops and livestock products","356","India","5312","Area harvested","01221","Watermelons","2014","2014","ha","75000","A","Official value",""
"QCL","Crops and livestock products","356","India","5412","Yield","01221","Watermelons","2014","2014","kg/ha","24133.3","A","Official value",""
"QCL","Crops and livestock products","356","India","5510","Production","01221","Watermelons","2014","2014","t","1810000","A","Official value",""
"QCL","Crops and livestock products","356","India","5312","Area harvested","01221","Watermelons","2015","2015","ha","89000","A","Official value",""
"QCL","Crops and livestock products","356","India","5412","Yield","01221","Watermelons","2015","2015","kg/ha","24101.1","A","Official value",""
"QCL","Crops and livestock products","356","India","5510","Production","01221","Watermelons","2015","2015","t","2145000","A","Official value",""
"QCL","Crops and livestock products","356","India","5312","Area harvested","01221","Watermelons","2016","2016","ha","95000","A","Official value",""
"QCL","Crops and livestock products","356","India","5412","Yield","01221","Watermelons","2016","2016","kg/ha","24473.7","A","Official value",""
"QCL","Crops and livestock products","356","India","5510","Production","01221","Watermelons","2016","2016","t","2325000","A","Official value",""
"QCL","Crops and livestock products","356","India","5312","Area harvested","01221","Watermelons","2017","2017","ha","91000","A","Official value",""
"QCL","Crops and livestock products","356","India","5412","Yield","01221","Watermelons","2017","2017","kg/ha","23978","A","Official value",""
"QCL","Crops and livestock products","356","India","5510","Production","01221","Watermelons","2017","2017","t","2182000","A","Official value",""
"QCL","Crops and livestock products","356","India","5312","Area harvested","01221","Watermelons","2018","2018","ha","101000","A","Official value",""
"QCL","Crops and livestock products","356","India","5412","Yield","01221","Watermelons","2018","2018","kg/ha","24950.5","A","Official value",""
"QCL","Crops and livestock products","356","India","5510","Production","01221","Watermelons","2018","2018","t","2520000","A","Official value",""
"QCL","Crops and livestock products","356","India","5312","Area harvested","01221","Watermelons","2019","2019","ha","100000","A","Official value",""
"QCL","Crops and livestock products","356","India","5412","Yield","01221","Watermelons","2019","2019","kg/ha","24950","A","Official value",""
"QCL","Crops and livestock products","356","India","5510","Production","01221","Watermelons","2019","2019","t","2495000","A","Official value",""
"QCL","Crops and livestock products","356","India","5312","Area harvested","01221","Watermelons","2020","2020","ha","116000","A","Official value",""
"QCL","Crops and livestock products","356","India","5412","Yield","01221","Watermelons","2020","2020","kg/ha","27215.5","A","Official value",""
"QCL","Crops and livestock products","356","India","5510","Production","01221","Watermelons","2020","2020","t","3157000","A","Official value",""
"QCL","Crops and livestock products","356","India","5312","Area harvested","01221","Watermelons","2021","2021","ha","119000","A","Official value",""
"QCL","Crops and livestock products","356","India","5412","Yield","01221","Watermelons","2021","2021","kg/ha","27344.5","A","Official value",""
"QCL","Crops and livestock products","356","India","5510","Production","01221","Watermelons","2021","2021","t","3254000","A","Official value",""
"QCL","Crops and livestock products","356","India","5312","Area harvested","01221","Watermelons","2022","2022","ha","120000","A","Official value",""
"QCL","Crops and livestock products","356","India","5412","Yield","01221","Watermelons","2022","2022","kg/ha","27566.7","A","Official value",""
"QCL","Crops and livestock products","356","India","5510","Production","01221","Watermelons","2022","2022","t","3308000","A","Official value",""
"QCL","Crops and livestock products","356","India","5312","Area harvested","01221","Watermelons","2023","2023","ha","126000","A","Official value",""
"QCL","Crops and livestock products","356","India","5412","Yield","01221","Watermelons","2023","2023","kg/ha","28777.8","A","Official value",""
"QCL","Crops and livestock products","356","India","5510","Production","01221","Watermelons","2023","2023","t","3626000","A","Official value",""
"QCL","Crops and livestock products","356","India","5312","Area harvested","0111","Wheat","2000","2000","ha","27486000","A","Official value",""
"QCL","Crops and livestock products","356","India","5412","Yield","0111","Wheat","2000","2000","kg/ha","2778.5","A","Official value",""
"QCL","Crops and livestock products","356","India","5510","Production","0111","Wheat","2000","2000","t","76368896","A","Official value",""
"QCL","Crops and livestock products","356","India","5312","Area harvested","0111","Wheat","2001","2001","ha","25730600","A","Official value",""
"QCL","Crops and livestock products","356","India","5412","Yield","0111","Wheat","2001","2001","kg/ha","2708.1","A","Official value",""
"QCL","Crops and livestock products","356","India","5510","Production","0111","Wheat","2001","2001","t","69680896","A","Official value",""
"QCL","Crops and livestock products","356","India","5312","Area harvested","0111","Wheat","2002","2002","ha","26344700","A","Official value",""
"QCL","Crops and livestock products","356","India","5412","Yield","0111","Wheat","2002","2002","kg/ha","2762.1","A","Official value",""
"QCL","Crops and livestock products","356","India","5510","Production","0111","Wheat","2002","2002","t","72766304","A","Official value",""
"QCL","Crops and livestock products","356","India","5312","Area harvested","0111","Wheat","2003","2003","ha","25195700","A","Official value",""
"QCL","Crops and livestock products","356","India","5412","Yield","0111","Wheat","2003","2003","kg/ha","2610","A","Official value",""
"QCL","Crops and livestock products","356","India","5510","Production","0111","Wheat","2003","2003","t","65760800","A","Official value",""
"QCL","Crops and livestock products","356","India","5312","Area harvested","0111","Wheat","2004","2004","ha","26594700","A","Official value",""
"QCL","Crops and livestock products","356","India","5412","Yield","0111","Wheat","2004","2004","kg/ha","2713.2","A","Official value",""
"QCL","Crops and livestock products","356","India","5510","Production","0111","Wheat","2004","2004","t","72156200","A","Official value",""
"QCL","Crops and livestock products","356","India","5312","Area harvested","0111","Wheat","2005","2005","ha","26382900","A","Official value",""
"QCL","Crops and livestock products","356","India","5412","Yield","0111","Wheat","2005","2005","kg/ha","2601.6","A","Official value",""
"QCL","Crops and livestock products","356","India","5510","Production","0111","Wheat","2005","2005","t","68636896","A","Official value",""
"QCL","Crops and livestock products","356","India","5312","Area harvested","0111","Wheat","2006","2006","ha","26483600","A","Official value",""
"QCL","Crops and livestock products","356","India","5412","Yield","0111","Wheat","2006","2006","kg/ha","2618.8","A","Official value",""
"QCL","Crops and livestock products","356","India","5510","Production","0111","Wheat","2006","2006","t","69354496","A","Official value",""
"QCL","Crops and livestock products","356","India","5312","Area harvested","0111","Wheat","2007","2007","ha","27994500","A","Official value",""
"QCL","Crops and livestock products","356","India","5412","Yield","0111","Wheat","2007","2007","kg/ha","2707.9","A","Official value",""
"QCL","Crops and livestock products","356","India","5510","Production","0111","Wheat","2007","2007","t","75806704","A","Official value",""
"QCL","Crops and livestock products","356","India","5312","Area harvested","0111","Wheat","2010","2010","ha","28457400","A","Official value",""
"QCL","Crops and livestock products","356","India","5412","Yield","0111","Wheat","2010","2010","kg/ha","2839.5","A","Official value",""
"QCL","Crops and livestock products","356","India","5510","Production","0111","Wheat","2010","2010","t","80803600","A","Official value",""
"QCL","Crops and livestock products","356","India","5312","Area harvested","0111","Wheat","2011","2011","ha","29068600","A","Official value",""
"QCL","Crops and livestock products","356","India","5412","Yield","0111","Wheat","2011","2011","kg/ha","2988.6","A","Official value",""
"QCL","Crops and livestock products","356","India","5510","Production","0111","Wheat","2011","2011","t","86874000","A","Official value",""
"QCL","Crops and livestock products","356","India","5312","Area harvested","0111","Wheat","2012","2012","ha","29860000","A","Official value",""
"QCL","Crops and livestock products","356","India","5412","Yield","0111","Wheat","2012","2012","kg/ha","3177.5","A","Official value",""
"QCL","Crops and livestock products","356","India","5510","Production","0111","Wheat","2012","2012","t","94880000","A","Official value",""
"QCL","Crops and livestock products","356","India","5312","Area harvested","0111","Wheat","2013","2013","ha","29650000","A","Official value",""
"QCL","Crops and livestock products","356","India","5412","Yield","0111","Wheat","2013","2013","kg/ha","3153.8","A","Official value",""
"QCL","Crops and livestock products","356","India","5510","Production","0111","Wheat","2013","2013","t","93510000","A","Official value",""
"QCL","Crops and livestock products","356","India","5312","Area harvested","0111","Wheat","2014","2014","ha","30470000","A","Official value",""
"QCL","Crops and livestock products","356","India","5412","Yield","0111","Wheat","2014","2014","kg/ha","3145.7","A","Official value",""
"QCL","Crops and livestock products","356","India","5510","Production","0111","Wheat","2014","2014","t","95850000","A","Official value",""
"QCL","Crops and livestock products","356","India","5312","Area harvested","0111","Wheat","2015","2015","ha","31470000","A","Official value",""
"QCL","Crops and livestock products","356","India","5412","Yield","0111","Wheat","2015","2015","kg/ha","2749.6","A","Official value",""
"QCL","Crops and livestock products","356","India","5510","Production","0111","Wheat","2015","2015","t","86530000","A","Official value",""
"QCL","Crops and livestock products","356","India","5312","Area harvested","0111","Wheat","2016","2016","ha","30420000","A","Official value",""
"QCL","Crops and livestock products","356","India","5412","Yield","0111","Wheat","2016","2016","kg/ha","3033.9","A","Official value",""
"QCL","Crops and livestock products","356","India","5510","Production","0111","Wheat","2016","2016","t","92290000","A","Official value",""
"QCL","Crops and livestock products","356","India","5312","Area harvested","0111","Wheat","2017","2017","ha","30785230","A","Official value",""
"QCL","Crops and livestock products","356","India","5412","Yield","0111","Wheat","2017","2017","kg/ha","3199.9","A","Official value",""
"QCL","Crops and livestock products","356","India","5510","Production","0111","Wheat","2017","2017","t","98510220","A","Official value",""
"QCL","Crops and livestock products","356","India","5312","Area harvested","0111","Wheat","2018","2018","ha","29650590","A","Official value",""
"QCL","Crops and livestock products","356","India","5412","Yield","0111","Wheat","2018","2018","kg/ha","3368.2","A","Official value",""
"QCL","Crops and livestock products","356","India","5510","Production","0111","Wheat","2018","2018","t","99869520","A","Official value",""
"QCL","Crops and livestock products","356","India","5312","Area harvested","0111","Wheat","2019","2019","ha","29318780","A","Official value",""
"QCL","Crops and livestock products","356","India","5412","Yield","0111","Wheat","2019","2019","kg/ha","3533.4","A","Official value",""
"QCL","Crops and livestock products","356","India","5510","Production","0111","Wheat","2019","2019","t","103596230","A","Official value",""
"QCL","Crops and livestock products","356","India","5312","Area harvested","0111","Wheat","2020","2020","ha","31357020","A","Official value",""
"QCL","Crops and livestock products","356","India","5412","Yield","0111","Wheat","2020","2020","kg/ha","3439.8","A","Official value",""
"QCL","Crops and livestock products","356","India","5510","Production","0111","Wheat","2020","2020","t","107860510","A","Official value",""
"QCL","Crops and livestock products","356","India","5312","Area harvested","0111","Wheat","2021","2021","ha","31125160","A","Official value",""
"QCL","Crops and livestock products","356","India","5412","Yield","0111","Wheat","2021","2021","kg/ha","3520.8","A","Official value",""
"QCL","Crops and livestock products","356","India","5510","Production","0111","Wheat","2021","2021","t","109586500","A","Official value",""
"QCL","Crops and livestock products","356","India","5312","Area harvested","0111","Wheat","2022","2022","ha","30458530","A","Official value",""
"QCL","Crops and livestock products","356","India","5412","Yield","0111","Wheat","2022","2022","kg/ha","3537.3","A","Official value",""
"QCL","Crops and livestock products","356","India","5510","Production","0111","Wheat","2022","2022","t","107742070","A","Official value",""
"QCL","Crops and livestock products","356","India","5312","Area harvested","0111","Wheat","2023","2023","ha","31400716","A","Official value",""
"QCL","Crops and livestock products","356","India","5412","Yield","0111","Wheat","2023","2023","kg/ha","3520.7","A","Official value",""
"QCL","Crops and livestock products","356","India","5510","Production","0111","Wheat","2023","2023","t","110553675.31","A","Official value",""
"QCL","Crops and livestock products","356","India","5312","Area harvested","01540","Yams","2013","2013","ha","","M","Missing value; data cannot exist",""
"QCL","Crops and livestock products","356","India","5510","Production","01540","Yams","2013","2013","t","","M","Missing value; data cannot exist",""
"QCL","Crops and livestock products","356","India","5312","Area harvested","01540","Yams","2014","2014","ha","5000","A","Official value",""
"QCL","Crops and livestock products","356","India","5412","Yield","01540","Yams","2014","2014","kg/ha","44400","A","Official value",""
"QCL","Crops and livestock products","356","India","5510","Production","01540","Yams","2014","2014","t","222000","A","Official value",""
"QCL","Crops and livestock products","356","India","5312","Area harvested","01540","Yams","2015","2015","ha","24000","A","Official value",""
"QCL","Crops and livestock products","356","India","5412","Yield","01540","Yams","2015","2015","kg/ha","28250","A","Official value",""
"QCL","Crops and livestock products","356","India","5510","Production","01540","Yams","2015","2015","t","678000","A","Official value",""
"QCL","Crops and livestock products","356","India","5312","Area harvested","01540","Yams","2016","2016","ha","27775","A","Official value",""
"QCL","Crops and livestock products","356","India","5412","Yield","01540","Yams","2016","2016","kg/ha","26380.8","A","Official value",""
"QCL","Crops and livestock products","356","India","5510","Production","01540","Yams","2016","2016","t","732727","A","Official value",""
"QCL","Crops and livestock products","356","India","5312","Area harvested","01540","Yams","2017","2017","ha","28837","A","Official value",""
"QCL","Crops and livestock products","356","India","5412","Yield","01540","Yams","2017","2017","kg/ha","25930.9","A","Official value",""
"QCL","Crops and livestock products","356","India","5510","Production","01540","Yams","2017","2017","t","747769","A","Official value",""
"QCL","Crops and livestock products","356","India","5312","Area harvested","01540","Yams","2018","2018","ha","30385","A","Official value",""
"QCL","Crops and livestock products","356","India","5412","Yield","01540","Yams","2018","2018","kg/ha","25469.3","A","Official value",""
"QCL","Crops and livestock products","356","India","5510","Production","01540","Yams","2018","2018","t","773879.63","A","Official value",""
"QCL","Crops and livestock products","356","India","5312","Area harvested","01540","Yams","2019","2019","ha","32568","A","Official value",""
"QCL","Crops and livestock products","356","India","5412","Yield","01540","Yams","2019","2019","kg/ha","25085.1","A","Official value",""
"QCL","Crops and livestock products","356","India","5510","Production","01540","Yams","2019","2019","t","816972","A","Official value",""
"QCL","Crops and livestock products","356","India","5312","Area harvested","01540","Yams","2020","2020","ha","31273","A","Official value",""
"QCL","Crops and livestock products","356","India","5412","Yield","01540","Yams","2020","2020","kg/ha","23154","A","Official value",""
"QCL","Crops and livestock products","356","India","5510","Production","01540","Yams","2020","2020","t","724095.8","A","Official value",""
"QCL","Crops and livestock products","356","India","5312","Area harvested","01540","Yams","2021","2021","ha","38384","A","Official value",""
"QCL","Crops and livestock products","356","India","5412","Yield","01540","Yams","2021","2021","kg/ha","22775.5","A","Official value",""
"QCL","Crops and livestock products","356","India","5510","Production","01540","Yams","2021","2021","t","874210.78","A","Official value",""
"QCL","Crops and livestock products","356","India","5312","Area harvested","01540","Yams","2022","2022","ha","42000","A","Official value",""
"QCL","Crops and livestock products","356","India","5412","Yield","01540","Yams","2022","2022","kg/ha","24761.9","A","Official value",""
"QCL","Crops and livestock products","356","India","5510","Production","01540","Yams","2022","2022","t","1040000","A","Official value",""
"QCL","Crops and livestock products","356","India","5312","Area harvested","01540","Yams","2023","2023","ha","39000","A","Official value",""
"QCL","Crops and livestock products","356","India","5412","Yield","01540","Yams","2023","2023","kg/ha","25307.7","A","Official value",""
"QCL","Crops and livestock products","356","India","5510","Production","01540","Yams","2023","2023","t","987000","A","Official value",""
