Variety_ID,Crop,Variety,Recommended_State,IMD_State,IMD_District,Location_Match_Type
1,Rice,Improved Pusa Basmati 1,Punjab,Punjab,Amritsar,State recommendation mapped to IMD districts
1,Rice,Improved Pusa Basmati 1,Punjab,Punjab,Barnala,State recommendation mapped to IMD districts
1,Rice,Improved Pusa Basmati 1,Punjab,Punjab,Bathinda,State recommendation mapped to IMD districts
1,Rice,Improved Pusa Basmati 1,Punjab,Punjab,Faridkot,State recommendation mapped to IMD districts
1,Rice,Improved Pusa Basmati 1,Punjab,Punjab,Fatehgarh Sahib,State recommendation mapped to IMD districts
1,Rice,Improved Pusa Basmati 1,Punjab,Punjab,Fazilka,State recommendation mapped to IMD districts
1,Rice,Improved Pusa Basmati 1,Punjab,Punjab,Firozpur,State recommendation mapped to IMD districts
1,Rice,Improved Pusa Basmati 1,Punjab,Punjab,Gurdaspur,State recommendation mapped to IMD districts
1,Rice,Improved Pusa Basmati 1,Punjab,Punjab,Hoshiarpur,State recommendation mapped to IMD districts
1,Rice,Improved Pusa Basmati 1,Punjab,Punjab,Jalandhar,State recommendation mapped to IMD districts
1,Rice,Improved Pusa Basmati 1,Punjab,Punjab,Kapurthala,State recommendation mapped to IMD districts
1,Rice,Improved Pusa Basmati 1,Punjab,Punjab,Ludhiana,State recommendation mapped to IMD districts
1,Rice,Improved Pusa Basmati 1,Punjab,Punjab,Mansa,State recommendation mapped to IMD districts
1,Rice,Improved Pusa Basmati 1,Punjab,Punjab,Moga,State recommendation mapped to IMD districts
1,Rice,Improved Pusa Basmati 1,Punjab,Punjab,Muktsar,State recommendation mapped to IMD districts
1,Rice,Improved Pusa Basmati 1,Punjab,Punjab,Pathankot,State recommendation mapped to IMD districts
1,Rice,Improved Pusa Basmati 1,Punjab,Punjab,Patiala,State recommendation mapped to IMD districts
1,Rice,Improved Pusa Basmati 1,Punjab,Punjab,Rupnagar,State recommendation mapped to IMD districts
1,Rice,Improved Pusa Basmati 1,Punjab,Punjab,Sangrur,State recommendation mapped to IMD districts
1,Rice,Improved Pusa Basmati 1,Punjab,Punjab,Sas Nagar,State recommendation mapped to IMD districts
1,Rice,Improved Pusa Basmati 1,Punjab,Punjab,Sbs Nagar,State recommendation mapped to IMD districts
1,Rice,Improved Pusa Basmati 1,Punjab,Punjab,Tarn Taran,State recommendation mapped to IMD districts
1,Rice,Improved Pusa Basmati 1,Haryana,Haryana,Ambala,State recommendation mapped to IMD districts
1,Rice,Improved Pusa Basmati 1,Haryana,Haryana,Bhiwani,State recommendation mapped to IMD districts
1,Rice,Improved Pusa Basmati 1,Haryana,Haryana,Charkhi Dadri,State recommendation mapped to IMD districts
1,Rice,Improved Pusa Basmati 1,Haryana,Haryana,Faridabad,State recommendation mapped to IMD districts
1,Rice,Improved Pusa Basmati 1,Haryana,Haryana,Fatehabad,State recommendation mapped to IMD districts
1,Rice,Improved Pusa Basmati 1,Haryana,Haryana,Gurgaon,State recommendation mapped to IMD districts
1,Rice,Improved Pusa Basmati 1,Haryana,Haryana,Hisar,State recommendation mapped to IMD districts
1,Rice,Improved Pusa Basmati 1,Haryana,Haryana,Jhajjar,State recommendation mapped to IMD districts
1,Rice,Improved Pusa Basmati 1,Haryana,Haryana,Jind,State recommendation mapped to IMD districts
1,Rice,Improved Pusa Basmati 1,Haryana,Haryana,Kaithal,State recommendation mapped to IMD districts
1,Rice,Improved Pusa Basmati 1,Haryana,Haryana,Karnal,State recommendation mapped to IMD districts
1,Rice,Improved Pusa Basmati 1,Haryana,Haryana,Kurukshetra,State recommendation mapped to IMD districts
1,Rice,Improved Pusa Basmati 1,Haryana,Haryana,Mahendragarh,State recommendation mapped to IMD districts
1,Rice,Improved Pusa Basmati 1,Haryana,Haryana,Nuh,State recommendation mapped to IMD districts
1,Rice,Improved Pusa Basmati 1,Haryana,Haryana,Palwal,State recommendation mapped to IMD districts
1,Rice,Improved Pusa Basmati 1,Haryana,Haryana,Panchkula,State recommendation mapped to IMD districts
1,Rice,Improved Pusa Basmati 1,Haryana,Haryana,Panipat,State recommendation mapped to IMD districts
1,Rice,Improved Pusa Basmati 1,Haryana,Haryana,Rewari,State recommendation mapped to IMD districts
1,Rice,Improved Pusa Basmati 1,Haryana,Haryana,Rohtak,State recommendation mapped to IMD districts
1,Rice,Improved Pusa Basmati 1,Haryana,Haryana,Sirsa,State recommendation mapped to IMD districts
1,Rice,Improved Pusa Basmati 1,Haryana,Haryana,Sonipat,State recommendation mapped to IMD districts
1,Rice,Improved Pusa Basmati 1,Haryana,Haryana,Yamunanagar,State recommendation mapped to IMD districts
1,Rice,Improved Pusa Basmati 1,Delhi,Nct Of Delhi,Central Delhi,State recommendation mapped to IMD districts
1,Rice,Improved Pusa Basmati 1,Delhi,Nct Of Delhi,East Delhi,State recommendation mapped to IMD districts
1,Rice,Improved Pusa Basmati 1,Delhi,Nct Of Delhi,New Delhi,State recommendation mapped to IMD districts
1,Rice,Improved Pusa Basmati 1,Delhi,Nct Of Delhi,North Delhi,State recommendation mapped to IMD districts
1,Rice,Improved Pusa Basmati 1,Delhi,Nct Of Delhi,North East Delhi,State recommendation mapped to IMD districts
1,Rice,Improved Pusa Basmati 1,Delhi,Nct Of Delhi,North West Delhi,State recommendation mapped to IMD districts
1,Rice,Improved Pusa Basmati 1,Delhi,Nct Of Delhi,South Delhi,State recommendation mapped to IMD districts
1,Rice,Improved Pusa Basmati 1,Delhi,Nct Of Delhi,South East Delhi,State recommendation mapped to IMD districts
1,Rice,Improved Pusa Basmati 1,Delhi,Nct Of Delhi,South West Delhi,State recommendation mapped to IMD districts
1,Rice,Improved Pusa Basmati 1,Delhi,Nct Of Delhi,West Delhi,State recommendation mapped to IMD districts
1,Rice,Improved Pusa Basmati 1,Jammu,,,Recommended state not found in IMD file
1,Rice,Improved Pusa Basmati 1,Uttarakhand,Uttarakhand,Almora,State recommendation mapped to IMD districts
1,Rice,Improved Pusa Basmati 1,Uttarakhand,Uttarakhand,Bageshwar,State recommendation mapped to IMD districts
1,Rice,Improved Pusa Basmati 1,Uttarakhand,Uttarakhand,Chamoli,State recommendation mapped to IMD districts
1,Rice,Improved Pusa Basmati 1,Uttarakhand,Uttarakhand,Champawat,State recommendation mapped to IMD districts
1,Rice,Improved Pusa Basmati 1,Uttarakhand,Uttarakhand,Dehradun,State recommendation mapped to IMD districts
1,Rice,Improved Pusa Basmati 1,Uttarakhand,Uttarakhand,Haridwar,State recommendation mapped to IMD districts
1,Rice,Improved Pusa Basmati 1,Uttarakhand,Uttarakhand,Nanital,State recommendation mapped to IMD districts
1,Rice,Improved Pusa Basmati 1,Uttarakhand,Uttarakhand,Pauri Garhwal,State recommendation mapped to IMD districts
1,Rice,Improved Pusa Basmati 1,Uttarakhand,Uttarakhand,Pithoragarh,State recommendation mapped to IMD districts
1,Rice,Improved Pusa Basmati 1,Uttarakhand,Uttarakhand,Rudraprayag,State recommendation mapped to IMD districts
1,Rice,Improved Pusa Basmati 1,Uttarakhand,Uttarakhand,Tehri Garwal,State recommendation mapped to IMD districts
1,Rice,Improved Pusa Basmati 1,Uttarakhand,Uttarakhand,Udham Singh Nagar,State recommendation mapped to IMD districts
1,Rice,Improved Pusa Basmati 1,Uttarakhand,Uttarakhand,Uttarkashi,State recommendation mapped to IMD districts
1,Rice,Improved Pusa Basmati 1,Uttar Pradesh,Uttar Pradesh,Agra,State recommendation mapped to IMD districts
1,Rice,Improved Pusa Basmati 1,Uttar Pradesh,Uttar Pradesh,Aligarh,State recommendation mapped to IMD districts
1,Rice,Improved Pusa Basmati 1,Uttar Pradesh,Uttar Pradesh,Ambedkarnagar,State recommendation mapped to IMD districts
1,Rice,Improved Pusa Basmati 1,Uttar Pradesh,Uttar Pradesh,Amethi,State recommendation mapped to IMD districts
1,Rice,Improved Pusa Basmati 1,Uttar Pradesh,Uttar Pradesh,Amroha,State recommendation mapped to IMD districts
1,Rice,Improved Pusa Basmati 1,Uttar Pradesh,Uttar Pradesh,Auraiya,State recommendation mapped to IMD districts
1,Rice,Improved Pusa Basmati 1,Uttar Pradesh,Uttar Pradesh,Ayodhya,State recommendation mapped to IMD districts
1,Rice,Improved Pusa Basmati 1,Uttar Pradesh,Uttar Pradesh,Azamgarh,State recommendation mapped to IMD districts
1,Rice,Improved Pusa Basmati 1,Uttar Pradesh,Uttar Pradesh,Badaun,State recommendation mapped to IMD districts
1,Rice,Improved Pusa Basmati 1,Uttar Pradesh,Uttar Pradesh,Baghpat,State recommendation mapped to IMD districts
1,Rice,Improved Pusa Basmati 1,Uttar Pradesh,Uttar Pradesh,Bahraich,State recommendation mapped to IMD districts
1,Rice,Improved Pusa Basmati 1,Uttar Pradesh,Uttar Pradesh,Balarampur,State recommendation mapped to IMD districts
1,Rice,Improved Pusa Basmati 1,Uttar Pradesh,Uttar Pradesh,Ballia,State recommendation mapped to IMD districts
1,Rice,Improved Pusa Basmati 1,Uttar Pradesh,Uttar Pradesh,Banda,State recommendation mapped to IMD districts
1,Rice,Improved Pusa Basmati 1,Uttar Pradesh,Uttar Pradesh,Barabanki,State recommendation mapped to IMD districts
1,Rice,Improved Pusa Basmati 1,Uttar Pradesh,Uttar Pradesh,Bareilly,State recommendation mapped to IMD districts
1,Rice,Improved Pusa Basmati 1,Uttar Pradesh,Uttar Pradesh,Basti,State recommendation mapped to IMD districts
1,Rice,Improved Pusa Basmati 1,Uttar Pradesh,Uttar Pradesh,Bhadohi,State recommendation mapped to IMD districts
1,Rice,Improved Pusa Basmati 1,Uttar Pradesh,Uttar Pradesh,Bijnor,State recommendation mapped to IMD districts
1,Rice,Improved Pusa Basmati 1,Uttar Pradesh,Uttar Pradesh,Bulandsahar,State recommendation mapped to IMD districts
1,Rice,Improved Pusa Basmati 1,Uttar Pradesh,Uttar Pradesh,Chandauli,State recommendation mapped to IMD districts
1,Rice,Improved Pusa Basmati 1,Uttar Pradesh,Uttar Pradesh,Chitrakoot,State recommendation mapped to IMD districts
1,Rice,Improved Pusa Basmati 1,Uttar Pradesh,Uttar Pradesh,Deoria,State recommendation mapped to IMD districts
1,Rice,Improved Pusa Basmati 1,Uttar Pradesh,Uttar Pradesh,Etah,State recommendation mapped to IMD districts
1,Rice,Improved Pusa Basmati 1,Uttar Pradesh,Uttar Pradesh,Etawah,State recommendation mapped to IMD districts
1,Rice,Improved Pusa Basmati 1,Uttar Pradesh,Uttar Pradesh,Farrukhabad,State recommendation mapped to IMD districts
1,Rice,Improved Pusa Basmati 1,Uttar Pradesh,Uttar Pradesh,Fatehpur,State recommendation mapped to IMD districts
1,Rice,Improved Pusa Basmati 1,Uttar Pradesh,Uttar Pradesh,Firozabad,State recommendation mapped to IMD districts
1,Rice,Improved Pusa Basmati 1,Uttar Pradesh,Uttar Pradesh,Gautambudhnagar,State recommendation mapped to IMD districts
1,Rice,Improved Pusa Basmati 1,Uttar Pradesh,Uttar Pradesh,Gazipur,State recommendation mapped to IMD districts
1,Rice,Improved Pusa Basmati 1,Uttar Pradesh,Uttar Pradesh,Ghaziabad,State recommendation mapped to IMD districts
1,Rice,Improved Pusa Basmati 1,Uttar Pradesh,Uttar Pradesh,Gonda,State recommendation mapped to IMD districts
1,Rice,Improved Pusa Basmati 1,Uttar Pradesh,Uttar Pradesh,Gorakhpur,State recommendation mapped to IMD districts
1,Rice,Improved Pusa Basmati 1,Uttar Pradesh,Uttar Pradesh,Hamirpur,State recommendation mapped to IMD districts
1,Rice,Improved Pusa Basmati 1,Uttar Pradesh,Uttar Pradesh,Hapur,State recommendation mapped to IMD districts
1,Rice,Improved Pusa Basmati 1,Uttar Pradesh,Uttar Pradesh,Hardoi,State recommendation mapped to IMD districts
1,Rice,Improved Pusa Basmati 1,Uttar Pradesh,Uttar Pradesh,Hathras,State recommendation mapped to IMD districts
1,Rice,Improved Pusa Basmati 1,Uttar Pradesh,Uttar Pradesh,Jalaun,State recommendation mapped to IMD districts
1,Rice,Improved Pusa Basmati 1,Uttar Pradesh,Uttar Pradesh,Jaunpur,State recommendation mapped to IMD districts
1,Rice,Improved Pusa Basmati 1,Uttar Pradesh,Uttar Pradesh,Jhansi,State recommendation mapped to IMD districts
1,Rice,Improved Pusa Basmati 1,Uttar Pradesh,Uttar Pradesh,Kannauj,State recommendation mapped to IMD districts
1,Rice,Improved Pusa Basmati 1,Uttar Pradesh,Uttar Pradesh,Kanpur,State recommendation mapped to IMD districts
1,Rice,Improved Pusa Basmati 1,Uttar Pradesh,Uttar Pradesh,Kanpur Dehat,State recommendation mapped to IMD districts
1,Rice,Improved Pusa Basmati 1,Uttar Pradesh,Uttar Pradesh,Kasganj,State recommendation mapped to IMD districts
1,Rice,Improved Pusa Basmati 1,Uttar Pradesh,Uttar Pradesh,Kaushambi,State recommendation mapped to IMD districts
1,Rice,Improved Pusa Basmati 1,Uttar Pradesh,Uttar Pradesh,Kheri,State recommendation mapped to IMD districts
1,Rice,Improved Pusa Basmati 1,Uttar Pradesh,Uttar Pradesh,Kushinagar,State recommendation mapped to IMD districts
1,Rice,Improved Pusa Basmati 1,Uttar Pradesh,Uttar Pradesh,Lalitpur,State recommendation mapped to IMD districts
1,Rice,Improved Pusa Basmati 1,Uttar Pradesh,Uttar Pradesh,Lucknow,State recommendation mapped to IMD districts
1,Rice,Improved Pusa Basmati 1,Uttar Pradesh,Uttar Pradesh,Maharajganj,State recommendation mapped to IMD districts
1,Rice,Improved Pusa Basmati 1,Uttar Pradesh,Uttar Pradesh,Mahoba,State recommendation mapped to IMD districts
1,Rice,Improved Pusa Basmati 1,Uttar Pradesh,Uttar Pradesh,Mainpuri,State recommendation mapped to IMD districts
1,Rice,Improved Pusa Basmati 1,Uttar Pradesh,Uttar Pradesh,Mathura,State recommendation mapped to IMD districts
1,Rice,Improved Pusa Basmati 1,Uttar Pradesh,Uttar Pradesh,Mau,State recommendation mapped to IMD districts
1,Rice,Improved Pusa Basmati 1,Uttar Pradesh,Uttar Pradesh,Meerut,State recommendation mapped to IMD districts
1,Rice,Improved Pusa Basmati 1,Uttar Pradesh,Uttar Pradesh,Mirzapur,State recommendation mapped to IMD districts
1,Rice,Improved Pusa Basmati 1,Uttar Pradesh,Uttar Pradesh,Moradabad,State recommendation mapped to IMD districts
1,Rice,Improved Pusa Basmati 1,Uttar Pradesh,Uttar Pradesh,Muzafarnagar,State recommendation mapped to IMD districts
1,Rice,Improved Pusa Basmati 1,Uttar Pradesh,Uttar Pradesh,Pilhibhit,State recommendation mapped to IMD districts
1,Rice,Improved Pusa Basmati 1,Uttar Pradesh,Uttar Pradesh,Pratapgarh,State recommendation mapped to IMD districts
1,Rice,Improved Pusa Basmati 1,Uttar Pradesh,Uttar Pradesh,Prayagraj,State recommendation mapped to IMD districts
1,Rice,Improved Pusa Basmati 1,Uttar Pradesh,Uttar Pradesh,Raibeareli,State recommendation mapped to IMD districts
1,Rice,Improved Pusa Basmati 1,Uttar Pradesh,Uttar Pradesh,Rampur,State recommendation mapped to IMD districts
1,Rice,Improved Pusa Basmati 1,Uttar Pradesh,Uttar Pradesh,Sambhal,State recommendation mapped to IMD districts
1,Rice,Improved Pusa Basmati 1,Uttar Pradesh,Uttar Pradesh,Santkabirnagar,State recommendation mapped to IMD districts
1,Rice,Improved Pusa Basmati 1,Uttar Pradesh,Uttar Pradesh,Shahjahanpur,State recommendation mapped to IMD districts
1,Rice,Improved Pusa Basmati 1,Uttar Pradesh,Uttar Pradesh,Shamli,State recommendation mapped to IMD districts
1,Rice,Improved Pusa Basmati 1,Uttar Pradesh,Uttar Pradesh,Sharanpur,State recommendation mapped to IMD districts
1,Rice,Improved Pusa Basmati 1,Uttar Pradesh,Uttar Pradesh,Shrawasti,State recommendation mapped to IMD districts
1,Rice,Improved Pusa Basmati 1,Uttar Pradesh,Uttar Pradesh,Siddharthnagar,State recommendation mapped to IMD districts
1,Rice,Improved Pusa Basmati 1,Uttar Pradesh,Uttar Pradesh,Sitapur,State recommendation mapped to IMD districts
1,Rice,Improved Pusa Basmati 1,Uttar Pradesh,Uttar Pradesh,Sonbhadra,State recommendation mapped to IMD districts
1,Rice,Improved Pusa Basmati 1,Uttar Pradesh,Uttar Pradesh,Sultanpur,State recommendation mapped to IMD districts
1,Rice,Improved Pusa Basmati 1,Uttar Pradesh,Uttar Pradesh,Unnao,State recommendation mapped to IMD districts
1,Rice,Improved Pusa Basmati 1,Uttar Pradesh,Uttar Pradesh,Varanasi,State recommendation mapped to IMD districts
2,Rice,Improved Samba Mahsuri,Andhra Pradesh,Andhra Pradesh,Anakapalli,State recommendation mapped to IMD districts
2,Rice,Improved Samba Mahsuri,Andhra Pradesh,Andhra Pradesh,Anantapuramu,State recommendation mapped to IMD districts
2,Rice,Improved Samba Mahsuri,Andhra Pradesh,Andhra Pradesh,Annamayya District,State recommendation mapped to IMD districts
2,Rice,Improved Samba Mahsuri,Andhra Pradesh,Andhra Pradesh,Bapatla,State recommendation mapped to IMD districts
2,Rice,Improved Samba Mahsuri,Andhra Pradesh,Andhra Pradesh,Chittoor,State recommendation mapped to IMD districts
2,Rice,Improved Samba Mahsuri,Andhra Pradesh,Andhra Pradesh,Dr B R Ambedkar Konaseema,State recommendation mapped to IMD districts
2,Rice,Improved Samba Mahsuri,Andhra Pradesh,Andhra Pradesh,East Godavari,State recommendation mapped to IMD districts
2,Rice,Improved Samba Mahsuri,Andhra Pradesh,Andhra Pradesh,Eluru,State recommendation mapped to IMD districts
2,Rice,Improved Samba Mahsuri,Andhra Pradesh,Andhra Pradesh,Guntur,State recommendation mapped to IMD districts
2,Rice,Improved Samba Mahsuri,Andhra Pradesh,Andhra Pradesh,Kakinada,State recommendation mapped to IMD districts
2,Rice,Improved Samba Mahsuri,Andhra Pradesh,Andhra Pradesh,Krishna,State recommendation mapped to IMD districts
2,Rice,Improved Samba Mahsuri,Andhra Pradesh,Andhra Pradesh,Kurnool,State recommendation mapped to IMD districts
2,Rice,Improved Samba Mahsuri,Andhra Pradesh,Andhra Pradesh,Nandyal,State recommendation mapped to IMD districts
2,Rice,Improved Samba Mahsuri,Andhra Pradesh,Andhra Pradesh,Ntr District,State recommendation mapped to IMD districts
2,Rice,Improved Samba Mahsuri,Andhra Pradesh,Andhra Pradesh,Palnadu,State recommendation mapped to IMD districts
2,Rice,Improved Samba Mahsuri,Andhra Pradesh,Andhra Pradesh,Parvathipuram Manyam,State recommendation mapped to IMD districts
2,Rice,Improved Samba Mahsuri,Andhra Pradesh,Andhra Pradesh,Prakasam,State recommendation mapped to IMD districts
2,Rice,Improved Samba Mahsuri,Andhra Pradesh,Andhra Pradesh,Spsr Nellore,State recommendation mapped to IMD districts
2,Rice,Improved Samba Mahsuri,Andhra Pradesh,Andhra Pradesh,Sri Alluri Sitharamaraju District,State recommendation mapped to IMD districts
2,Rice,Improved Samba Mahsuri,Andhra Pradesh,Andhra Pradesh,Srikakulam,State recommendation mapped to IMD districts
2,Rice,Improved Samba Mahsuri,Andhra Pradesh,Andhra Pradesh,Sri Sathyasai District,State recommendation mapped to IMD districts
2,Rice,Improved Samba Mahsuri,Andhra Pradesh,Andhra Pradesh,Tirupati,State recommendation mapped to IMD districts
2,Rice,Improved Samba Mahsuri,Andhra Pradesh,Andhra Pradesh,Vishakhapatnam,State recommendation mapped to IMD districts
2,Rice,Improved Samba Mahsuri,Andhra Pradesh,Andhra Pradesh,Vizianagaram,State recommendation mapped to IMD districts
2,Rice,Improved Samba Mahsuri,Andhra Pradesh,Andhra Pradesh,West Godavari,State recommendation mapped to IMD districts
2,Rice,Improved Samba Mahsuri,Andhra Pradesh,Andhra Pradesh,Ysr District,State recommendation mapped to IMD districts
2,Rice,Improved Samba Mahsuri,Telangana,Telangana,Adilabad,State recommendation mapped to IMD districts
2,Rice,Improved Samba Mahsuri,Telangana,Telangana,B. Kothagudem,State recommendation mapped to IMD districts
2,Rice,Improved Samba Mahsuri,Telangana,Telangana,Hanumakonda,State recommendation mapped to IMD districts
2,Rice,Improved Samba Mahsuri,Telangana,Telangana,Hyderabad,State recommendation mapped to IMD districts
2,Rice,Improved Samba Mahsuri,Telangana,Telangana,Jagtial,State recommendation mapped to IMD districts
2,Rice,Improved Samba Mahsuri,Telangana,Telangana,Jangaon,State recommendation mapped to IMD districts
2,Rice,Improved Samba Mahsuri,Telangana,Telangana,J. Bhupalpally,State recommendation mapped to IMD districts
2,Rice,Improved Samba Mahsuri,Telangana,Telangana,Jogulamba Gadwal,State recommendation mapped to IMD districts
2,Rice,Improved Samba Mahsuri,Telangana,Telangana,Kamareddy,State recommendation mapped to IMD districts
2,Rice,Improved Samba Mahsuri,Telangana,Telangana,Karimnagar,State recommendation mapped to IMD districts
2,Rice,Improved Samba Mahsuri,Telangana,Telangana,Khammam,State recommendation mapped to IMD districts
2,Rice,Improved Samba Mahsuri,Telangana,Telangana,Kumaram Bheem,State recommendation mapped to IMD districts
2,Rice,Improved Samba Mahsuri,Telangana,Telangana,Mahabubabad,State recommendation mapped to IMD districts
2,Rice,Improved Samba Mahsuri,Telangana,Telangana,Mahabubnagar,State recommendation mapped to IMD districts
2,Rice,Improved Samba Mahsuri,Telangana,Telangana,Mancherial,State recommendation mapped to IMD districts
2,Rice,Improved Samba Mahsuri,Telangana,Telangana,Medak,State recommendation mapped to IMD districts
2,Rice,Improved Samba Mahsuri,Telangana,Telangana,M. Malkajgiri,State recommendation mapped to IMD districts
2,Rice,Improved Samba Mahsuri,Telangana,Telangana,Mulugu,State recommendation mapped to IMD districts
2,Rice,Improved Samba Mahsuri,Telangana,Telangana,Nagarkurnool,State recommendation mapped to IMD districts
2,Rice,Improved Samba Mahsuri,Telangana,Telangana,Nalgonda,State recommendation mapped to IMD districts
2,Rice,Improved Samba Mahsuri,Telangana,Telangana,Narayanpet,State recommendation mapped to IMD districts
2,Rice,Improved Samba Mahsuri,Telangana,Telangana,Nirmal,State recommendation mapped to IMD districts
2,Rice,Improved Samba Mahsuri,Telangana,Telangana,Nizamabad,State recommendation mapped to IMD districts
2,Rice,Improved Samba Mahsuri,Telangana,Telangana,Peddapalle,State recommendation mapped to IMD districts
2,Rice,Improved Samba Mahsuri,Telangana,Telangana,Rajanna Sircilla,State recommendation mapped to IMD districts
2,Rice,Improved Samba Mahsuri,Telangana,Telangana,Rangareddy,State recommendation mapped to IMD districts
2,Rice,Improved Samba Mahsuri,Telangana,Telangana,Sangareddy,State recommendation mapped to IMD districts
2,Rice,Improved Samba Mahsuri,Telangana,Telangana,Siddipet,State recommendation mapped to IMD districts
2,Rice,Improved Samba Mahsuri,Telangana,Telangana,Suryapet,State recommendation mapped to IMD districts
2,Rice,Improved Samba Mahsuri,Telangana,Telangana,Vikarabad,State recommendation mapped to IMD districts
2,Rice,Improved Samba Mahsuri,Telangana,Telangana,Wanaparthy,State recommendation mapped to IMD districts
2,Rice,Improved Samba Mahsuri,Telangana,Telangana,Warangal,State recommendation mapped to IMD districts
2,Rice,Improved Samba Mahsuri,Telangana,Telangana,Y. Bhuvanagiri,State recommendation mapped to IMD districts
2,Rice,Improved Samba Mahsuri,Tamil Nadu,Tamil Nadu,Ariyalur,State recommendation mapped to IMD districts
2,Rice,Improved Samba Mahsuri,Tamil Nadu,Tamil Nadu,Chengalpattu,State recommendation mapped to IMD districts
2,Rice,Improved Samba Mahsuri,Tamil Nadu,Tamil Nadu,Chennai,State recommendation mapped to IMD districts
2,Rice,Improved Samba Mahsuri,Tamil Nadu,Tamil Nadu,Coimbatore,State recommendation mapped to IMD districts
2,Rice,Improved Samba Mahsuri,Tamil Nadu,Tamil Nadu,Cuddalore,State recommendation mapped to IMD districts
2,Rice,Improved Samba Mahsuri,Tamil Nadu,Tamil Nadu,Dharampuri,State recommendation mapped to IMD districts
2,Rice,Improved Samba Mahsuri,Tamil Nadu,Tamil Nadu,Dindigul,State recommendation mapped to IMD districts
2,Rice,Improved Samba Mahsuri,Tamil Nadu,Tamil Nadu,Erode,State recommendation mapped to IMD districts
2,Rice,Improved Samba Mahsuri,Tamil Nadu,Tamil Nadu,Kallakurichi,State recommendation mapped to IMD districts
2,Rice,Improved Samba Mahsuri,Tamil Nadu,Tamil Nadu,Kanchipuram,State recommendation mapped to IMD districts
2,Rice,Improved Samba Mahsuri,Tamil Nadu,Tamil Nadu,Kanyakumari,State recommendation mapped to IMD districts
2,Rice,Improved Samba Mahsuri,Tamil Nadu,Tamil Nadu,Karur,State recommendation mapped to IMD districts
2,Rice,Improved Samba Mahsuri,Tamil Nadu,Tamil Nadu,Krishnagiri,State recommendation mapped to IMD districts
2,Rice,Improved Samba Mahsuri,Tamil Nadu,Tamil Nadu,Madurai,State recommendation mapped to IMD districts
2,Rice,Improved Samba Mahsuri,Tamil Nadu,Tamil Nadu,Nagapattinam,State recommendation mapped to IMD districts
2,Rice,Improved Samba Mahsuri,Tamil Nadu,Tamil Nadu,Namakkal,State recommendation mapped to IMD districts
2,Rice,Improved Samba Mahsuri,Tamil Nadu,Tamil Nadu,Nilgiri,State recommendation mapped to IMD districts
2,Rice,Improved Samba Mahsuri,Tamil Nadu,Tamil Nadu,Perambalur,State recommendation mapped to IMD districts
2,Rice,Improved Samba Mahsuri,Tamil Nadu,Tamil Nadu,Pudukkottai,State recommendation mapped to IMD districts
2,Rice,Improved Samba Mahsuri,Tamil Nadu,Tamil Nadu,Ramanathapuram,State recommendation mapped to IMD districts
2,Rice,Improved Samba Mahsuri,Tamil Nadu,Tamil Nadu,Ranipet,State recommendation mapped to IMD districts
2,Rice,Improved Samba Mahsuri,Tamil Nadu,Tamil Nadu,Salem,State recommendation mapped to IMD districts
2,Rice,Improved Samba Mahsuri,Tamil Nadu,Tamil Nadu,Sivaganga,State recommendation mapped to IMD districts
2,Rice,Improved Samba Mahsuri,Tamil Nadu,Tamil Nadu,Teni,State recommendation mapped to IMD districts
2,Rice,Improved Samba Mahsuri,Tamil Nadu,Tamil Nadu,Tenkasi,State recommendation mapped to IMD districts
2,Rice,Improved Samba Mahsuri,Tamil Nadu,Tamil Nadu,Thanjavur,State recommendation mapped to IMD districts
2,Rice,Improved Samba Mahsuri,Tamil Nadu,Tamil Nadu,Thiruvarur,State recommendation mapped to IMD districts
2,Rice,Improved Samba Mahsuri,Tamil Nadu,Tamil Nadu,Tiruchirappalli,State recommendation mapped to IMD districts
2,Rice,Improved Samba Mahsuri,Tamil Nadu,Tamil Nadu,Tirunelveli,State recommendation mapped to IMD districts
2,Rice,Improved Samba Mahsuri,Tamil Nadu,Tamil Nadu,Tirupattur,State recommendation mapped to IMD districts
2,Rice,Improved Samba Mahsuri,Tamil Nadu,Tamil Nadu,Tiruppur,State recommendation mapped to IMD districts
2,Rice,Improved Samba Mahsuri,Tamil Nadu,Tamil Nadu,Tiruvallur,State recommendation mapped to IMD districts
2,Rice,Improved Samba Mahsuri,Tamil Nadu,Tamil Nadu,Tiruvannamalai,State recommendation mapped to IMD districts
2,Rice,Improved Samba Mahsuri,Tamil Nadu,Tamil Nadu,Tuticorin,State recommendation mapped to IMD districts
2,Rice,Improved Samba Mahsuri,Tamil Nadu,Tamil Nadu,Vellore,State recommendation mapped to IMD districts
2,Rice,Improved Samba Mahsuri,Tamil Nadu,Tamil Nadu,Villupuram,State recommendation mapped to IMD districts
2,Rice,Improved Samba Mahsuri,Tamil Nadu,Tamil Nadu,Virudhunagar,State recommendation mapped to IMD districts
2,Rice,Improved Samba Mahsuri,Karnataka,Karnataka,Bagalkot,State recommendation mapped to IMD districts
2,Rice,Improved Samba Mahsuri,Karnataka,Karnataka,Bangalore Rural,State recommendation mapped to IMD districts
2,Rice,Improved Samba Mahsuri,Karnataka,Karnataka,Banglore Urban,State recommendation mapped to IMD districts
2,Rice,Improved Samba Mahsuri,Karnataka,Karnataka,Belgaum,State recommendation mapped to IMD districts
2,Rice,Improved Samba Mahsuri,Karnataka,Karnataka,Bellary,State recommendation mapped to IMD districts
2,Rice,Improved Samba Mahsuri,Karnataka,Karnataka,Bidar,State recommendation mapped to IMD districts
2,Rice,Improved Samba Mahsuri,Karnataka,Karnataka,Bijaapur,State recommendation mapped to IMD districts
2,Rice,Improved Samba Mahsuri,Karnataka,Karnataka,Chamarajanagar,State recommendation mapped to IMD districts
2,Rice,Improved Samba Mahsuri,Karnataka,Karnataka,Chikballapur,State recommendation mapped to IMD districts
2,Rice,Improved Samba Mahsuri,Karnataka,Karnataka,Chikmagalur,State recommendation mapped to IMD districts
2,Rice,Improved Samba Mahsuri,Karnataka,Karnataka,Chitradurga,State recommendation mapped to IMD districts
2,Rice,Improved Samba Mahsuri,Karnataka,Karnataka,Dakshin Kannada,State recommendation mapped to IMD districts
2,Rice,Improved Samba Mahsuri,Karnataka,Karnataka,Davangere,State recommendation mapped to IMD districts
2,Rice,Improved Samba Mahsuri,Karnataka,Karnataka,Dharwad,State recommendation mapped to IMD districts
2,Rice,Improved Samba Mahsuri,Karnataka,Karnataka,Gadag,State recommendation mapped to IMD districts
2,Rice,Improved Samba Mahsuri,Karnataka,Karnataka,Gulbarga,State recommendation mapped to IMD districts
2,Rice,Improved Samba Mahsuri,Karnataka,Karnataka,Hassan,State recommendation mapped to IMD districts
2,Rice,Improved Samba Mahsuri,Karnataka,Karnataka,Haveri,State recommendation mapped to IMD districts
2,Rice,Improved Samba Mahsuri,Karnataka,Karnataka,Kodagu,State recommendation mapped to IMD districts
2,Rice,Improved Samba Mahsuri,Karnataka,Karnataka,Kolar,State recommendation mapped to IMD districts
2,Rice,Improved Samba Mahsuri,Karnataka,Karnataka,Koppal,State recommendation mapped to IMD districts
2,Rice,Improved Samba Mahsuri,Karnataka,Karnataka,Mandhya,State recommendation mapped to IMD districts
2,Rice,Improved Samba Mahsuri,Karnataka,Karnataka,Mysore,State recommendation mapped to IMD districts
2,Rice,Improved Samba Mahsuri,Karnataka,Karnataka,Raichur,State recommendation mapped to IMD districts
2,Rice,Improved Samba Mahsuri,Karnataka,Karnataka,Ramnagar,State recommendation mapped to IMD districts
2,Rice,Improved Samba Mahsuri,Karnataka,Karnataka,Shimoga,State recommendation mapped to IMD districts
2,Rice,Improved Samba Mahsuri,Karnataka,Karnataka,Tumkur,State recommendation mapped to IMD districts
2,Rice,Improved Samba Mahsuri,Karnataka,Karnataka,Udupi,State recommendation mapped to IMD districts
2,Rice,Improved Samba Mahsuri,Karnataka,Karnataka,Uttar Kannada,State recommendation mapped to IMD districts
2,Rice,Improved Samba Mahsuri,Karnataka,Karnataka,Vijayanagara,State recommendation mapped to IMD districts
2,Rice,Improved Samba Mahsuri,Karnataka,Karnataka,Yadgir,State recommendation mapped to IMD districts
2,Rice,Improved Samba Mahsuri,Maharashtra,Maharashtra,Ahmadnagar,State recommendation mapped to IMD districts
2,Rice,Improved Samba Mahsuri,Maharashtra,Maharashtra,Akola,State recommendation mapped to IMD districts
2,Rice,Improved Samba Mahsuri,Maharashtra,Maharashtra,Amaravati,State recommendation mapped to IMD districts
2,Rice,Improved Samba Mahsuri,Maharashtra,Maharashtra,Bhandara,State recommendation mapped to IMD districts
2,Rice,Improved Samba Mahsuri,Maharashtra,Maharashtra,Bid,State recommendation mapped to IMD districts
2,Rice,Improved Samba Mahsuri,Maharashtra,Maharashtra,Buldhana,State recommendation mapped to IMD districts
2,Rice,Improved Samba Mahsuri,Maharashtra,Maharashtra,Chandrapur,State recommendation mapped to IMD districts
2,Rice,Improved Samba Mahsuri,Maharashtra,Maharashtra,Chhatrapati Sambhajinagar,State recommendation mapped to IMD districts
2,Rice,Improved Samba Mahsuri,Maharashtra,Maharashtra,Dharashiv,State recommendation mapped to IMD districts
2,Rice,Improved Samba Mahsuri,Maharashtra,Maharashtra,Dhule,State recommendation mapped to IMD districts
2,Rice,Improved Samba Mahsuri,Maharashtra,Maharashtra,Gadchiroli,State recommendation mapped to IMD districts
2,Rice,Improved Samba Mahsuri,Maharashtra,Maharashtra,Gondiya,State recommendation mapped to IMD districts
2,Rice,Improved Samba Mahsuri,Maharashtra,Maharashtra,Hingoli,State recommendation mapped to IMD districts
2,Rice,Improved Samba Mahsuri,Maharashtra,Maharashtra,Jalgaon,State recommendation mapped to IMD districts
2,Rice,Improved Samba Mahsuri,Maharashtra,Maharashtra,Jalna,State recommendation mapped to IMD districts
2,Rice,Improved Samba Mahsuri,Maharashtra,Maharashtra,Kolhapur,State recommendation mapped to IMD districts
2,Rice,Improved Samba Mahsuri,Maharashtra,Maharashtra,Latur,State recommendation mapped to IMD districts
2,Rice,Improved Samba Mahsuri,Maharashtra,Maharashtra,Mumbai City,State recommendation mapped to IMD districts
2,Rice,Improved Samba Mahsuri,Maharashtra,Maharashtra,Nagpur,State recommendation mapped to IMD districts
2,Rice,Improved Samba Mahsuri,Maharashtra,Maharashtra,Nanded,State recommendation mapped to IMD districts
2,Rice,Improved Samba Mahsuri,Maharashtra,Maharashtra,Nandurbar,State recommendation mapped to IMD districts
2,Rice,Improved Samba Mahsuri,Maharashtra,Maharashtra,Nasik,State recommendation mapped to IMD districts
2,Rice,Improved Samba Mahsuri,Maharashtra,Maharashtra,Palghar,State recommendation mapped to IMD districts
2,Rice,Improved Samba Mahsuri,Maharashtra,Maharashtra,Parbhani,State recommendation mapped to IMD districts
2,Rice,Improved Samba Mahsuri,Maharashtra,Maharashtra,Pune,State recommendation mapped to IMD districts
2,Rice,Improved Samba Mahsuri,Maharashtra,Maharashtra,Raigad,State recommendation mapped to IMD districts
2,Rice,Improved Samba Mahsuri,Maharashtra,Maharashtra,Ratnagiri,State recommendation mapped to IMD districts
2,Rice,Improved Samba Mahsuri,Maharashtra,Maharashtra,Sangli,State recommendation mapped to IMD districts
2,Rice,Improved Samba Mahsuri,Maharashtra,Maharashtra,Satara,State recommendation mapped to IMD districts
2,Rice,Improved Samba Mahsuri,Maharashtra,Maharashtra,Sindhudurg,State recommendation mapped to IMD districts
2,Rice,Improved Samba Mahsuri,Maharashtra,Maharashtra,Solapur,State recommendation mapped to IMD districts
2,Rice,Improved Samba Mahsuri,Maharashtra,Maharashtra,Suburban Mumbai,State recommendation mapped to IMD districts
2,Rice,Improved Samba Mahsuri,Maharashtra,Maharashtra,Thane,State recommendation mapped to IMD districts
2,Rice,Improved Samba Mahsuri,Maharashtra,Maharashtra,Wardha,State recommendation mapped to IMD districts
2,Rice,Improved Samba Mahsuri,Maharashtra,Maharashtra,Washim,State recommendation mapped to IMD districts
2,Rice,Improved Samba Mahsuri,Maharashtra,Maharashtra,Yavatmal,State recommendation mapped to IMD districts
2,Rice,Improved Samba Mahsuri,Odisha,Odisha,Anugul,State recommendation mapped to IMD districts
2,Rice,Improved Samba Mahsuri,Odisha,Odisha,Balangir,State recommendation mapped to IMD districts
2,Rice,Improved Samba Mahsuri,Odisha,Odisha,Baleshwar,State recommendation mapped to IMD districts
2,Rice,Improved Samba Mahsuri,Odisha,Odisha,Baragarh,State recommendation mapped to IMD districts
2,Rice,Improved Samba Mahsuri,Odisha,Odisha,Bauda,State recommendation mapped to IMD districts
2,Rice,Improved Samba Mahsuri,Odisha,Odisha,Bhadrak,State recommendation mapped to IMD districts
2,Rice,Improved Samba Mahsuri,Odisha,Odisha,Cuttack,State recommendation mapped to IMD districts
2,Rice,Improved Samba Mahsuri,Odisha,Odisha,Deogarh,State recommendation mapped to IMD districts
2,Rice,Improved Samba Mahsuri,Odisha,Odisha,Dhenkanal,State recommendation mapped to IMD districts
2,Rice,Improved Samba Mahsuri,Odisha,Odisha,Gajapathi,State recommendation mapped to IMD districts
2,Rice,Improved Samba Mahsuri,Odisha,Odisha,Ganjam,State recommendation mapped to IMD districts
2,Rice,Improved Samba Mahsuri,Odisha,Odisha,Jagatsinghapur,State recommendation mapped to IMD districts
2,Rice,Improved Samba Mahsuri,Odisha,Odisha,Jajapur,State recommendation mapped to IMD districts
2,Rice,Improved Samba Mahsuri,Odisha,Odisha,Jharsuguda,State recommendation mapped to IMD districts
2,Rice,Improved Samba Mahsuri,Odisha,Odisha,Kalahandi,State recommendation mapped to IMD districts
2,Rice,Improved Samba Mahsuri,Odisha,Odisha,Kandhamal,State recommendation mapped to IMD districts
2,Rice,Improved Samba Mahsuri,Odisha,Odisha,Kendraparha,State recommendation mapped to IMD districts
2,Rice,Improved Samba Mahsuri,Odisha,Odisha,Kendujhar,State recommendation mapped to IMD districts
2,Rice,Improved Samba Mahsuri,Odisha,Odisha,Khordha,State recommendation mapped to IMD districts
2,Rice,Improved Samba Mahsuri,Odisha,Odisha,Koraput,State recommendation mapped to IMD districts
2,Rice,Improved Samba Mahsuri,Odisha,Odisha,Malkangiri,State recommendation mapped to IMD districts
2,Rice,Improved Samba Mahsuri,Odisha,Odisha,Mayurbhanj,State recommendation mapped to IMD districts
2,Rice,Improved Samba Mahsuri,Odisha,Odisha,Nabarangapur,State recommendation mapped to IMD districts
2,Rice,Improved Samba Mahsuri,Odisha,Odisha,Nayagarh,State recommendation mapped to IMD districts
2,Rice,Improved Samba Mahsuri,Odisha,Odisha,Nuaparha,State recommendation mapped to IMD districts
2,Rice,Improved Samba Mahsuri,Odisha,Odisha,Puri,State recommendation mapped to IMD districts
2,Rice,Improved Samba Mahsuri,Odisha,Odisha,Rayagarha,State recommendation mapped to IMD districts
2,Rice,Improved Samba Mahsuri,Odisha,Odisha,Sambalpur,State recommendation mapped to IMD districts
2,Rice,Improved Samba Mahsuri,Odisha,Odisha,Subarnapur,State recommendation mapped to IMD districts
2,Rice,Improved Samba Mahsuri,Odisha,Odisha,Sundargarh,State recommendation mapped to IMD districts
2,Rice,Improved Samba Mahsuri,Chhattisgarh,Chhattisgarh,Sakti,State recommendation mapped to IMD districts
3,Rice,Improved Lalat,Odisha,Odisha,Anugul,State recommendation mapped to IMD districts
3,Rice,Improved Lalat,Odisha,Odisha,Balangir,State recommendation mapped to IMD districts
3,Rice,Improved Lalat,Odisha,Odisha,Baleshwar,State recommendation mapped to IMD districts
3,Rice,Improved Lalat,Odisha,Odisha,Baragarh,State recommendation mapped to IMD districts
3,Rice,Improved Lalat,Odisha,Odisha,Bauda,State recommendation mapped to IMD districts
3,Rice,Improved Lalat,Odisha,Odisha,Bhadrak,State recommendation mapped to IMD districts
3,Rice,Improved Lalat,Odisha,Odisha,Cuttack,State recommendation mapped to IMD districts
3,Rice,Improved Lalat,Odisha,Odisha,Deogarh,State recommendation mapped to IMD districts
3,Rice,Improved Lalat,Odisha,Odisha,Dhenkanal,State recommendation mapped to IMD districts
3,Rice,Improved Lalat,Odisha,Odisha,Gajapathi,State recommendation mapped to IMD districts
3,Rice,Improved Lalat,Odisha,Odisha,Ganjam,State recommendation mapped to IMD districts
3,Rice,Improved Lalat,Odisha,Odisha,Jagatsinghapur,State recommendation mapped to IMD districts
3,Rice,Improved Lalat,Odisha,Odisha,Jajapur,State recommendation mapped to IMD districts
3,Rice,Improved Lalat,Odisha,Odisha,Jharsuguda,State recommendation mapped to IMD districts
3,Rice,Improved Lalat,Odisha,Odisha,Kalahandi,State recommendation mapped to IMD districts
3,Rice,Improved Lalat,Odisha,Odisha,Kandhamal,State recommendation mapped to IMD districts
3,Rice,Improved Lalat,Odisha,Odisha,Kendraparha,State recommendation mapped to IMD districts
3,Rice,Improved Lalat,Odisha,Odisha,Kendujhar,State recommendation mapped to IMD districts
3,Rice,Improved Lalat,Odisha,Odisha,Khordha,State recommendation mapped to IMD districts
3,Rice,Improved Lalat,Odisha,Odisha,Koraput,State recommendation mapped to IMD districts
3,Rice,Improved Lalat,Odisha,Odisha,Malkangiri,State recommendation mapped to IMD districts
3,Rice,Improved Lalat,Odisha,Odisha,Mayurbhanj,State recommendation mapped to IMD districts
3,Rice,Improved Lalat,Odisha,Odisha,Nabarangapur,State recommendation mapped to IMD districts
3,Rice,Improved Lalat,Odisha,Odisha,Nayagarh,State recommendation mapped to IMD districts
3,Rice,Improved Lalat,Odisha,Odisha,Nuaparha,State recommendation mapped to IMD districts
3,Rice,Improved Lalat,Odisha,Odisha,Puri,State recommendation mapped to IMD districts
3,Rice,Improved Lalat,Odisha,Odisha,Rayagarha,State recommendation mapped to IMD districts
3,Rice,Improved Lalat,Odisha,Odisha,Sambalpur,State recommendation mapped to IMD districts
3,Rice,Improved Lalat,Odisha,Odisha,Subarnapur,State recommendation mapped to IMD districts
3,Rice,Improved Lalat,Odisha,Odisha,Sundargarh,State recommendation mapped to IMD districts
4,Rice,PR 122,Punjab,Punjab,Amritsar,State recommendation mapped to IMD districts
4,Rice,PR 122,Punjab,Punjab,Barnala,State recommendation mapped to IMD districts
4,Rice,PR 122,Punjab,Punjab,Bathinda,State recommendation mapped to IMD districts
4,Rice,PR 122,Punjab,Punjab,Faridkot,State recommendation mapped to IMD districts
4,Rice,PR 122,Punjab,Punjab,Fatehgarh Sahib,State recommendation mapped to IMD districts
4,Rice,PR 122,Punjab,Punjab,Fazilka,State recommendation mapped to IMD districts
4,Rice,PR 122,Punjab,Punjab,Firozpur,State recommendation mapped to IMD districts
4,Rice,PR 122,Punjab,Punjab,Gurdaspur,State recommendation mapped to IMD districts
4,Rice,PR 122,Punjab,Punjab,Hoshiarpur,State recommendation mapped to IMD districts
4,Rice,PR 122,Punjab,Punjab,Jalandhar,State recommendation mapped to IMD districts
4,Rice,PR 122,Punjab,Punjab,Kapurthala,State recommendation mapped to IMD districts
4,Rice,PR 122,Punjab,Punjab,Ludhiana,State recommendation mapped to IMD districts
4,Rice,PR 122,Punjab,Punjab,Mansa,State recommendation mapped to IMD districts
4,Rice,PR 122,Punjab,Punjab,Moga,State recommendation mapped to IMD districts
4,Rice,PR 122,Punjab,Punjab,Muktsar,State recommendation mapped to IMD districts
4,Rice,PR 122,Punjab,Punjab,Pathankot,State recommendation mapped to IMD districts
4,Rice,PR 122,Punjab,Punjab,Patiala,State recommendation mapped to IMD districts
4,Rice,PR 122,Punjab,Punjab,Rupnagar,State recommendation mapped to IMD districts
4,Rice,PR 122,Punjab,Punjab,Sangrur,State recommendation mapped to IMD districts
4,Rice,PR 122,Punjab,Punjab,Sas Nagar,State recommendation mapped to IMD districts
4,Rice,PR 122,Punjab,Punjab,Sbs Nagar,State recommendation mapped to IMD districts
4,Rice,PR 122,Punjab,Punjab,Tarn Taran,State recommendation mapped to IMD districts
5,Rice,PR 121,Punjab,Punjab,Amritsar,State recommendation mapped to IMD districts
5,Rice,PR 121,Punjab,Punjab,Barnala,State recommendation mapped to IMD districts
5,Rice,PR 121,Punjab,Punjab,Bathinda,State recommendation mapped to IMD districts
5,Rice,PR 121,Punjab,Punjab,Faridkot,State recommendation mapped to IMD districts
5,Rice,PR 121,Punjab,Punjab,Fatehgarh Sahib,State recommendation mapped to IMD districts
5,Rice,PR 121,Punjab,Punjab,Fazilka,State recommendation mapped to IMD districts
5,Rice,PR 121,Punjab,Punjab,Firozpur,State recommendation mapped to IMD districts
5,Rice,PR 121,Punjab,Punjab,Gurdaspur,State recommendation mapped to IMD districts
5,Rice,PR 121,Punjab,Punjab,Hoshiarpur,State recommendation mapped to IMD districts
5,Rice,PR 121,Punjab,Punjab,Jalandhar,State recommendation mapped to IMD districts
5,Rice,PR 121,Punjab,Punjab,Kapurthala,State recommendation mapped to IMD districts
5,Rice,PR 121,Punjab,Punjab,Ludhiana,State recommendation mapped to IMD districts
5,Rice,PR 121,Punjab,Punjab,Mansa,State recommendation mapped to IMD districts
5,Rice,PR 121,Punjab,Punjab,Moga,State recommendation mapped to IMD districts
5,Rice,PR 121,Punjab,Punjab,Muktsar,State recommendation mapped to IMD districts
5,Rice,PR 121,Punjab,Punjab,Pathankot,State recommendation mapped to IMD districts
5,Rice,PR 121,Punjab,Punjab,Patiala,State recommendation mapped to IMD districts
5,Rice,PR 121,Punjab,Punjab,Rupnagar,State recommendation mapped to IMD districts
5,Rice,PR 121,Punjab,Punjab,Sangrur,State recommendation mapped to IMD districts
5,Rice,PR 121,Punjab,Punjab,Sas Nagar,State recommendation mapped to IMD districts
5,Rice,PR 121,Punjab,Punjab,Sbs Nagar,State recommendation mapped to IMD districts
5,Rice,PR 121,Punjab,Punjab,Tarn Taran,State recommendation mapped to IMD districts
6,Rice,Pusa Basmati 1728,Punjab,Punjab,Amritsar,State recommendation mapped to IMD districts
6,Rice,Pusa Basmati 1728,Punjab,Punjab,Barnala,State recommendation mapped to IMD districts
6,Rice,Pusa Basmati 1728,Punjab,Punjab,Bathinda,State recommendation mapped to IMD districts
6,Rice,Pusa Basmati 1728,Punjab,Punjab,Faridkot,State recommendation mapped to IMD districts
6,Rice,Pusa Basmati 1728,Punjab,Punjab,Fatehgarh Sahib,State recommendation mapped to IMD districts
6,Rice,Pusa Basmati 1728,Punjab,Punjab,Fazilka,State recommendation mapped to IMD districts
6,Rice,Pusa Basmati 1728,Punjab,Punjab,Firozpur,State recommendation mapped to IMD districts
6,Rice,Pusa Basmati 1728,Punjab,Punjab,Gurdaspur,State recommendation mapped to IMD districts
6,Rice,Pusa Basmati 1728,Punjab,Punjab,Hoshiarpur,State recommendation mapped to IMD districts
6,Rice,Pusa Basmati 1728,Punjab,Punjab,Jalandhar,State recommendation mapped to IMD districts
6,Rice,Pusa Basmati 1728,Punjab,Punjab,Kapurthala,State recommendation mapped to IMD districts
6,Rice,Pusa Basmati 1728,Punjab,Punjab,Ludhiana,State recommendation mapped to IMD districts
6,Rice,Pusa Basmati 1728,Punjab,Punjab,Mansa,State recommendation mapped to IMD districts
6,Rice,Pusa Basmati 1728,Punjab,Punjab,Moga,State recommendation mapped to IMD districts
6,Rice,Pusa Basmati 1728,Punjab,Punjab,Muktsar,State recommendation mapped to IMD districts
6,Rice,Pusa Basmati 1728,Punjab,Punjab,Pathankot,State recommendation mapped to IMD districts
6,Rice,Pusa Basmati 1728,Punjab,Punjab,Patiala,State recommendation mapped to IMD districts
6,Rice,Pusa Basmati 1728,Punjab,Punjab,Rupnagar,State recommendation mapped to IMD districts
6,Rice,Pusa Basmati 1728,Punjab,Punjab,Sangrur,State recommendation mapped to IMD districts
6,Rice,Pusa Basmati 1728,Punjab,Punjab,Sas Nagar,State recommendation mapped to IMD districts
6,Rice,Pusa Basmati 1728,Punjab,Punjab,Sbs Nagar,State recommendation mapped to IMD districts
6,Rice,Pusa Basmati 1728,Punjab,Punjab,Tarn Taran,State recommendation mapped to IMD districts
6,Rice,Pusa Basmati 1728,Haryana,Haryana,Ambala,State recommendation mapped to IMD districts
6,Rice,Pusa Basmati 1728,Haryana,Haryana,Bhiwani,State recommendation mapped to IMD districts
6,Rice,Pusa Basmati 1728,Haryana,Haryana,Charkhi Dadri,State recommendation mapped to IMD districts
6,Rice,Pusa Basmati 1728,Haryana,Haryana,Faridabad,State recommendation mapped to IMD districts
6,Rice,Pusa Basmati 1728,Haryana,Haryana,Fatehabad,State recommendation mapped to IMD districts
6,Rice,Pusa Basmati 1728,Haryana,Haryana,Gurgaon,State recommendation mapped to IMD districts
6,Rice,Pusa Basmati 1728,Haryana,Haryana,Hisar,State recommendation mapped to IMD districts
6,Rice,Pusa Basmati 1728,Haryana,Haryana,Jhajjar,State recommendation mapped to IMD districts
6,Rice,Pusa Basmati 1728,Haryana,Haryana,Jind,State recommendation mapped to IMD districts
6,Rice,Pusa Basmati 1728,Haryana,Haryana,Kaithal,State recommendation mapped to IMD districts
6,Rice,Pusa Basmati 1728,Haryana,Haryana,Karnal,State recommendation mapped to IMD districts
6,Rice,Pusa Basmati 1728,Haryana,Haryana,Kurukshetra,State recommendation mapped to IMD districts
6,Rice,Pusa Basmati 1728,Haryana,Haryana,Mahendragarh,State recommendation mapped to IMD districts
6,Rice,Pusa Basmati 1728,Haryana,Haryana,Nuh,State recommendation mapped to IMD districts
6,Rice,Pusa Basmati 1728,Haryana,Haryana,Palwal,State recommendation mapped to IMD districts
6,Rice,Pusa Basmati 1728,Haryana,Haryana,Panchkula,State recommendation mapped to IMD districts
6,Rice,Pusa Basmati 1728,Haryana,Haryana,Panipat,State recommendation mapped to IMD districts
6,Rice,Pusa Basmati 1728,Haryana,Haryana,Rewari,State recommendation mapped to IMD districts
6,Rice,Pusa Basmati 1728,Haryana,Haryana,Rohtak,State recommendation mapped to IMD districts
6,Rice,Pusa Basmati 1728,Haryana,Haryana,Sirsa,State recommendation mapped to IMD districts
6,Rice,Pusa Basmati 1728,Haryana,Haryana,Sonipat,State recommendation mapped to IMD districts
6,Rice,Pusa Basmati 1728,Haryana,Haryana,Yamunanagar,State recommendation mapped to IMD districts
6,Rice,Pusa Basmati 1728,Delhi,Nct Of Delhi,Central Delhi,State recommendation mapped to IMD districts
6,Rice,Pusa Basmati 1728,Delhi,Nct Of Delhi,East Delhi,State recommendation mapped to IMD districts
6,Rice,Pusa Basmati 1728,Delhi,Nct Of Delhi,New Delhi,State recommendation mapped to IMD districts
6,Rice,Pusa Basmati 1728,Delhi,Nct Of Delhi,North Delhi,State recommendation mapped to IMD districts
6,Rice,Pusa Basmati 1728,Delhi,Nct Of Delhi,North East Delhi,State recommendation mapped to IMD districts
6,Rice,Pusa Basmati 1728,Delhi,Nct Of Delhi,North West Delhi,State recommendation mapped to IMD districts
6,Rice,Pusa Basmati 1728,Delhi,Nct Of Delhi,South Delhi,State recommendation mapped to IMD districts
6,Rice,Pusa Basmati 1728,Delhi,Nct Of Delhi,South East Delhi,State recommendation mapped to IMD districts
6,Rice,Pusa Basmati 1728,Delhi,Nct Of Delhi,South West Delhi,State recommendation mapped to IMD districts
6,Rice,Pusa Basmati 1728,Delhi,Nct Of Delhi,West Delhi,State recommendation mapped to IMD districts
6,Rice,Pusa Basmati 1728,Jammu & Kashmir,Jammu And Kashmir,Anantnag,State recommendation mapped to IMD districts
6,Rice,Pusa Basmati 1728,Jammu & Kashmir,Jammu And Kashmir,Badgam,State recommendation mapped to IMD districts
6,Rice,Pusa Basmati 1728,Jammu & Kashmir,Jammu And Kashmir,Bandipore,State recommendation mapped to IMD districts
6,Rice,Pusa Basmati 1728,Jammu & Kashmir,Jammu And Kashmir,Baramula,State recommendation mapped to IMD districts
6,Rice,Pusa Basmati 1728,Jammu & Kashmir,Jammu And Kashmir,Doda,State recommendation mapped to IMD districts
6,Rice,Pusa Basmati 1728,Jammu & Kashmir,Jammu And Kashmir,Ganderwal,State recommendation mapped to IMD districts
6,Rice,Pusa Basmati 1728,Jammu & Kashmir,Jammu And Kashmir,Jammu,State recommendation mapped to IMD districts
6,Rice,Pusa Basmati 1728,Jammu & Kashmir,Jammu And Kashmir,Kathua,State recommendation mapped to IMD districts
6,Rice,Pusa Basmati 1728,Jammu & Kashmir,Jammu And Kashmir,Kistwar,State recommendation mapped to IMD districts
6,Rice,Pusa Basmati 1728,Jammu & Kashmir,Jammu And Kashmir,Kulgam,State recommendation mapped to IMD districts
6,Rice,Pusa Basmati 1728,Jammu & Kashmir,Jammu And Kashmir,Kupwara,State recommendation mapped to IMD districts
6,Rice,Pusa Basmati 1728,Jammu & Kashmir,Jammu And Kashmir,Pulwama,State recommendation mapped to IMD districts
6,Rice,Pusa Basmati 1728,Jammu & Kashmir,Jammu And Kashmir,Punch,State recommendation mapped to IMD districts
6,Rice,Pusa Basmati 1728,Jammu & Kashmir,Jammu And Kashmir,Rajouri,State recommendation mapped to IMD districts
6,Rice,Pusa Basmati 1728,Jammu & Kashmir,Jammu And Kashmir,Ramban,State recommendation mapped to IMD districts
6,Rice,Pusa Basmati 1728,Jammu & Kashmir,Jammu And Kashmir,Riasi,State recommendation mapped to IMD districts
6,Rice,Pusa Basmati 1728,Jammu & Kashmir,Jammu And Kashmir,Samba,State recommendation mapped to IMD districts
6,Rice,Pusa Basmati 1728,Jammu & Kashmir,Jammu And Kashmir,Shopian,State recommendation mapped to IMD districts
6,Rice,Pusa Basmati 1728,Jammu & Kashmir,Jammu And Kashmir,Srinagar,State recommendation mapped to IMD districts
6,Rice,Pusa Basmati 1728,Jammu & Kashmir,Jammu And Kashmir,Udhampur,State recommendation mapped to IMD districts
6,Rice,Pusa Basmati 1728,Uttarakhand,Uttarakhand,Almora,State recommendation mapped to IMD districts
6,Rice,Pusa Basmati 1728,Uttarakhand,Uttarakhand,Bageshwar,State recommendation mapped to IMD districts
6,Rice,Pusa Basmati 1728,Uttarakhand,Uttarakhand,Chamoli,State recommendation mapped to IMD districts
6,Rice,Pusa Basmati 1728,Uttarakhand,Uttarakhand,Champawat,State recommendation mapped to IMD districts
6,Rice,Pusa Basmati 1728,Uttarakhand,Uttarakhand,Dehradun,State recommendation mapped to IMD districts
6,Rice,Pusa Basmati 1728,Uttarakhand,Uttarakhand,Haridwar,State recommendation mapped to IMD districts
6,Rice,Pusa Basmati 1728,Uttarakhand,Uttarakhand,Nanital,State recommendation mapped to IMD districts
6,Rice,Pusa Basmati 1728,Uttarakhand,Uttarakhand,Pauri Garhwal,State recommendation mapped to IMD districts
6,Rice,Pusa Basmati 1728,Uttarakhand,Uttarakhand,Pithoragarh,State recommendation mapped to IMD districts
6,Rice,Pusa Basmati 1728,Uttarakhand,Uttarakhand,Rudraprayag,State recommendation mapped to IMD districts
6,Rice,Pusa Basmati 1728,Uttarakhand,Uttarakhand,Tehri Garwal,State recommendation mapped to IMD districts
6,Rice,Pusa Basmati 1728,Uttarakhand,Uttarakhand,Udham Singh Nagar,State recommendation mapped to IMD districts
6,Rice,Pusa Basmati 1728,Uttarakhand,Uttarakhand,Uttarkashi,State recommendation mapped to IMD districts
6,Rice,Pusa Basmati 1728,Western Uttar Pradesh,,,Recommended state not found in IMD file
7,Rice,Punjab Basmati 3,Punjab,Punjab,Amritsar,State recommendation mapped to IMD districts
7,Rice,Punjab Basmati 3,Punjab,Punjab,Barnala,State recommendation mapped to IMD districts
7,Rice,Punjab Basmati 3,Punjab,Punjab,Bathinda,State recommendation mapped to IMD districts
7,Rice,Punjab Basmati 3,Punjab,Punjab,Faridkot,State recommendation mapped to IMD districts
7,Rice,Punjab Basmati 3,Punjab,Punjab,Fatehgarh Sahib,State recommendation mapped to IMD districts
7,Rice,Punjab Basmati 3,Punjab,Punjab,Fazilka,State recommendation mapped to IMD districts
7,Rice,Punjab Basmati 3,Punjab,Punjab,Firozpur,State recommendation mapped to IMD districts
7,Rice,Punjab Basmati 3,Punjab,Punjab,Gurdaspur,State recommendation mapped to IMD districts
7,Rice,Punjab Basmati 3,Punjab,Punjab,Hoshiarpur,State recommendation mapped to IMD districts
7,Rice,Punjab Basmati 3,Punjab,Punjab,Jalandhar,State recommendation mapped to IMD districts
7,Rice,Punjab Basmati 3,Punjab,Punjab,Kapurthala,State recommendation mapped to IMD districts
7,Rice,Punjab Basmati 3,Punjab,Punjab,Ludhiana,State recommendation mapped to IMD districts
7,Rice,Punjab Basmati 3,Punjab,Punjab,Mansa,State recommendation mapped to IMD districts
7,Rice,Punjab Basmati 3,Punjab,Punjab,Moga,State recommendation mapped to IMD districts
7,Rice,Punjab Basmati 3,Punjab,Punjab,Muktsar,State recommendation mapped to IMD districts
7,Rice,Punjab Basmati 3,Punjab,Punjab,Pathankot,State recommendation mapped to IMD districts
7,Rice,Punjab Basmati 3,Punjab,Punjab,Patiala,State recommendation mapped to IMD districts
7,Rice,Punjab Basmati 3,Punjab,Punjab,Rupnagar,State recommendation mapped to IMD districts
7,Rice,Punjab Basmati 3,Punjab,Punjab,Sangrur,State recommendation mapped to IMD districts
7,Rice,Punjab Basmati 3,Punjab,Punjab,Sas Nagar,State recommendation mapped to IMD districts
7,Rice,Punjab Basmati 3,Punjab,Punjab,Sbs Nagar,State recommendation mapped to IMD districts
7,Rice,Punjab Basmati 3,Punjab,Punjab,Tarn Taran,State recommendation mapped to IMD districts
8,Rice,Pusa Basmati 1718,Punjab,Punjab,Amritsar,State recommendation mapped to IMD districts
8,Rice,Pusa Basmati 1718,Punjab,Punjab,Barnala,State recommendation mapped to IMD districts
8,Rice,Pusa Basmati 1718,Punjab,Punjab,Bathinda,State recommendation mapped to IMD districts
8,Rice,Pusa Basmati 1718,Punjab,Punjab,Faridkot,State recommendation mapped to IMD districts
8,Rice,Pusa Basmati 1718,Punjab,Punjab,Fatehgarh Sahib,State recommendation mapped to IMD districts
8,Rice,Pusa Basmati 1718,Punjab,Punjab,Fazilka,State recommendation mapped to IMD districts
8,Rice,Pusa Basmati 1718,Punjab,Punjab,Firozpur,State recommendation mapped to IMD districts
8,Rice,Pusa Basmati 1718,Punjab,Punjab,Gurdaspur,State recommendation mapped to IMD districts
8,Rice,Pusa Basmati 1718,Punjab,Punjab,Hoshiarpur,State recommendation mapped to IMD districts
8,Rice,Pusa Basmati 1718,Punjab,Punjab,Jalandhar,State recommendation mapped to IMD districts
8,Rice,Pusa Basmati 1718,Punjab,Punjab,Kapurthala,State recommendation mapped to IMD districts
8,Rice,Pusa Basmati 1718,Punjab,Punjab,Ludhiana,State recommendation mapped to IMD districts
8,Rice,Pusa Basmati 1718,Punjab,Punjab,Mansa,State recommendation mapped to IMD districts
8,Rice,Pusa Basmati 1718,Punjab,Punjab,Moga,State recommendation mapped to IMD districts
8,Rice,Pusa Basmati 1718,Punjab,Punjab,Muktsar,State recommendation mapped to IMD districts
8,Rice,Pusa Basmati 1718,Punjab,Punjab,Pathankot,State recommendation mapped to IMD districts
8,Rice,Pusa Basmati 1718,Punjab,Punjab,Patiala,State recommendation mapped to IMD districts
8,Rice,Pusa Basmati 1718,Punjab,Punjab,Rupnagar,State recommendation mapped to IMD districts
8,Rice,Pusa Basmati 1718,Punjab,Punjab,Sangrur,State recommendation mapped to IMD districts
8,Rice,Pusa Basmati 1718,Punjab,Punjab,Sas Nagar,State recommendation mapped to IMD districts
8,Rice,Pusa Basmati 1718,Punjab,Punjab,Sbs Nagar,State recommendation mapped to IMD districts
8,Rice,Pusa Basmati 1718,Punjab,Punjab,Tarn Taran,State recommendation mapped to IMD districts
8,Rice,Pusa Basmati 1718,Haryana,Haryana,Ambala,State recommendation mapped to IMD districts
8,Rice,Pusa Basmati 1718,Haryana,Haryana,Bhiwani,State recommendation mapped to IMD districts
8,Rice,Pusa Basmati 1718,Haryana,Haryana,Charkhi Dadri,State recommendation mapped to IMD districts
8,Rice,Pusa Basmati 1718,Haryana,Haryana,Faridabad,State recommendation mapped to IMD districts
8,Rice,Pusa Basmati 1718,Haryana,Haryana,Fatehabad,State recommendation mapped to IMD districts
8,Rice,Pusa Basmati 1718,Haryana,Haryana,Gurgaon,State recommendation mapped to IMD districts
8,Rice,Pusa Basmati 1718,Haryana,Haryana,Hisar,State recommendation mapped to IMD districts
8,Rice,Pusa Basmati 1718,Haryana,Haryana,Jhajjar,State recommendation mapped to IMD districts
8,Rice,Pusa Basmati 1718,Haryana,Haryana,Jind,State recommendation mapped to IMD districts
8,Rice,Pusa Basmati 1718,Haryana,Haryana,Kaithal,State recommendation mapped to IMD districts
8,Rice,Pusa Basmati 1718,Haryana,Haryana,Karnal,State recommendation mapped to IMD districts
8,Rice,Pusa Basmati 1718,Haryana,Haryana,Kurukshetra,State recommendation mapped to IMD districts
8,Rice,Pusa Basmati 1718,Haryana,Haryana,Mahendragarh,State recommendation mapped to IMD districts
8,Rice,Pusa Basmati 1718,Haryana,Haryana,Nuh,State recommendation mapped to IMD districts
8,Rice,Pusa Basmati 1718,Haryana,Haryana,Palwal,State recommendation mapped to IMD districts
8,Rice,Pusa Basmati 1718,Haryana,Haryana,Panchkula,State recommendation mapped to IMD districts
8,Rice,Pusa Basmati 1718,Haryana,Haryana,Panipat,State recommendation mapped to IMD districts
8,Rice,Pusa Basmati 1718,Haryana,Haryana,Rewari,State recommendation mapped to IMD districts
8,Rice,Pusa Basmati 1718,Haryana,Haryana,Rohtak,State recommendation mapped to IMD districts
8,Rice,Pusa Basmati 1718,Haryana,Haryana,Sirsa,State recommendation mapped to IMD districts
8,Rice,Pusa Basmati 1718,Haryana,Haryana,Sonipat,State recommendation mapped to IMD districts
8,Rice,Pusa Basmati 1718,Haryana,Haryana,Yamunanagar,State recommendation mapped to IMD districts
8,Rice,Pusa Basmati 1718,Delhi,Nct Of Delhi,Central Delhi,State recommendation mapped to IMD districts
8,Rice,Pusa Basmati 1718,Delhi,Nct Of Delhi,East Delhi,State recommendation mapped to IMD districts
8,Rice,Pusa Basmati 1718,Delhi,Nct Of Delhi,New Delhi,State recommendation mapped to IMD districts
8,Rice,Pusa Basmati 1718,Delhi,Nct Of Delhi,North Delhi,State recommendation mapped to IMD districts
8,Rice,Pusa Basmati 1718,Delhi,Nct Of Delhi,North East Delhi,State recommendation mapped to IMD districts
8,Rice,Pusa Basmati 1718,Delhi,Nct Of Delhi,North West Delhi,State recommendation mapped to IMD districts
8,Rice,Pusa Basmati 1718,Delhi,Nct Of Delhi,South Delhi,State recommendation mapped to IMD districts
8,Rice,Pusa Basmati 1718,Delhi,Nct Of Delhi,South East Delhi,State recommendation mapped to IMD districts
8,Rice,Pusa Basmati 1718,Delhi,Nct Of Delhi,South West Delhi,State recommendation mapped to IMD districts
8,Rice,Pusa Basmati 1718,Delhi,Nct Of Delhi,West Delhi,State recommendation mapped to IMD districts
8,Rice,Pusa Basmati 1718,Jammu & Kashmir,Jammu And Kashmir,Anantnag,State recommendation mapped to IMD districts
8,Rice,Pusa Basmati 1718,Jammu & Kashmir,Jammu And Kashmir,Badgam,State recommendation mapped to IMD districts
8,Rice,Pusa Basmati 1718,Jammu & Kashmir,Jammu And Kashmir,Bandipore,State recommendation mapped to IMD districts
8,Rice,Pusa Basmati 1718,Jammu & Kashmir,Jammu And Kashmir,Baramula,State recommendation mapped to IMD districts
8,Rice,Pusa Basmati 1718,Jammu & Kashmir,Jammu And Kashmir,Doda,State recommendation mapped to IMD districts
8,Rice,Pusa Basmati 1718,Jammu & Kashmir,Jammu And Kashmir,Ganderwal,State recommendation mapped to IMD districts
8,Rice,Pusa Basmati 1718,Jammu & Kashmir,Jammu And Kashmir,Jammu,State recommendation mapped to IMD districts
8,Rice,Pusa Basmati 1718,Jammu & Kashmir,Jammu And Kashmir,Kathua,State recommendation mapped to IMD districts
8,Rice,Pusa Basmati 1718,Jammu & Kashmir,Jammu And Kashmir,Kistwar,State recommendation mapped to IMD districts
8,Rice,Pusa Basmati 1718,Jammu & Kashmir,Jammu And Kashmir,Kulgam,State recommendation mapped to IMD districts
8,Rice,Pusa Basmati 1718,Jammu & Kashmir,Jammu And Kashmir,Kupwara,State recommendation mapped to IMD districts
8,Rice,Pusa Basmati 1718,Jammu & Kashmir,Jammu And Kashmir,Pulwama,State recommendation mapped to IMD districts
8,Rice,Pusa Basmati 1718,Jammu & Kashmir,Jammu And Kashmir,Punch,State recommendation mapped to IMD districts
8,Rice,Pusa Basmati 1718,Jammu & Kashmir,Jammu And Kashmir,Rajouri,State recommendation mapped to IMD districts
8,Rice,Pusa Basmati 1718,Jammu & Kashmir,Jammu And Kashmir,Ramban,State recommendation mapped to IMD districts
8,Rice,Pusa Basmati 1718,Jammu & Kashmir,Jammu And Kashmir,Riasi,State recommendation mapped to IMD districts
8,Rice,Pusa Basmati 1718,Jammu & Kashmir,Jammu And Kashmir,Samba,State recommendation mapped to IMD districts
8,Rice,Pusa Basmati 1718,Jammu & Kashmir,Jammu And Kashmir,Shopian,State recommendation mapped to IMD districts
8,Rice,Pusa Basmati 1718,Jammu & Kashmir,Jammu And Kashmir,Srinagar,State recommendation mapped to IMD districts
8,Rice,Pusa Basmati 1718,Jammu & Kashmir,Jammu And Kashmir,Udhampur,State recommendation mapped to IMD districts
8,Rice,Pusa Basmati 1718,Uttarakhand,Uttarakhand,Almora,State recommendation mapped to IMD districts
8,Rice,Pusa Basmati 1718,Uttarakhand,Uttarakhand,Bageshwar,State recommendation mapped to IMD districts
8,Rice,Pusa Basmati 1718,Uttarakhand,Uttarakhand,Chamoli,State recommendation mapped to IMD districts
8,Rice,Pusa Basmati 1718,Uttarakhand,Uttarakhand,Champawat,State recommendation mapped to IMD districts
8,Rice,Pusa Basmati 1718,Uttarakhand,Uttarakhand,Dehradun,State recommendation mapped to IMD districts
8,Rice,Pusa Basmati 1718,Uttarakhand,Uttarakhand,Haridwar,State recommendation mapped to IMD districts
8,Rice,Pusa Basmati 1718,Uttarakhand,Uttarakhand,Nanital,State recommendation mapped to IMD districts
8,Rice,Pusa Basmati 1718,Uttarakhand,Uttarakhand,Pauri Garhwal,State recommendation mapped to IMD districts
8,Rice,Pusa Basmati 1718,Uttarakhand,Uttarakhand,Pithoragarh,State recommendation mapped to IMD districts
8,Rice,Pusa Basmati 1718,Uttarakhand,Uttarakhand,Rudraprayag,State recommendation mapped to IMD districts
8,Rice,Pusa Basmati 1718,Uttarakhand,Uttarakhand,Tehri Garwal,State recommendation mapped to IMD districts
8,Rice,Pusa Basmati 1718,Uttarakhand,Uttarakhand,Udham Singh Nagar,State recommendation mapped to IMD districts
8,Rice,Pusa Basmati 1718,Uttarakhand,Uttarakhand,Uttarkashi,State recommendation mapped to IMD districts
8,Rice,Pusa Basmati 1718,Western Uttar Pradesh,,,Recommended state not found in IMD file
9,Rice,PR 127,Punjab,Punjab,Amritsar,State recommendation mapped to IMD districts
9,Rice,PR 127,Punjab,Punjab,Barnala,State recommendation mapped to IMD districts
9,Rice,PR 127,Punjab,Punjab,Bathinda,State recommendation mapped to IMD districts
9,Rice,PR 127,Punjab,Punjab,Faridkot,State recommendation mapped to IMD districts
9,Rice,PR 127,Punjab,Punjab,Fatehgarh Sahib,State recommendation mapped to IMD districts
9,Rice,PR 127,Punjab,Punjab,Fazilka,State recommendation mapped to IMD districts
9,Rice,PR 127,Punjab,Punjab,Firozpur,State recommendation mapped to IMD districts
9,Rice,PR 127,Punjab,Punjab,Gurdaspur,State recommendation mapped to IMD districts
9,Rice,PR 127,Punjab,Punjab,Hoshiarpur,State recommendation mapped to IMD districts
9,Rice,PR 127,Punjab,Punjab,Jalandhar,State recommendation mapped to IMD districts
9,Rice,PR 127,Punjab,Punjab,Kapurthala,State recommendation mapped to IMD districts
9,Rice,PR 127,Punjab,Punjab,Ludhiana,State recommendation mapped to IMD districts
9,Rice,PR 127,Punjab,Punjab,Mansa,State recommendation mapped to IMD districts
9,Rice,PR 127,Punjab,Punjab,Moga,State recommendation mapped to IMD districts
9,Rice,PR 127,Punjab,Punjab,Muktsar,State recommendation mapped to IMD districts
9,Rice,PR 127,Punjab,Punjab,Pathankot,State recommendation mapped to IMD districts
9,Rice,PR 127,Punjab,Punjab,Patiala,State recommendation mapped to IMD districts
9,Rice,PR 127,Punjab,Punjab,Rupnagar,State recommendation mapped to IMD districts
9,Rice,PR 127,Punjab,Punjab,Sangrur,State recommendation mapped to IMD districts
9,Rice,PR 127,Punjab,Punjab,Sas Nagar,State recommendation mapped to IMD districts
9,Rice,PR 127,Punjab,Punjab,Sbs Nagar,State recommendation mapped to IMD districts
9,Rice,PR 127,Punjab,Punjab,Tarn Taran,State recommendation mapped to IMD districts
10,Rice,DRR Dhan 59,Andhra Pradesh,Andhra Pradesh,Anakapalli,State recommendation mapped to IMD districts
10,Rice,DRR Dhan 59,Andhra Pradesh,Andhra Pradesh,Anantapuramu,State recommendation mapped to IMD districts
10,Rice,DRR Dhan 59,Andhra Pradesh,Andhra Pradesh,Annamayya District,State recommendation mapped to IMD districts
10,Rice,DRR Dhan 59,Andhra Pradesh,Andhra Pradesh,Bapatla,State recommendation mapped to IMD districts
10,Rice,DRR Dhan 59,Andhra Pradesh,Andhra Pradesh,Chittoor,State recommendation mapped to IMD districts
10,Rice,DRR Dhan 59,Andhra Pradesh,Andhra Pradesh,Dr B R Ambedkar Konaseema,State recommendation mapped to IMD districts
10,Rice,DRR Dhan 59,Andhra Pradesh,Andhra Pradesh,East Godavari,State recommendation mapped to IMD districts
10,Rice,DRR Dhan 59,Andhra Pradesh,Andhra Pradesh,Eluru,State recommendation mapped to IMD districts
10,Rice,DRR Dhan 59,Andhra Pradesh,Andhra Pradesh,Guntur,State recommendation mapped to IMD districts
10,Rice,DRR Dhan 59,Andhra Pradesh,Andhra Pradesh,Kakinada,State recommendation mapped to IMD districts
10,Rice,DRR Dhan 59,Andhra Pradesh,Andhra Pradesh,Krishna,State recommendation mapped to IMD districts
10,Rice,DRR Dhan 59,Andhra Pradesh,Andhra Pradesh,Kurnool,State recommendation mapped to IMD districts
10,Rice,DRR Dhan 59,Andhra Pradesh,Andhra Pradesh,Nandyal,State recommendation mapped to IMD districts
10,Rice,DRR Dhan 59,Andhra Pradesh,Andhra Pradesh,Ntr District,State recommendation mapped to IMD districts
10,Rice,DRR Dhan 59,Andhra Pradesh,Andhra Pradesh,Palnadu,State recommendation mapped to IMD districts
10,Rice,DRR Dhan 59,Andhra Pradesh,Andhra Pradesh,Parvathipuram Manyam,State recommendation mapped to IMD districts
10,Rice,DRR Dhan 59,Andhra Pradesh,Andhra Pradesh,Prakasam,State recommendation mapped to IMD districts
10,Rice,DRR Dhan 59,Andhra Pradesh,Andhra Pradesh,Spsr Nellore,State recommendation mapped to IMD districts
10,Rice,DRR Dhan 59,Andhra Pradesh,Andhra Pradesh,Sri Alluri Sitharamaraju District,State recommendation mapped to IMD districts
10,Rice,DRR Dhan 59,Andhra Pradesh,Andhra Pradesh,Srikakulam,State recommendation mapped to IMD districts
10,Rice,DRR Dhan 59,Andhra Pradesh,Andhra Pradesh,Sri Sathyasai District,State recommendation mapped to IMD districts
10,Rice,DRR Dhan 59,Andhra Pradesh,Andhra Pradesh,Tirupati,State recommendation mapped to IMD districts
10,Rice,DRR Dhan 59,Andhra Pradesh,Andhra Pradesh,Vishakhapatnam,State recommendation mapped to IMD districts
10,Rice,DRR Dhan 59,Andhra Pradesh,Andhra Pradesh,Vizianagaram,State recommendation mapped to IMD districts
10,Rice,DRR Dhan 59,Andhra Pradesh,Andhra Pradesh,West Godavari,State recommendation mapped to IMD districts
10,Rice,DRR Dhan 59,Andhra Pradesh,Andhra Pradesh,Ysr District,State recommendation mapped to IMD districts
10,Rice,DRR Dhan 59,Telangana,Telangana,Adilabad,State recommendation mapped to IMD districts
10,Rice,DRR Dhan 59,Telangana,Telangana,B. Kothagudem,State recommendation mapped to IMD districts
10,Rice,DRR Dhan 59,Telangana,Telangana,Hanumakonda,State recommendation mapped to IMD districts
10,Rice,DRR Dhan 59,Telangana,Telangana,Hyderabad,State recommendation mapped to IMD districts
10,Rice,DRR Dhan 59,Telangana,Telangana,Jagtial,State recommendation mapped to IMD districts
10,Rice,DRR Dhan 59,Telangana,Telangana,Jangaon,State recommendation mapped to IMD districts
10,Rice,DRR Dhan 59,Telangana,Telangana,J. Bhupalpally,State recommendation mapped to IMD districts
10,Rice,DRR Dhan 59,Telangana,Telangana,Jogulamba Gadwal,State recommendation mapped to IMD districts
10,Rice,DRR Dhan 59,Telangana,Telangana,Kamareddy,State recommendation mapped to IMD districts
10,Rice,DRR Dhan 59,Telangana,Telangana,Karimnagar,State recommendation mapped to IMD districts
10,Rice,DRR Dhan 59,Telangana,Telangana,Khammam,State recommendation mapped to IMD districts
10,Rice,DRR Dhan 59,Telangana,Telangana,Kumaram Bheem,State recommendation mapped to IMD districts
10,Rice,DRR Dhan 59,Telangana,Telangana,Mahabubabad,State recommendation mapped to IMD districts
10,Rice,DRR Dhan 59,Telangana,Telangana,Mahabubnagar,State recommendation mapped to IMD districts
10,Rice,DRR Dhan 59,Telangana,Telangana,Mancherial,State recommendation mapped to IMD districts
10,Rice,DRR Dhan 59,Telangana,Telangana,Medak,State recommendation mapped to IMD districts
10,Rice,DRR Dhan 59,Telangana,Telangana,M. Malkajgiri,State recommendation mapped to IMD districts
10,Rice,DRR Dhan 59,Telangana,Telangana,Mulugu,State recommendation mapped to IMD districts
10,Rice,DRR Dhan 59,Telangana,Telangana,Nagarkurnool,State recommendation mapped to IMD districts
10,Rice,DRR Dhan 59,Telangana,Telangana,Nalgonda,State recommendation mapped to IMD districts
10,Rice,DRR Dhan 59,Telangana,Telangana,Narayanpet,State recommendation mapped to IMD districts
10,Rice,DRR Dhan 59,Telangana,Telangana,Nirmal,State recommendation mapped to IMD districts
10,Rice,DRR Dhan 59,Telangana,Telangana,Nizamabad,State recommendation mapped to IMD districts
10,Rice,DRR Dhan 59,Telangana,Telangana,Peddapalle,State recommendation mapped to IMD districts
10,Rice,DRR Dhan 59,Telangana,Telangana,Rajanna Sircilla,State recommendation mapped to IMD districts
10,Rice,DRR Dhan 59,Telangana,Telangana,Rangareddy,State recommendation mapped to IMD districts
10,Rice,DRR Dhan 59,Telangana,Telangana,Sangareddy,State recommendation mapped to IMD districts
10,Rice,DRR Dhan 59,Telangana,Telangana,Siddipet,State recommendation mapped to IMD districts
10,Rice,DRR Dhan 59,Telangana,Telangana,Suryapet,State recommendation mapped to IMD districts
10,Rice,DRR Dhan 59,Telangana,Telangana,Vikarabad,State recommendation mapped to IMD districts
10,Rice,DRR Dhan 59,Telangana,Telangana,Wanaparthy,State recommendation mapped to IMD districts
10,Rice,DRR Dhan 59,Telangana,Telangana,Warangal,State recommendation mapped to IMD districts
10,Rice,DRR Dhan 59,Telangana,Telangana,Y. Bhuvanagiri,State recommendation mapped to IMD districts
10,Rice,DRR Dhan 59,Tamil Nadu,Tamil Nadu,Ariyalur,State recommendation mapped to IMD districts
10,Rice,DRR Dhan 59,Tamil Nadu,Tamil Nadu,Chengalpattu,State recommendation mapped to IMD districts
10,Rice,DRR Dhan 59,Tamil Nadu,Tamil Nadu,Chennai,State recommendation mapped to IMD districts
10,Rice,DRR Dhan 59,Tamil Nadu,Tamil Nadu,Coimbatore,State recommendation mapped to IMD districts
10,Rice,DRR Dhan 59,Tamil Nadu,Tamil Nadu,Cuddalore,State recommendation mapped to IMD districts
10,Rice,DRR Dhan 59,Tamil Nadu,Tamil Nadu,Dharampuri,State recommendation mapped to IMD districts
10,Rice,DRR Dhan 59,Tamil Nadu,Tamil Nadu,Dindigul,State recommendation mapped to IMD districts
10,Rice,DRR Dhan 59,Tamil Nadu,Tamil Nadu,Erode,State recommendation mapped to IMD districts
10,Rice,DRR Dhan 59,Tamil Nadu,Tamil Nadu,Kallakurichi,State recommendation mapped to IMD districts
10,Rice,DRR Dhan 59,Tamil Nadu,Tamil Nadu,Kanchipuram,State recommendation mapped to IMD districts
10,Rice,DRR Dhan 59,Tamil Nadu,Tamil Nadu,Kanyakumari,State recommendation mapped to IMD districts
10,Rice,DRR Dhan 59,Tamil Nadu,Tamil Nadu,Karur,State recommendation mapped to IMD districts
10,Rice,DRR Dhan 59,Tamil Nadu,Tamil Nadu,Krishnagiri,State recommendation mapped to IMD districts
10,Rice,DRR Dhan 59,Tamil Nadu,Tamil Nadu,Madurai,State recommendation mapped to IMD districts
10,Rice,DRR Dhan 59,Tamil Nadu,Tamil Nadu,Nagapattinam,State recommendation mapped to IMD districts
10,Rice,DRR Dhan 59,Tamil Nadu,Tamil Nadu,Namakkal,State recommendation mapped to IMD districts
10,Rice,DRR Dhan 59,Tamil Nadu,Tamil Nadu,Nilgiri,State recommendation mapped to IMD districts
10,Rice,DRR Dhan 59,Tamil Nadu,Tamil Nadu,Perambalur,State recommendation mapped to IMD districts
10,Rice,DRR Dhan 59,Tamil Nadu,Tamil Nadu,Pudukkottai,State recommendation mapped to IMD districts
10,Rice,DRR Dhan 59,Tamil Nadu,Tamil Nadu,Ramanathapuram,State recommendation mapped to IMD districts
10,Rice,DRR Dhan 59,Tamil Nadu,Tamil Nadu,Ranipet,State recommendation mapped to IMD districts
10,Rice,DRR Dhan 59,Tamil Nadu,Tamil Nadu,Salem,State recommendation mapped to IMD districts
10,Rice,DRR Dhan 59,Tamil Nadu,Tamil Nadu,Sivaganga,State recommendation mapped to IMD districts
10,Rice,DRR Dhan 59,Tamil Nadu,Tamil Nadu,Teni,State recommendation mapped to IMD districts
10,Rice,DRR Dhan 59,Tamil Nadu,Tamil Nadu,Tenkasi,State recommendation mapped to IMD districts
10,Rice,DRR Dhan 59,Tamil Nadu,Tamil Nadu,Thanjavur,State recommendation mapped to IMD districts
10,Rice,DRR Dhan 59,Tamil Nadu,Tamil Nadu,Thiruvarur,State recommendation mapped to IMD districts
10,Rice,DRR Dhan 59,Tamil Nadu,Tamil Nadu,Tiruchirappalli,State recommendation mapped to IMD districts
10,Rice,DRR Dhan 59,Tamil Nadu,Tamil Nadu,Tirunelveli,State recommendation mapped to IMD districts
10,Rice,DRR Dhan 59,Tamil Nadu,Tamil Nadu,Tirupattur,State recommendation mapped to IMD districts
10,Rice,DRR Dhan 59,Tamil Nadu,Tamil Nadu,Tiruppur,State recommendation mapped to IMD districts
10,Rice,DRR Dhan 59,Tamil Nadu,Tamil Nadu,Tiruvallur,State recommendation mapped to IMD districts
10,Rice,DRR Dhan 59,Tamil Nadu,Tamil Nadu,Tiruvannamalai,State recommendation mapped to IMD districts
10,Rice,DRR Dhan 59,Tamil Nadu,Tamil Nadu,Tuticorin,State recommendation mapped to IMD districts
10,Rice,DRR Dhan 59,Tamil Nadu,Tamil Nadu,Vellore,State recommendation mapped to IMD districts
10,Rice,DRR Dhan 59,Tamil Nadu,Tamil Nadu,Villupuram,State recommendation mapped to IMD districts
10,Rice,DRR Dhan 59,Tamil Nadu,Tamil Nadu,Virudhunagar,State recommendation mapped to IMD districts
10,Rice,DRR Dhan 59,Karnataka,Karnataka,Bagalkot,State recommendation mapped to IMD districts
10,Rice,DRR Dhan 59,Karnataka,Karnataka,Bangalore Rural,State recommendation mapped to IMD districts
10,Rice,DRR Dhan 59,Karnataka,Karnataka,Banglore Urban,State recommendation mapped to IMD districts
10,Rice,DRR Dhan 59,Karnataka,Karnataka,Belgaum,State recommendation mapped to IMD districts
10,Rice,DRR Dhan 59,Karnataka,Karnataka,Bellary,State recommendation mapped to IMD districts
10,Rice,DRR Dhan 59,Karnataka,Karnataka,Bidar,State recommendation mapped to IMD districts
10,Rice,DRR Dhan 59,Karnataka,Karnataka,Bijaapur,State recommendation mapped to IMD districts
10,Rice,DRR Dhan 59,Karnataka,Karnataka,Chamarajanagar,State recommendation mapped to IMD districts
10,Rice,DRR Dhan 59,Karnataka,Karnataka,Chikballapur,State recommendation mapped to IMD districts
10,Rice,DRR Dhan 59,Karnataka,Karnataka,Chikmagalur,State recommendation mapped to IMD districts
10,Rice,DRR Dhan 59,Karnataka,Karnataka,Chitradurga,State recommendation mapped to IMD districts
10,Rice,DRR Dhan 59,Karnataka,Karnataka,Dakshin Kannada,State recommendation mapped to IMD districts
10,Rice,DRR Dhan 59,Karnataka,Karnataka,Davangere,State recommendation mapped to IMD districts
10,Rice,DRR Dhan 59,Karnataka,Karnataka,Dharwad,State recommendation mapped to IMD districts
10,Rice,DRR Dhan 59,Karnataka,Karnataka,Gadag,State recommendation mapped to IMD districts
10,Rice,DRR Dhan 59,Karnataka,Karnataka,Gulbarga,State recommendation mapped to IMD districts
10,Rice,DRR Dhan 59,Karnataka,Karnataka,Hassan,State recommendation mapped to IMD districts
10,Rice,DRR Dhan 59,Karnataka,Karnataka,Haveri,State recommendation mapped to IMD districts
10,Rice,DRR Dhan 59,Karnataka,Karnataka,Kodagu,State recommendation mapped to IMD districts
10,Rice,DRR Dhan 59,Karnataka,Karnataka,Kolar,State recommendation mapped to IMD districts
10,Rice,DRR Dhan 59,Karnataka,Karnataka,Koppal,State recommendation mapped to IMD districts
10,Rice,DRR Dhan 59,Karnataka,Karnataka,Mandhya,State recommendation mapped to IMD districts
10,Rice,DRR Dhan 59,Karnataka,Karnataka,Mysore,State recommendation mapped to IMD districts
10,Rice,DRR Dhan 59,Karnataka,Karnataka,Raichur,State recommendation mapped to IMD districts
10,Rice,DRR Dhan 59,Karnataka,Karnataka,Ramnagar,State recommendation mapped to IMD districts
10,Rice,DRR Dhan 59,Karnataka,Karnataka,Shimoga,State recommendation mapped to IMD districts
10,Rice,DRR Dhan 59,Karnataka,Karnataka,Tumkur,State recommendation mapped to IMD districts
10,Rice,DRR Dhan 59,Karnataka,Karnataka,Udupi,State recommendation mapped to IMD districts
10,Rice,DRR Dhan 59,Karnataka,Karnataka,Uttar Kannada,State recommendation mapped to IMD districts
10,Rice,DRR Dhan 59,Karnataka,Karnataka,Vijayanagara,State recommendation mapped to IMD districts
10,Rice,DRR Dhan 59,Karnataka,Karnataka,Yadgir,State recommendation mapped to IMD districts
10,Rice,DRR Dhan 59,Jharkhand,Jharkhand,Bokaro,State recommendation mapped to IMD districts
10,Rice,DRR Dhan 59,Jharkhand,Jharkhand,Chatra,State recommendation mapped to IMD districts
10,Rice,DRR Dhan 59,Jharkhand,Jharkhand,Deoghar,State recommendation mapped to IMD districts
10,Rice,DRR Dhan 59,Jharkhand,Jharkhand,Dhanbad,State recommendation mapped to IMD districts
10,Rice,DRR Dhan 59,Jharkhand,Jharkhand,Dumka,State recommendation mapped to IMD districts
10,Rice,DRR Dhan 59,Jharkhand,Jharkhand,East Singhbhum,State recommendation mapped to IMD districts
10,Rice,DRR Dhan 59,Jharkhand,Jharkhand,Garhwa,State recommendation mapped to IMD districts
10,Rice,DRR Dhan 59,Jharkhand,Jharkhand,Giridih,State recommendation mapped to IMD districts
10,Rice,DRR Dhan 59,Jharkhand,Jharkhand,Godda,State recommendation mapped to IMD districts
10,Rice,DRR Dhan 59,Jharkhand,Jharkhand,Gumla,State recommendation mapped to IMD districts
10,Rice,DRR Dhan 59,Jharkhand,Jharkhand,Hazaribagh,State recommendation mapped to IMD districts
10,Rice,DRR Dhan 59,Jharkhand,Jharkhand,Jamtara,State recommendation mapped to IMD districts
10,Rice,DRR Dhan 59,Jharkhand,Jharkhand,Khunti,State recommendation mapped to IMD districts
10,Rice,DRR Dhan 59,Jharkhand,Jharkhand,Koderma,State recommendation mapped to IMD districts
10,Rice,DRR Dhan 59,Jharkhand,Jharkhand,Latehar,State recommendation mapped to IMD districts
10,Rice,DRR Dhan 59,Jharkhand,Jharkhand,Lohardaga,State recommendation mapped to IMD districts
10,Rice,DRR Dhan 59,Jharkhand,Jharkhand,Pakur,State recommendation mapped to IMD districts
10,Rice,DRR Dhan 59,Jharkhand,Jharkhand,Palamu,State recommendation mapped to IMD districts
10,Rice,DRR Dhan 59,Jharkhand,Jharkhand,Ramgarh,State recommendation mapped to IMD districts
10,Rice,DRR Dhan 59,Jharkhand,Jharkhand,Ranchi,State recommendation mapped to IMD districts
10,Rice,DRR Dhan 59,Jharkhand,Jharkhand,Sahebganj,State recommendation mapped to IMD districts
10,Rice,DRR Dhan 59,Jharkhand,Jharkhand,Saraikela,State recommendation mapped to IMD districts
10,Rice,DRR Dhan 59,Jharkhand,Jharkhand,Simdega,State recommendation mapped to IMD districts
10,Rice,DRR Dhan 59,Jharkhand,Jharkhand,West Singhbhum,State recommendation mapped to IMD districts
11,Rice,Pusa 6 (Pusa 1612),Punjab,Punjab,Amritsar,State recommendation mapped to IMD districts
11,Rice,Pusa 6 (Pusa 1612),Punjab,Punjab,Barnala,State recommendation mapped to IMD districts
11,Rice,Pusa 6 (Pusa 1612),Punjab,Punjab,Bathinda,State recommendation mapped to IMD districts
11,Rice,Pusa 6 (Pusa 1612),Punjab,Punjab,Faridkot,State recommendation mapped to IMD districts
11,Rice,Pusa 6 (Pusa 1612),Punjab,Punjab,Fatehgarh Sahib,State recommendation mapped to IMD districts
11,Rice,Pusa 6 (Pusa 1612),Punjab,Punjab,Fazilka,State recommendation mapped to IMD districts
11,Rice,Pusa 6 (Pusa 1612),Punjab,Punjab,Firozpur,State recommendation mapped to IMD districts
11,Rice,Pusa 6 (Pusa 1612),Punjab,Punjab,Gurdaspur,State recommendation mapped to IMD districts
11,Rice,Pusa 6 (Pusa 1612),Punjab,Punjab,Hoshiarpur,State recommendation mapped to IMD districts
11,Rice,Pusa 6 (Pusa 1612),Punjab,Punjab,Jalandhar,State recommendation mapped to IMD districts
11,Rice,Pusa 6 (Pusa 1612),Punjab,Punjab,Kapurthala,State recommendation mapped to IMD districts
11,Rice,Pusa 6 (Pusa 1612),Punjab,Punjab,Ludhiana,State recommendation mapped to IMD districts
11,Rice,Pusa 6 (Pusa 1612),Punjab,Punjab,Mansa,State recommendation mapped to IMD districts
11,Rice,Pusa 6 (Pusa 1612),Punjab,Punjab,Moga,State recommendation mapped to IMD districts
11,Rice,Pusa 6 (Pusa 1612),Punjab,Punjab,Muktsar,State recommendation mapped to IMD districts
11,Rice,Pusa 6 (Pusa 1612),Punjab,Punjab,Pathankot,State recommendation mapped to IMD districts
11,Rice,Pusa 6 (Pusa 1612),Punjab,Punjab,Patiala,State recommendation mapped to IMD districts
11,Rice,Pusa 6 (Pusa 1612),Punjab,Punjab,Rupnagar,State recommendation mapped to IMD districts
11,Rice,Pusa 6 (Pusa 1612),Punjab,Punjab,Sangrur,State recommendation mapped to IMD districts
11,Rice,Pusa 6 (Pusa 1612),Punjab,Punjab,Sas Nagar,State recommendation mapped to IMD districts
11,Rice,Pusa 6 (Pusa 1612),Punjab,Punjab,Sbs Nagar,State recommendation mapped to IMD districts
11,Rice,Pusa 6 (Pusa 1612),Punjab,Punjab,Tarn Taran,State recommendation mapped to IMD districts
11,Rice,Pusa 6 (Pusa 1612),Haryana,Haryana,Ambala,State recommendation mapped to IMD districts
11,Rice,Pusa 6 (Pusa 1612),Haryana,Haryana,Bhiwani,State recommendation mapped to IMD districts
11,Rice,Pusa 6 (Pusa 1612),Haryana,Haryana,Charkhi Dadri,State recommendation mapped to IMD districts
11,Rice,Pusa 6 (Pusa 1612),Haryana,Haryana,Faridabad,State recommendation mapped to IMD districts
11,Rice,Pusa 6 (Pusa 1612),Haryana,Haryana,Fatehabad,State recommendation mapped to IMD districts
11,Rice,Pusa 6 (Pusa 1612),Haryana,Haryana,Gurgaon,State recommendation mapped to IMD districts
11,Rice,Pusa 6 (Pusa 1612),Haryana,Haryana,Hisar,State recommendation mapped to IMD districts
11,Rice,Pusa 6 (Pusa 1612),Haryana,Haryana,Jhajjar,State recommendation mapped to IMD districts
11,Rice,Pusa 6 (Pusa 1612),Haryana,Haryana,Jind,State recommendation mapped to IMD districts
11,Rice,Pusa 6 (Pusa 1612),Haryana,Haryana,Kaithal,State recommendation mapped to IMD districts
11,Rice,Pusa 6 (Pusa 1612),Haryana,Haryana,Karnal,State recommendation mapped to IMD districts
11,Rice,Pusa 6 (Pusa 1612),Haryana,Haryana,Kurukshetra,State recommendation mapped to IMD districts
11,Rice,Pusa 6 (Pusa 1612),Haryana,Haryana,Mahendragarh,State recommendation mapped to IMD districts
11,Rice,Pusa 6 (Pusa 1612),Haryana,Haryana,Nuh,State recommendation mapped to IMD districts
11,Rice,Pusa 6 (Pusa 1612),Haryana,Haryana,Palwal,State recommendation mapped to IMD districts
11,Rice,Pusa 6 (Pusa 1612),Haryana,Haryana,Panchkula,State recommendation mapped to IMD districts
11,Rice,Pusa 6 (Pusa 1612),Haryana,Haryana,Panipat,State recommendation mapped to IMD districts
11,Rice,Pusa 6 (Pusa 1612),Haryana,Haryana,Rewari,State recommendation mapped to IMD districts
11,Rice,Pusa 6 (Pusa 1612),Haryana,Haryana,Rohtak,State recommendation mapped to IMD districts
11,Rice,Pusa 6 (Pusa 1612),Haryana,Haryana,Sirsa,State recommendation mapped to IMD districts
11,Rice,Pusa 6 (Pusa 1612),Haryana,Haryana,Sonipat,State recommendation mapped to IMD districts
11,Rice,Pusa 6 (Pusa 1612),Haryana,Haryana,Yamunanagar,State recommendation mapped to IMD districts
11,Rice,Pusa 6 (Pusa 1612),Delhi,Nct Of Delhi,Central Delhi,State recommendation mapped to IMD districts
11,Rice,Pusa 6 (Pusa 1612),Delhi,Nct Of Delhi,East Delhi,State recommendation mapped to IMD districts
11,Rice,Pusa 6 (Pusa 1612),Delhi,Nct Of Delhi,New Delhi,State recommendation mapped to IMD districts
11,Rice,Pusa 6 (Pusa 1612),Delhi,Nct Of Delhi,North Delhi,State recommendation mapped to IMD districts
11,Rice,Pusa 6 (Pusa 1612),Delhi,Nct Of Delhi,North East Delhi,State recommendation mapped to IMD districts
11,Rice,Pusa 6 (Pusa 1612),Delhi,Nct Of Delhi,North West Delhi,State recommendation mapped to IMD districts
11,Rice,Pusa 6 (Pusa 1612),Delhi,Nct Of Delhi,South Delhi,State recommendation mapped to IMD districts
11,Rice,Pusa 6 (Pusa 1612),Delhi,Nct Of Delhi,South East Delhi,State recommendation mapped to IMD districts
11,Rice,Pusa 6 (Pusa 1612),Delhi,Nct Of Delhi,South West Delhi,State recommendation mapped to IMD districts
11,Rice,Pusa 6 (Pusa 1612),Delhi,Nct Of Delhi,West Delhi,State recommendation mapped to IMD districts
11,Rice,Pusa 6 (Pusa 1612),Jammu & Kashmir,Jammu And Kashmir,Anantnag,State recommendation mapped to IMD districts
11,Rice,Pusa 6 (Pusa 1612),Jammu & Kashmir,Jammu And Kashmir,Badgam,State recommendation mapped to IMD districts
11,Rice,Pusa 6 (Pusa 1612),Jammu & Kashmir,Jammu And Kashmir,Bandipore,State recommendation mapped to IMD districts
11,Rice,Pusa 6 (Pusa 1612),Jammu & Kashmir,Jammu And Kashmir,Baramula,State recommendation mapped to IMD districts
11,Rice,Pusa 6 (Pusa 1612),Jammu & Kashmir,Jammu And Kashmir,Doda,State recommendation mapped to IMD districts
11,Rice,Pusa 6 (Pusa 1612),Jammu & Kashmir,Jammu And Kashmir,Ganderwal,State recommendation mapped to IMD districts
11,Rice,Pusa 6 (Pusa 1612),Jammu & Kashmir,Jammu And Kashmir,Jammu,State recommendation mapped to IMD districts
11,Rice,Pusa 6 (Pusa 1612),Jammu & Kashmir,Jammu And Kashmir,Kathua,State recommendation mapped to IMD districts
11,Rice,Pusa 6 (Pusa 1612),Jammu & Kashmir,Jammu And Kashmir,Kistwar,State recommendation mapped to IMD districts
11,Rice,Pusa 6 (Pusa 1612),Jammu & Kashmir,Jammu And Kashmir,Kulgam,State recommendation mapped to IMD districts
11,Rice,Pusa 6 (Pusa 1612),Jammu & Kashmir,Jammu And Kashmir,Kupwara,State recommendation mapped to IMD districts
11,Rice,Pusa 6 (Pusa 1612),Jammu & Kashmir,Jammu And Kashmir,Pulwama,State recommendation mapped to IMD districts
11,Rice,Pusa 6 (Pusa 1612),Jammu & Kashmir,Jammu And Kashmir,Punch,State recommendation mapped to IMD districts
11,Rice,Pusa 6 (Pusa 1612),Jammu & Kashmir,Jammu And Kashmir,Rajouri,State recommendation mapped to IMD districts
11,Rice,Pusa 6 (Pusa 1612),Jammu & Kashmir,Jammu And Kashmir,Ramban,State recommendation mapped to IMD districts
11,Rice,Pusa 6 (Pusa 1612),Jammu & Kashmir,Jammu And Kashmir,Riasi,State recommendation mapped to IMD districts
11,Rice,Pusa 6 (Pusa 1612),Jammu & Kashmir,Jammu And Kashmir,Samba,State recommendation mapped to IMD districts
11,Rice,Pusa 6 (Pusa 1612),Jammu & Kashmir,Jammu And Kashmir,Shopian,State recommendation mapped to IMD districts
11,Rice,Pusa 6 (Pusa 1612),Jammu & Kashmir,Jammu And Kashmir,Srinagar,State recommendation mapped to IMD districts
11,Rice,Pusa 6 (Pusa 1612),Jammu & Kashmir,Jammu And Kashmir,Udhampur,State recommendation mapped to IMD districts
12,Rice,DRR Dhan 62,Odisha,Odisha,Anugul,State recommendation mapped to IMD districts
12,Rice,DRR Dhan 62,Odisha,Odisha,Balangir,State recommendation mapped to IMD districts
12,Rice,DRR Dhan 62,Odisha,Odisha,Baleshwar,State recommendation mapped to IMD districts
12,Rice,DRR Dhan 62,Odisha,Odisha,Baragarh,State recommendation mapped to IMD districts
12,Rice,DRR Dhan 62,Odisha,Odisha,Bauda,State recommendation mapped to IMD districts
12,Rice,DRR Dhan 62,Odisha,Odisha,Bhadrak,State recommendation mapped to IMD districts
12,Rice,DRR Dhan 62,Odisha,Odisha,Cuttack,State recommendation mapped to IMD districts
12,Rice,DRR Dhan 62,Odisha,Odisha,Deogarh,State recommendation mapped to IMD districts
12,Rice,DRR Dhan 62,Odisha,Odisha,Dhenkanal,State recommendation mapped to IMD districts
12,Rice,DRR Dhan 62,Odisha,Odisha,Gajapathi,State recommendation mapped to IMD districts
12,Rice,DRR Dhan 62,Odisha,Odisha,Ganjam,State recommendation mapped to IMD districts
12,Rice,DRR Dhan 62,Odisha,Odisha,Jagatsinghapur,State recommendation mapped to IMD districts
12,Rice,DRR Dhan 62,Odisha,Odisha,Jajapur,State recommendation mapped to IMD districts
12,Rice,DRR Dhan 62,Odisha,Odisha,Jharsuguda,State recommendation mapped to IMD districts
12,Rice,DRR Dhan 62,Odisha,Odisha,Kalahandi,State recommendation mapped to IMD districts
12,Rice,DRR Dhan 62,Odisha,Odisha,Kandhamal,State recommendation mapped to IMD districts
12,Rice,DRR Dhan 62,Odisha,Odisha,Kendraparha,State recommendation mapped to IMD districts
12,Rice,DRR Dhan 62,Odisha,Odisha,Kendujhar,State recommendation mapped to IMD districts
12,Rice,DRR Dhan 62,Odisha,Odisha,Khordha,State recommendation mapped to IMD districts
12,Rice,DRR Dhan 62,Odisha,Odisha,Koraput,State recommendation mapped to IMD districts
12,Rice,DRR Dhan 62,Odisha,Odisha,Malkangiri,State recommendation mapped to IMD districts
12,Rice,DRR Dhan 62,Odisha,Odisha,Mayurbhanj,State recommendation mapped to IMD districts
12,Rice,DRR Dhan 62,Odisha,Odisha,Nabarangapur,State recommendation mapped to IMD districts
12,Rice,DRR Dhan 62,Odisha,Odisha,Nayagarh,State recommendation mapped to IMD districts
12,Rice,DRR Dhan 62,Odisha,Odisha,Nuaparha,State recommendation mapped to IMD districts
12,Rice,DRR Dhan 62,Odisha,Odisha,Puri,State recommendation mapped to IMD districts
12,Rice,DRR Dhan 62,Odisha,Odisha,Rayagarha,State recommendation mapped to IMD districts
12,Rice,DRR Dhan 62,Odisha,Odisha,Sambalpur,State recommendation mapped to IMD districts
12,Rice,DRR Dhan 62,Odisha,Odisha,Subarnapur,State recommendation mapped to IMD districts
12,Rice,DRR Dhan 62,Odisha,Odisha,Sundargarh,State recommendation mapped to IMD districts
12,Rice,DRR Dhan 62,Jharkhand,Jharkhand,Bokaro,State recommendation mapped to IMD districts
12,Rice,DRR Dhan 62,Jharkhand,Jharkhand,Chatra,State recommendation mapped to IMD districts
12,Rice,DRR Dhan 62,Jharkhand,Jharkhand,Deoghar,State recommendation mapped to IMD districts
12,Rice,DRR Dhan 62,Jharkhand,Jharkhand,Dhanbad,State recommendation mapped to IMD districts
12,Rice,DRR Dhan 62,Jharkhand,Jharkhand,Dumka,State recommendation mapped to IMD districts
12,Rice,DRR Dhan 62,Jharkhand,Jharkhand,East Singhbhum,State recommendation mapped to IMD districts
12,Rice,DRR Dhan 62,Jharkhand,Jharkhand,Garhwa,State recommendation mapped to IMD districts
12,Rice,DRR Dhan 62,Jharkhand,Jharkhand,Giridih,State recommendation mapped to IMD districts
12,Rice,DRR Dhan 62,Jharkhand,Jharkhand,Godda,State recommendation mapped to IMD districts
12,Rice,DRR Dhan 62,Jharkhand,Jharkhand,Gumla,State recommendation mapped to IMD districts
12,Rice,DRR Dhan 62,Jharkhand,Jharkhand,Hazaribagh,State recommendation mapped to IMD districts
12,Rice,DRR Dhan 62,Jharkhand,Jharkhand,Jamtara,State recommendation mapped to IMD districts
12,Rice,DRR Dhan 62,Jharkhand,Jharkhand,Khunti,State recommendation mapped to IMD districts
12,Rice,DRR Dhan 62,Jharkhand,Jharkhand,Koderma,State recommendation mapped to IMD districts
12,Rice,DRR Dhan 62,Jharkhand,Jharkhand,Latehar,State recommendation mapped to IMD districts
12,Rice,DRR Dhan 62,Jharkhand,Jharkhand,Lohardaga,State recommendation mapped to IMD districts
12,Rice,DRR Dhan 62,Jharkhand,Jharkhand,Pakur,State recommendation mapped to IMD districts
12,Rice,DRR Dhan 62,Jharkhand,Jharkhand,Palamu,State recommendation mapped to IMD districts
12,Rice,DRR Dhan 62,Jharkhand,Jharkhand,Ramgarh,State recommendation mapped to IMD districts
12,Rice,DRR Dhan 62,Jharkhand,Jharkhand,Ranchi,State recommendation mapped to IMD districts
12,Rice,DRR Dhan 62,Jharkhand,Jharkhand,Sahebganj,State recommendation mapped to IMD districts
12,Rice,DRR Dhan 62,Jharkhand,Jharkhand,Saraikela,State recommendation mapped to IMD districts
12,Rice,DRR Dhan 62,Jharkhand,Jharkhand,Simdega,State recommendation mapped to IMD districts
12,Rice,DRR Dhan 62,Jharkhand,Jharkhand,West Singhbhum,State recommendation mapped to IMD districts
12,Rice,DRR Dhan 62,Bihar,Bihar,Arariya,State recommendation mapped to IMD districts
12,Rice,DRR Dhan 62,Bihar,Bihar,Arwal,State recommendation mapped to IMD districts
12,Rice,DRR Dhan 62,Bihar,Bihar,Aurangabad,State recommendation mapped to IMD districts
12,Rice,DRR Dhan 62,Bihar,Bihar,Banka,State recommendation mapped to IMD districts
12,Rice,DRR Dhan 62,Bihar,Bihar,Begusarai,State recommendation mapped to IMD districts
12,Rice,DRR Dhan 62,Bihar,Bihar,Bhabua,State recommendation mapped to IMD districts
12,Rice,DRR Dhan 62,Bihar,Bihar,Bhagalpur,State recommendation mapped to IMD districts
12,Rice,DRR Dhan 62,Bihar,Bihar,Bhojpur,State recommendation mapped to IMD districts
12,Rice,DRR Dhan 62,Bihar,Bihar,Buxar,State recommendation mapped to IMD districts
12,Rice,DRR Dhan 62,Bihar,Bihar,Drabhanga,State recommendation mapped to IMD districts
12,Rice,DRR Dhan 62,Bihar,Bihar,Gaya,State recommendation mapped to IMD districts
12,Rice,DRR Dhan 62,Bihar,Bihar,Gopalganj,State recommendation mapped to IMD districts
12,Rice,DRR Dhan 62,Bihar,Bihar,Jahanabad,State recommendation mapped to IMD districts
12,Rice,DRR Dhan 62,Bihar,Bihar,Jamui,State recommendation mapped to IMD districts
12,Rice,DRR Dhan 62,Bihar,Bihar,Katihar,State recommendation mapped to IMD districts
12,Rice,DRR Dhan 62,Bihar,Bihar,Khagaria,State recommendation mapped to IMD districts
12,Rice,DRR Dhan 62,Bihar,Bihar,Kishanganj,State recommendation mapped to IMD districts
12,Rice,DRR Dhan 62,Bihar,Bihar,Lakhisarai,State recommendation mapped to IMD districts
12,Rice,DRR Dhan 62,Bihar,Bihar,Madhepura,State recommendation mapped to IMD districts
12,Rice,DRR Dhan 62,Bihar,Bihar,Madubani,State recommendation mapped to IMD districts
12,Rice,DRR Dhan 62,Bihar,Bihar,Munger,State recommendation mapped to IMD districts
12,Rice,DRR Dhan 62,Bihar,Bihar,Muzaffarpur,State recommendation mapped to IMD districts
12,Rice,DRR Dhan 62,Bihar,Bihar,Nalanda,State recommendation mapped to IMD districts
12,Rice,DRR Dhan 62,Bihar,Bihar,Nawada,State recommendation mapped to IMD districts
12,Rice,DRR Dhan 62,Bihar,Bihar,Pachim Champaran,State recommendation mapped to IMD districts
12,Rice,DRR Dhan 62,Bihar,Bihar,Patna,State recommendation mapped to IMD districts
12,Rice,DRR Dhan 62,Bihar,Bihar,Purba Champaran,State recommendation mapped to IMD districts
12,Rice,DRR Dhan 62,Bihar,Bihar,Purnia,State recommendation mapped to IMD districts
12,Rice,DRR Dhan 62,Bihar,Bihar,Rohtas,State recommendation mapped to IMD districts
12,Rice,DRR Dhan 62,Bihar,Bihar,Saharsa,State recommendation mapped to IMD districts
12,Rice,DRR Dhan 62,Bihar,Bihar,Samastipur,State recommendation mapped to IMD districts
12,Rice,DRR Dhan 62,Bihar,Bihar,Saran,State recommendation mapped to IMD districts
12,Rice,DRR Dhan 62,Bihar,Bihar,Sheikhpura,State recommendation mapped to IMD districts
12,Rice,DRR Dhan 62,Bihar,Bihar,Sheohar,State recommendation mapped to IMD districts
12,Rice,DRR Dhan 62,Bihar,Bihar,Sitamarhi,State recommendation mapped to IMD districts
12,Rice,DRR Dhan 62,Bihar,Bihar,Siwan,State recommendation mapped to IMD districts
12,Rice,DRR Dhan 62,Bihar,Bihar,Supaul,State recommendation mapped to IMD districts
12,Rice,DRR Dhan 62,Bihar,Bihar,Vaishali,State recommendation mapped to IMD districts
12,Rice,DRR Dhan 62,Chhattisgarh,Chhattisgarh,Sakti,State recommendation mapped to IMD districts
12,Rice,DRR Dhan 62,Maharashtra,Maharashtra,Ahmadnagar,State recommendation mapped to IMD districts
12,Rice,DRR Dhan 62,Maharashtra,Maharashtra,Akola,State recommendation mapped to IMD districts
12,Rice,DRR Dhan 62,Maharashtra,Maharashtra,Amaravati,State recommendation mapped to IMD districts
12,Rice,DRR Dhan 62,Maharashtra,Maharashtra,Bhandara,State recommendation mapped to IMD districts
12,Rice,DRR Dhan 62,Maharashtra,Maharashtra,Bid,State recommendation mapped to IMD districts
12,Rice,DRR Dhan 62,Maharashtra,Maharashtra,Buldhana,State recommendation mapped to IMD districts
12,Rice,DRR Dhan 62,Maharashtra,Maharashtra,Chandrapur,State recommendation mapped to IMD districts
12,Rice,DRR Dhan 62,Maharashtra,Maharashtra,Chhatrapati Sambhajinagar,State recommendation mapped to IMD districts
12,Rice,DRR Dhan 62,Maharashtra,Maharashtra,Dharashiv,State recommendation mapped to IMD districts
12,Rice,DRR Dhan 62,Maharashtra,Maharashtra,Dhule,State recommendation mapped to IMD districts
12,Rice,DRR Dhan 62,Maharashtra,Maharashtra,Gadchiroli,State recommendation mapped to IMD districts
12,Rice,DRR Dhan 62,Maharashtra,Maharashtra,Gondiya,State recommendation mapped to IMD districts
12,Rice,DRR Dhan 62,Maharashtra,Maharashtra,Hingoli,State recommendation mapped to IMD districts
12,Rice,DRR Dhan 62,Maharashtra,Maharashtra,Jalgaon,State recommendation mapped to IMD districts
12,Rice,DRR Dhan 62,Maharashtra,Maharashtra,Jalna,State recommendation mapped to IMD districts
12,Rice,DRR Dhan 62,Maharashtra,Maharashtra,Kolhapur,State recommendation mapped to IMD districts
12,Rice,DRR Dhan 62,Maharashtra,Maharashtra,Latur,State recommendation mapped to IMD districts
12,Rice,DRR Dhan 62,Maharashtra,Maharashtra,Mumbai City,State recommendation mapped to IMD districts
12,Rice,DRR Dhan 62,Maharashtra,Maharashtra,Nagpur,State recommendation mapped to IMD districts
12,Rice,DRR Dhan 62,Maharashtra,Maharashtra,Nanded,State recommendation mapped to IMD districts
12,Rice,DRR Dhan 62,Maharashtra,Maharashtra,Nandurbar,State recommendation mapped to IMD districts
12,Rice,DRR Dhan 62,Maharashtra,Maharashtra,Nasik,State recommendation mapped to IMD districts
12,Rice,DRR Dhan 62,Maharashtra,Maharashtra,Palghar,State recommendation mapped to IMD districts
12,Rice,DRR Dhan 62,Maharashtra,Maharashtra,Parbhani,State recommendation mapped to IMD districts
12,Rice,DRR Dhan 62,Maharashtra,Maharashtra,Pune,State recommendation mapped to IMD districts
12,Rice,DRR Dhan 62,Maharashtra,Maharashtra,Raigad,State recommendation mapped to IMD districts
12,Rice,DRR Dhan 62,Maharashtra,Maharashtra,Ratnagiri,State recommendation mapped to IMD districts
12,Rice,DRR Dhan 62,Maharashtra,Maharashtra,Sangli,State recommendation mapped to IMD districts
12,Rice,DRR Dhan 62,Maharashtra,Maharashtra,Satara,State recommendation mapped to IMD districts
12,Rice,DRR Dhan 62,Maharashtra,Maharashtra,Sindhudurg,State recommendation mapped to IMD districts
12,Rice,DRR Dhan 62,Maharashtra,Maharashtra,Solapur,State recommendation mapped to IMD districts
12,Rice,DRR Dhan 62,Maharashtra,Maharashtra,Suburban Mumbai,State recommendation mapped to IMD districts
12,Rice,DRR Dhan 62,Maharashtra,Maharashtra,Thane,State recommendation mapped to IMD districts
12,Rice,DRR Dhan 62,Maharashtra,Maharashtra,Wardha,State recommendation mapped to IMD districts
12,Rice,DRR Dhan 62,Maharashtra,Maharashtra,Washim,State recommendation mapped to IMD districts
12,Rice,DRR Dhan 62,Maharashtra,Maharashtra,Yavatmal,State recommendation mapped to IMD districts
12,Rice,DRR Dhan 62,Gujarat,Gujarat,Ahmadabad,State recommendation mapped to IMD districts
12,Rice,DRR Dhan 62,Gujarat,Gujarat,Amreli,State recommendation mapped to IMD districts
12,Rice,DRR Dhan 62,Gujarat,Gujarat,Anand,State recommendation mapped to IMD districts
12,Rice,DRR Dhan 62,Gujarat,Gujarat,Aravalli,State recommendation mapped to IMD districts
12,Rice,DRR Dhan 62,Gujarat,Gujarat,Banaskantha,State recommendation mapped to IMD districts
12,Rice,DRR Dhan 62,Gujarat,Gujarat,Bharuch,State recommendation mapped to IMD districts
12,Rice,DRR Dhan 62,Gujarat,Gujarat,Bhavnagar,State recommendation mapped to IMD districts
12,Rice,DRR Dhan 62,Gujarat,Gujarat,Botad,State recommendation mapped to IMD districts
12,Rice,DRR Dhan 62,Gujarat,Gujarat,Chhota Udepur,State recommendation mapped to IMD districts
12,Rice,DRR Dhan 62,Gujarat,Gujarat,Dahod,State recommendation mapped to IMD districts
12,Rice,DRR Dhan 62,Gujarat,Gujarat,Dangs,State recommendation mapped to IMD districts
12,Rice,DRR Dhan 62,Gujarat,Gujarat,Devbhoomi Dwarka,State recommendation mapped to IMD districts
12,Rice,DRR Dhan 62,Gujarat,Gujarat,Gandhinagar,State recommendation mapped to IMD districts
12,Rice,DRR Dhan 62,Gujarat,Gujarat,Gir Somnath,State recommendation mapped to IMD districts
12,Rice,DRR Dhan 62,Gujarat,Gujarat,Jamnagar,State recommendation mapped to IMD districts
12,Rice,DRR Dhan 62,Gujarat,Gujarat,Junagarh,State recommendation mapped to IMD districts
12,Rice,DRR Dhan 62,Gujarat,Gujarat,Kachchh,State recommendation mapped to IMD districts
12,Rice,DRR Dhan 62,Gujarat,Gujarat,Khera,State recommendation mapped to IMD districts
12,Rice,DRR Dhan 62,Gujarat,Gujarat,Mahesana,State recommendation mapped to IMD districts
12,Rice,DRR Dhan 62,Gujarat,Gujarat,Mahisagar,State recommendation mapped to IMD districts
12,Rice,DRR Dhan 62,Gujarat,Gujarat,Morbi,State recommendation mapped to IMD districts
12,Rice,DRR Dhan 62,Gujarat,Gujarat,Narmada,State recommendation mapped to IMD districts
12,Rice,DRR Dhan 62,Gujarat,Gujarat,Navsari,State recommendation mapped to IMD districts
12,Rice,DRR Dhan 62,Gujarat,Gujarat,Panchmahal,State recommendation mapped to IMD districts
12,Rice,DRR Dhan 62,Gujarat,Gujarat,Patan,State recommendation mapped to IMD districts
12,Rice,DRR Dhan 62,Gujarat,Gujarat,Porbandar,State recommendation mapped to IMD districts
12,Rice,DRR Dhan 62,Gujarat,Gujarat,Rajkot,State recommendation mapped to IMD districts
12,Rice,DRR Dhan 62,Gujarat,Gujarat,Sabar Kantha,State recommendation mapped to IMD districts
12,Rice,DRR Dhan 62,Gujarat,Gujarat,Surat,State recommendation mapped to IMD districts
12,Rice,DRR Dhan 62,Gujarat,Gujarat,Surendranagar,State recommendation mapped to IMD districts
12,Rice,DRR Dhan 62,Gujarat,Gujarat,Tapi,State recommendation mapped to IMD districts
12,Rice,DRR Dhan 62,Gujarat,Gujarat,Vadodara,State recommendation mapped to IMD districts
12,Rice,DRR Dhan 62,Gujarat,Gujarat,Valsad,State recommendation mapped to IMD districts
12,Rice,DRR Dhan 62,Andhra Pradesh,Andhra Pradesh,Anakapalli,State recommendation mapped to IMD districts
12,Rice,DRR Dhan 62,Andhra Pradesh,Andhra Pradesh,Anantapuramu,State recommendation mapped to IMD districts
12,Rice,DRR Dhan 62,Andhra Pradesh,Andhra Pradesh,Annamayya District,State recommendation mapped to IMD districts
12,Rice,DRR Dhan 62,Andhra Pradesh,Andhra Pradesh,Bapatla,State recommendation mapped to IMD districts
12,Rice,DRR Dhan 62,Andhra Pradesh,Andhra Pradesh,Chittoor,State recommendation mapped to IMD districts
12,Rice,DRR Dhan 62,Andhra Pradesh,Andhra Pradesh,Dr B R Ambedkar Konaseema,State recommendation mapped to IMD districts
12,Rice,DRR Dhan 62,Andhra Pradesh,Andhra Pradesh,East Godavari,State recommendation mapped to IMD districts
12,Rice,DRR Dhan 62,Andhra Pradesh,Andhra Pradesh,Eluru,State recommendation mapped to IMD districts
12,Rice,DRR Dhan 62,Andhra Pradesh,Andhra Pradesh,Guntur,State recommendation mapped to IMD districts
12,Rice,DRR Dhan 62,Andhra Pradesh,Andhra Pradesh,Kakinada,State recommendation mapped to IMD districts
12,Rice,DRR Dhan 62,Andhra Pradesh,Andhra Pradesh,Krishna,State recommendation mapped to IMD districts
12,Rice,DRR Dhan 62,Andhra Pradesh,Andhra Pradesh,Kurnool,State recommendation mapped to IMD districts
12,Rice,DRR Dhan 62,Andhra Pradesh,Andhra Pradesh,Nandyal,State recommendation mapped to IMD districts
12,Rice,DRR Dhan 62,Andhra Pradesh,Andhra Pradesh,Ntr District,State recommendation mapped to IMD districts
12,Rice,DRR Dhan 62,Andhra Pradesh,Andhra Pradesh,Palnadu,State recommendation mapped to IMD districts
12,Rice,DRR Dhan 62,Andhra Pradesh,Andhra Pradesh,Parvathipuram Manyam,State recommendation mapped to IMD districts
12,Rice,DRR Dhan 62,Andhra Pradesh,Andhra Pradesh,Prakasam,State recommendation mapped to IMD districts
12,Rice,DRR Dhan 62,Andhra Pradesh,Andhra Pradesh,Spsr Nellore,State recommendation mapped to IMD districts
12,Rice,DRR Dhan 62,Andhra Pradesh,Andhra Pradesh,Sri Alluri Sitharamaraju District,State recommendation mapped to IMD districts
12,Rice,DRR Dhan 62,Andhra Pradesh,Andhra Pradesh,Srikakulam,State recommendation mapped to IMD districts
12,Rice,DRR Dhan 62,Andhra Pradesh,Andhra Pradesh,Sri Sathyasai District,State recommendation mapped to IMD districts
12,Rice,DRR Dhan 62,Andhra Pradesh,Andhra Pradesh,Tirupati,State recommendation mapped to IMD districts
12,Rice,DRR Dhan 62,Andhra Pradesh,Andhra Pradesh,Vishakhapatnam,State recommendation mapped to IMD districts
12,Rice,DRR Dhan 62,Andhra Pradesh,Andhra Pradesh,Vizianagaram,State recommendation mapped to IMD districts
12,Rice,DRR Dhan 62,Andhra Pradesh,Andhra Pradesh,West Godavari,State recommendation mapped to IMD districts
12,Rice,DRR Dhan 62,Andhra Pradesh,Andhra Pradesh,Ysr District,State recommendation mapped to IMD districts
12,Rice,DRR Dhan 62,Telangana,Telangana,Adilabad,State recommendation mapped to IMD districts
12,Rice,DRR Dhan 62,Telangana,Telangana,B. Kothagudem,State recommendation mapped to IMD districts
12,Rice,DRR Dhan 62,Telangana,Telangana,Hanumakonda,State recommendation mapped to IMD districts
12,Rice,DRR Dhan 62,Telangana,Telangana,Hyderabad,State recommendation mapped to IMD districts
12,Rice,DRR Dhan 62,Telangana,Telangana,Jagtial,State recommendation mapped to IMD districts
12,Rice,DRR Dhan 62,Telangana,Telangana,Jangaon,State recommendation mapped to IMD districts
12,Rice,DRR Dhan 62,Telangana,Telangana,J. Bhupalpally,State recommendation mapped to IMD districts
12,Rice,DRR Dhan 62,Telangana,Telangana,Jogulamba Gadwal,State recommendation mapped to IMD districts
12,Rice,DRR Dhan 62,Telangana,Telangana,Kamareddy,State recommendation mapped to IMD districts
12,Rice,DRR Dhan 62,Telangana,Telangana,Karimnagar,State recommendation mapped to IMD districts
12,Rice,DRR Dhan 62,Telangana,Telangana,Khammam,State recommendation mapped to IMD districts
12,Rice,DRR Dhan 62,Telangana,Telangana,Kumaram Bheem,State recommendation mapped to IMD districts
12,Rice,DRR Dhan 62,Telangana,Telangana,Mahabubabad,State recommendation mapped to IMD districts
12,Rice,DRR Dhan 62,Telangana,Telangana,Mahabubnagar,State recommendation mapped to IMD districts
12,Rice,DRR Dhan 62,Telangana,Telangana,Mancherial,State recommendation mapped to IMD districts
12,Rice,DRR Dhan 62,Telangana,Telangana,Medak,State recommendation mapped to IMD districts
12,Rice,DRR Dhan 62,Telangana,Telangana,M. Malkajgiri,State recommendation mapped to IMD districts
12,Rice,DRR Dhan 62,Telangana,Telangana,Mulugu,State recommendation mapped to IMD districts
12,Rice,DRR Dhan 62,Telangana,Telangana,Nagarkurnool,State recommendation mapped to IMD districts
12,Rice,DRR Dhan 62,Telangana,Telangana,Nalgonda,State recommendation mapped to IMD districts
12,Rice,DRR Dhan 62,Telangana,Telangana,Narayanpet,State recommendation mapped to IMD districts
12,Rice,DRR Dhan 62,Telangana,Telangana,Nirmal,State recommendation mapped to IMD districts
12,Rice,DRR Dhan 62,Telangana,Telangana,Nizamabad,State recommendation mapped to IMD districts
12,Rice,DRR Dhan 62,Telangana,Telangana,Peddapalle,State recommendation mapped to IMD districts
12,Rice,DRR Dhan 62,Telangana,Telangana,Rajanna Sircilla,State recommendation mapped to IMD districts
12,Rice,DRR Dhan 62,Telangana,Telangana,Rangareddy,State recommendation mapped to IMD districts
12,Rice,DRR Dhan 62,Telangana,Telangana,Sangareddy,State recommendation mapped to IMD districts
12,Rice,DRR Dhan 62,Telangana,Telangana,Siddipet,State recommendation mapped to IMD districts
12,Rice,DRR Dhan 62,Telangana,Telangana,Suryapet,State recommendation mapped to IMD districts
12,Rice,DRR Dhan 62,Telangana,Telangana,Vikarabad,State recommendation mapped to IMD districts
12,Rice,DRR Dhan 62,Telangana,Telangana,Wanaparthy,State recommendation mapped to IMD districts
12,Rice,DRR Dhan 62,Telangana,Telangana,Warangal,State recommendation mapped to IMD districts
12,Rice,DRR Dhan 62,Telangana,Telangana,Y. Bhuvanagiri,State recommendation mapped to IMD districts
12,Rice,DRR Dhan 62,Tamil Nadu,Tamil Nadu,Ariyalur,State recommendation mapped to IMD districts
12,Rice,DRR Dhan 62,Tamil Nadu,Tamil Nadu,Chengalpattu,State recommendation mapped to IMD districts
12,Rice,DRR Dhan 62,Tamil Nadu,Tamil Nadu,Chennai,State recommendation mapped to IMD districts
12,Rice,DRR Dhan 62,Tamil Nadu,Tamil Nadu,Coimbatore,State recommendation mapped to IMD districts
12,Rice,DRR Dhan 62,Tamil Nadu,Tamil Nadu,Cuddalore,State recommendation mapped to IMD districts
12,Rice,DRR Dhan 62,Tamil Nadu,Tamil Nadu,Dharampuri,State recommendation mapped to IMD districts
12,Rice,DRR Dhan 62,Tamil Nadu,Tamil Nadu,Dindigul,State recommendation mapped to IMD districts
12,Rice,DRR Dhan 62,Tamil Nadu,Tamil Nadu,Erode,State recommendation mapped to IMD districts
12,Rice,DRR Dhan 62,Tamil Nadu,Tamil Nadu,Kallakurichi,State recommendation mapped to IMD districts
12,Rice,DRR Dhan 62,Tamil Nadu,Tamil Nadu,Kanchipuram,State recommendation mapped to IMD districts
12,Rice,DRR Dhan 62,Tamil Nadu,Tamil Nadu,Kanyakumari,State recommendation mapped to IMD districts
12,Rice,DRR Dhan 62,Tamil Nadu,Tamil Nadu,Karur,State recommendation mapped to IMD districts
12,Rice,DRR Dhan 62,Tamil Nadu,Tamil Nadu,Krishnagiri,State recommendation mapped to IMD districts
12,Rice,DRR Dhan 62,Tamil Nadu,Tamil Nadu,Madurai,State recommendation mapped to IMD districts
12,Rice,DRR Dhan 62,Tamil Nadu,Tamil Nadu,Nagapattinam,State recommendation mapped to IMD districts
12,Rice,DRR Dhan 62,Tamil Nadu,Tamil Nadu,Namakkal,State recommendation mapped to IMD districts
12,Rice,DRR Dhan 62,Tamil Nadu,Tamil Nadu,Nilgiri,State recommendation mapped to IMD districts
12,Rice,DRR Dhan 62,Tamil Nadu,Tamil Nadu,Perambalur,State recommendation mapped to IMD districts
12,Rice,DRR Dhan 62,Tamil Nadu,Tamil Nadu,Pudukkottai,State recommendation mapped to IMD districts
12,Rice,DRR Dhan 62,Tamil Nadu,Tamil Nadu,Ramanathapuram,State recommendation mapped to IMD districts
12,Rice,DRR Dhan 62,Tamil Nadu,Tamil Nadu,Ranipet,State recommendation mapped to IMD districts
12,Rice,DRR Dhan 62,Tamil Nadu,Tamil Nadu,Salem,State recommendation mapped to IMD districts
12,Rice,DRR Dhan 62,Tamil Nadu,Tamil Nadu,Sivaganga,State recommendation mapped to IMD districts
12,Rice,DRR Dhan 62,Tamil Nadu,Tamil Nadu,Teni,State recommendation mapped to IMD districts
12,Rice,DRR Dhan 62,Tamil Nadu,Tamil Nadu,Tenkasi,State recommendation mapped to IMD districts
12,Rice,DRR Dhan 62,Tamil Nadu,Tamil Nadu,Thanjavur,State recommendation mapped to IMD districts
12,Rice,DRR Dhan 62,Tamil Nadu,Tamil Nadu,Thiruvarur,State recommendation mapped to IMD districts
12,Rice,DRR Dhan 62,Tamil Nadu,Tamil Nadu,Tiruchirappalli,State recommendation mapped to IMD districts
12,Rice,DRR Dhan 62,Tamil Nadu,Tamil Nadu,Tirunelveli,State recommendation mapped to IMD districts
12,Rice,DRR Dhan 62,Tamil Nadu,Tamil Nadu,Tirupattur,State recommendation mapped to IMD districts
12,Rice,DRR Dhan 62,Tamil Nadu,Tamil Nadu,Tiruppur,State recommendation mapped to IMD districts
12,Rice,DRR Dhan 62,Tamil Nadu,Tamil Nadu,Tiruvallur,State recommendation mapped to IMD districts
12,Rice,DRR Dhan 62,Tamil Nadu,Tamil Nadu,Tiruvannamalai,State recommendation mapped to IMD districts
12,Rice,DRR Dhan 62,Tamil Nadu,Tamil Nadu,Tuticorin,State recommendation mapped to IMD districts
12,Rice,DRR Dhan 62,Tamil Nadu,Tamil Nadu,Vellore,State recommendation mapped to IMD districts
12,Rice,DRR Dhan 62,Tamil Nadu,Tamil Nadu,Villupuram,State recommendation mapped to IMD districts
12,Rice,DRR Dhan 62,Tamil Nadu,Tamil Nadu,Virudhunagar,State recommendation mapped to IMD districts
12,Rice,DRR Dhan 62,Karnataka,Karnataka,Bagalkot,State recommendation mapped to IMD districts
12,Rice,DRR Dhan 62,Karnataka,Karnataka,Bangalore Rural,State recommendation mapped to IMD districts
12,Rice,DRR Dhan 62,Karnataka,Karnataka,Banglore Urban,State recommendation mapped to IMD districts
12,Rice,DRR Dhan 62,Karnataka,Karnataka,Belgaum,State recommendation mapped to IMD districts
12,Rice,DRR Dhan 62,Karnataka,Karnataka,Bellary,State recommendation mapped to IMD districts
12,Rice,DRR Dhan 62,Karnataka,Karnataka,Bidar,State recommendation mapped to IMD districts
12,Rice,DRR Dhan 62,Karnataka,Karnataka,Bijaapur,State recommendation mapped to IMD districts
12,Rice,DRR Dhan 62,Karnataka,Karnataka,Chamarajanagar,State recommendation mapped to IMD districts
12,Rice,DRR Dhan 62,Karnataka,Karnataka,Chikballapur,State recommendation mapped to IMD districts
12,Rice,DRR Dhan 62,Karnataka,Karnataka,Chikmagalur,State recommendation mapped to IMD districts
12,Rice,DRR Dhan 62,Karnataka,Karnataka,Chitradurga,State recommendation mapped to IMD districts
12,Rice,DRR Dhan 62,Karnataka,Karnataka,Dakshin Kannada,State recommendation mapped to IMD districts
12,Rice,DRR Dhan 62,Karnataka,Karnataka,Davangere,State recommendation mapped to IMD districts
12,Rice,DRR Dhan 62,Karnataka,Karnataka,Dharwad,State recommendation mapped to IMD districts
12,Rice,DRR Dhan 62,Karnataka,Karnataka,Gadag,State recommendation mapped to IMD districts
12,Rice,DRR Dhan 62,Karnataka,Karnataka,Gulbarga,State recommendation mapped to IMD districts
12,Rice,DRR Dhan 62,Karnataka,Karnataka,Hassan,State recommendation mapped to IMD districts
12,Rice,DRR Dhan 62,Karnataka,Karnataka,Haveri,State recommendation mapped to IMD districts
12,Rice,DRR Dhan 62,Karnataka,Karnataka,Kodagu,State recommendation mapped to IMD districts
12,Rice,DRR Dhan 62,Karnataka,Karnataka,Kolar,State recommendation mapped to IMD districts
12,Rice,DRR Dhan 62,Karnataka,Karnataka,Koppal,State recommendation mapped to IMD districts
12,Rice,DRR Dhan 62,Karnataka,Karnataka,Mandhya,State recommendation mapped to IMD districts
12,Rice,DRR Dhan 62,Karnataka,Karnataka,Mysore,State recommendation mapped to IMD districts
12,Rice,DRR Dhan 62,Karnataka,Karnataka,Raichur,State recommendation mapped to IMD districts
12,Rice,DRR Dhan 62,Karnataka,Karnataka,Ramnagar,State recommendation mapped to IMD districts
12,Rice,DRR Dhan 62,Karnataka,Karnataka,Shimoga,State recommendation mapped to IMD districts
12,Rice,DRR Dhan 62,Karnataka,Karnataka,Tumkur,State recommendation mapped to IMD districts
12,Rice,DRR Dhan 62,Karnataka,Karnataka,Udupi,State recommendation mapped to IMD districts
12,Rice,DRR Dhan 62,Karnataka,Karnataka,Uttar Kannada,State recommendation mapped to IMD districts
12,Rice,DRR Dhan 62,Karnataka,Karnataka,Vijayanagara,State recommendation mapped to IMD districts
12,Rice,DRR Dhan 62,Karnataka,Karnataka,Yadgir,State recommendation mapped to IMD districts
13,Rice,Pusa Basmati 1847,Delhi,Nct Of Delhi,Central Delhi,State recommendation mapped to IMD districts
13,Rice,Pusa Basmati 1847,Delhi,Nct Of Delhi,East Delhi,State recommendation mapped to IMD districts
13,Rice,Pusa Basmati 1847,Delhi,Nct Of Delhi,New Delhi,State recommendation mapped to IMD districts
13,Rice,Pusa Basmati 1847,Delhi,Nct Of Delhi,North Delhi,State recommendation mapped to IMD districts
13,Rice,Pusa Basmati 1847,Delhi,Nct Of Delhi,North East Delhi,State recommendation mapped to IMD districts
13,Rice,Pusa Basmati 1847,Delhi,Nct Of Delhi,North West Delhi,State recommendation mapped to IMD districts
13,Rice,Pusa Basmati 1847,Delhi,Nct Of Delhi,South Delhi,State recommendation mapped to IMD districts
13,Rice,Pusa Basmati 1847,Delhi,Nct Of Delhi,South East Delhi,State recommendation mapped to IMD districts
13,Rice,Pusa Basmati 1847,Delhi,Nct Of Delhi,South West Delhi,State recommendation mapped to IMD districts
13,Rice,Pusa Basmati 1847,Delhi,Nct Of Delhi,West Delhi,State recommendation mapped to IMD districts
13,Rice,Pusa Basmati 1847,Punjab,Punjab,Amritsar,State recommendation mapped to IMD districts
13,Rice,Pusa Basmati 1847,Punjab,Punjab,Barnala,State recommendation mapped to IMD districts
13,Rice,Pusa Basmati 1847,Punjab,Punjab,Bathinda,State recommendation mapped to IMD districts
13,Rice,Pusa Basmati 1847,Punjab,Punjab,Faridkot,State recommendation mapped to IMD districts
13,Rice,Pusa Basmati 1847,Punjab,Punjab,Fatehgarh Sahib,State recommendation mapped to IMD districts
13,Rice,Pusa Basmati 1847,Punjab,Punjab,Fazilka,State recommendation mapped to IMD districts
13,Rice,Pusa Basmati 1847,Punjab,Punjab,Firozpur,State recommendation mapped to IMD districts
13,Rice,Pusa Basmati 1847,Punjab,Punjab,Gurdaspur,State recommendation mapped to IMD districts
13,Rice,Pusa Basmati 1847,Punjab,Punjab,Hoshiarpur,State recommendation mapped to IMD districts
13,Rice,Pusa Basmati 1847,Punjab,Punjab,Jalandhar,State recommendation mapped to IMD districts
13,Rice,Pusa Basmati 1847,Punjab,Punjab,Kapurthala,State recommendation mapped to IMD districts
13,Rice,Pusa Basmati 1847,Punjab,Punjab,Ludhiana,State recommendation mapped to IMD districts
13,Rice,Pusa Basmati 1847,Punjab,Punjab,Mansa,State recommendation mapped to IMD districts
13,Rice,Pusa Basmati 1847,Punjab,Punjab,Moga,State recommendation mapped to IMD districts
13,Rice,Pusa Basmati 1847,Punjab,Punjab,Muktsar,State recommendation mapped to IMD districts
13,Rice,Pusa Basmati 1847,Punjab,Punjab,Pathankot,State recommendation mapped to IMD districts
13,Rice,Pusa Basmati 1847,Punjab,Punjab,Patiala,State recommendation mapped to IMD districts
13,Rice,Pusa Basmati 1847,Punjab,Punjab,Rupnagar,State recommendation mapped to IMD districts
13,Rice,Pusa Basmati 1847,Punjab,Punjab,Sangrur,State recommendation mapped to IMD districts
13,Rice,Pusa Basmati 1847,Punjab,Punjab,Sas Nagar,State recommendation mapped to IMD districts
13,Rice,Pusa Basmati 1847,Punjab,Punjab,Sbs Nagar,State recommendation mapped to IMD districts
13,Rice,Pusa Basmati 1847,Punjab,Punjab,Tarn Taran,State recommendation mapped to IMD districts
13,Rice,Pusa Basmati 1847,Western Uttar Pradesh,,,Recommended state not found in IMD file
14,Rice,Pusa Basmati 1885,Delhi,Nct Of Delhi,Central Delhi,State recommendation mapped to IMD districts
14,Rice,Pusa Basmati 1885,Delhi,Nct Of Delhi,East Delhi,State recommendation mapped to IMD districts
14,Rice,Pusa Basmati 1885,Delhi,Nct Of Delhi,New Delhi,State recommendation mapped to IMD districts
14,Rice,Pusa Basmati 1885,Delhi,Nct Of Delhi,North Delhi,State recommendation mapped to IMD districts
14,Rice,Pusa Basmati 1885,Delhi,Nct Of Delhi,North East Delhi,State recommendation mapped to IMD districts
14,Rice,Pusa Basmati 1885,Delhi,Nct Of Delhi,North West Delhi,State recommendation mapped to IMD districts
14,Rice,Pusa Basmati 1885,Delhi,Nct Of Delhi,South Delhi,State recommendation mapped to IMD districts
14,Rice,Pusa Basmati 1885,Delhi,Nct Of Delhi,South East Delhi,State recommendation mapped to IMD districts
14,Rice,Pusa Basmati 1885,Delhi,Nct Of Delhi,South West Delhi,State recommendation mapped to IMD districts
14,Rice,Pusa Basmati 1885,Delhi,Nct Of Delhi,West Delhi,State recommendation mapped to IMD districts
14,Rice,Pusa Basmati 1885,Haryana,Haryana,Ambala,State recommendation mapped to IMD districts
14,Rice,Pusa Basmati 1885,Haryana,Haryana,Bhiwani,State recommendation mapped to IMD districts
14,Rice,Pusa Basmati 1885,Haryana,Haryana,Charkhi Dadri,State recommendation mapped to IMD districts
14,Rice,Pusa Basmati 1885,Haryana,Haryana,Faridabad,State recommendation mapped to IMD districts
14,Rice,Pusa Basmati 1885,Haryana,Haryana,Fatehabad,State recommendation mapped to IMD districts
14,Rice,Pusa Basmati 1885,Haryana,Haryana,Gurgaon,State recommendation mapped to IMD districts
14,Rice,Pusa Basmati 1885,Haryana,Haryana,Hisar,State recommendation mapped to IMD districts
14,Rice,Pusa Basmati 1885,Haryana,Haryana,Jhajjar,State recommendation mapped to IMD districts
14,Rice,Pusa Basmati 1885,Haryana,Haryana,Jind,State recommendation mapped to IMD districts
14,Rice,Pusa Basmati 1885,Haryana,Haryana,Kaithal,State recommendation mapped to IMD districts
14,Rice,Pusa Basmati 1885,Haryana,Haryana,Karnal,State recommendation mapped to IMD districts
14,Rice,Pusa Basmati 1885,Haryana,Haryana,Kurukshetra,State recommendation mapped to IMD districts
14,Rice,Pusa Basmati 1885,Haryana,Haryana,Mahendragarh,State recommendation mapped to IMD districts
14,Rice,Pusa Basmati 1885,Haryana,Haryana,Nuh,State recommendation mapped to IMD districts
14,Rice,Pusa Basmati 1885,Haryana,Haryana,Palwal,State recommendation mapped to IMD districts
14,Rice,Pusa Basmati 1885,Haryana,Haryana,Panchkula,State recommendation mapped to IMD districts
14,Rice,Pusa Basmati 1885,Haryana,Haryana,Panipat,State recommendation mapped to IMD districts
14,Rice,Pusa Basmati 1885,Haryana,Haryana,Rewari,State recommendation mapped to IMD districts
14,Rice,Pusa Basmati 1885,Haryana,Haryana,Rohtak,State recommendation mapped to IMD districts
14,Rice,Pusa Basmati 1885,Haryana,Haryana,Sirsa,State recommendation mapped to IMD districts
14,Rice,Pusa Basmati 1885,Haryana,Haryana,Sonipat,State recommendation mapped to IMD districts
14,Rice,Pusa Basmati 1885,Haryana,Haryana,Yamunanagar,State recommendation mapped to IMD districts
14,Rice,Pusa Basmati 1885,Punjab,Punjab,Amritsar,State recommendation mapped to IMD districts
14,Rice,Pusa Basmati 1885,Punjab,Punjab,Barnala,State recommendation mapped to IMD districts
14,Rice,Pusa Basmati 1885,Punjab,Punjab,Bathinda,State recommendation mapped to IMD districts
14,Rice,Pusa Basmati 1885,Punjab,Punjab,Faridkot,State recommendation mapped to IMD districts
14,Rice,Pusa Basmati 1885,Punjab,Punjab,Fatehgarh Sahib,State recommendation mapped to IMD districts
14,Rice,Pusa Basmati 1885,Punjab,Punjab,Fazilka,State recommendation mapped to IMD districts
14,Rice,Pusa Basmati 1885,Punjab,Punjab,Firozpur,State recommendation mapped to IMD districts
14,Rice,Pusa Basmati 1885,Punjab,Punjab,Gurdaspur,State recommendation mapped to IMD districts
14,Rice,Pusa Basmati 1885,Punjab,Punjab,Hoshiarpur,State recommendation mapped to IMD districts
14,Rice,Pusa Basmati 1885,Punjab,Punjab,Jalandhar,State recommendation mapped to IMD districts
14,Rice,Pusa Basmati 1885,Punjab,Punjab,Kapurthala,State recommendation mapped to IMD districts
14,Rice,Pusa Basmati 1885,Punjab,Punjab,Ludhiana,State recommendation mapped to IMD districts
14,Rice,Pusa Basmati 1885,Punjab,Punjab,Mansa,State recommendation mapped to IMD districts
14,Rice,Pusa Basmati 1885,Punjab,Punjab,Moga,State recommendation mapped to IMD districts
14,Rice,Pusa Basmati 1885,Punjab,Punjab,Muktsar,State recommendation mapped to IMD districts
14,Rice,Pusa Basmati 1885,Punjab,Punjab,Pathankot,State recommendation mapped to IMD districts
14,Rice,Pusa Basmati 1885,Punjab,Punjab,Patiala,State recommendation mapped to IMD districts
14,Rice,Pusa Basmati 1885,Punjab,Punjab,Rupnagar,State recommendation mapped to IMD districts
14,Rice,Pusa Basmati 1885,Punjab,Punjab,Sangrur,State recommendation mapped to IMD districts
14,Rice,Pusa Basmati 1885,Punjab,Punjab,Sas Nagar,State recommendation mapped to IMD districts
14,Rice,Pusa Basmati 1885,Punjab,Punjab,Sbs Nagar,State recommendation mapped to IMD districts
14,Rice,Pusa Basmati 1885,Punjab,Punjab,Tarn Taran,State recommendation mapped to IMD districts
15,Rice,Pusa Basmati 1886,Haryana,Haryana,Ambala,State recommendation mapped to IMD districts
15,Rice,Pusa Basmati 1886,Haryana,Haryana,Bhiwani,State recommendation mapped to IMD districts
15,Rice,Pusa Basmati 1886,Haryana,Haryana,Charkhi Dadri,State recommendation mapped to IMD districts
15,Rice,Pusa Basmati 1886,Haryana,Haryana,Faridabad,State recommendation mapped to IMD districts
15,Rice,Pusa Basmati 1886,Haryana,Haryana,Fatehabad,State recommendation mapped to IMD districts
15,Rice,Pusa Basmati 1886,Haryana,Haryana,Gurgaon,State recommendation mapped to IMD districts
15,Rice,Pusa Basmati 1886,Haryana,Haryana,Hisar,State recommendation mapped to IMD districts
15,Rice,Pusa Basmati 1886,Haryana,Haryana,Jhajjar,State recommendation mapped to IMD districts
15,Rice,Pusa Basmati 1886,Haryana,Haryana,Jind,State recommendation mapped to IMD districts
15,Rice,Pusa Basmati 1886,Haryana,Haryana,Kaithal,State recommendation mapped to IMD districts
15,Rice,Pusa Basmati 1886,Haryana,Haryana,Karnal,State recommendation mapped to IMD districts
15,Rice,Pusa Basmati 1886,Haryana,Haryana,Kurukshetra,State recommendation mapped to IMD districts
15,Rice,Pusa Basmati 1886,Haryana,Haryana,Mahendragarh,State recommendation mapped to IMD districts
15,Rice,Pusa Basmati 1886,Haryana,Haryana,Nuh,State recommendation mapped to IMD districts
15,Rice,Pusa Basmati 1886,Haryana,Haryana,Palwal,State recommendation mapped to IMD districts
15,Rice,Pusa Basmati 1886,Haryana,Haryana,Panchkula,State recommendation mapped to IMD districts
15,Rice,Pusa Basmati 1886,Haryana,Haryana,Panipat,State recommendation mapped to IMD districts
15,Rice,Pusa Basmati 1886,Haryana,Haryana,Rewari,State recommendation mapped to IMD districts
15,Rice,Pusa Basmati 1886,Haryana,Haryana,Rohtak,State recommendation mapped to IMD districts
15,Rice,Pusa Basmati 1886,Haryana,Haryana,Sirsa,State recommendation mapped to IMD districts
15,Rice,Pusa Basmati 1886,Haryana,Haryana,Sonipat,State recommendation mapped to IMD districts
15,Rice,Pusa Basmati 1886,Haryana,Haryana,Yamunanagar,State recommendation mapped to IMD districts
15,Rice,Pusa Basmati 1886,Uttarakhand,Uttarakhand,Almora,State recommendation mapped to IMD districts
15,Rice,Pusa Basmati 1886,Uttarakhand,Uttarakhand,Bageshwar,State recommendation mapped to IMD districts
15,Rice,Pusa Basmati 1886,Uttarakhand,Uttarakhand,Chamoli,State recommendation mapped to IMD districts
15,Rice,Pusa Basmati 1886,Uttarakhand,Uttarakhand,Champawat,State recommendation mapped to IMD districts
15,Rice,Pusa Basmati 1886,Uttarakhand,Uttarakhand,Dehradun,State recommendation mapped to IMD districts
15,Rice,Pusa Basmati 1886,Uttarakhand,Uttarakhand,Haridwar,State recommendation mapped to IMD districts
15,Rice,Pusa Basmati 1886,Uttarakhand,Uttarakhand,Nanital,State recommendation mapped to IMD districts
15,Rice,Pusa Basmati 1886,Uttarakhand,Uttarakhand,Pauri Garhwal,State recommendation mapped to IMD districts
15,Rice,Pusa Basmati 1886,Uttarakhand,Uttarakhand,Pithoragarh,State recommendation mapped to IMD districts
15,Rice,Pusa Basmati 1886,Uttarakhand,Uttarakhand,Rudraprayag,State recommendation mapped to IMD districts
15,Rice,Pusa Basmati 1886,Uttarakhand,Uttarakhand,Tehri Garwal,State recommendation mapped to IMD districts
15,Rice,Pusa Basmati 1886,Uttarakhand,Uttarakhand,Udham Singh Nagar,State recommendation mapped to IMD districts
15,Rice,Pusa Basmati 1886,Uttarakhand,Uttarakhand,Uttarkashi,State recommendation mapped to IMD districts
16,Rice,DRR Dhan 58,Telangana,Telangana,Adilabad,State recommendation mapped to IMD districts
16,Rice,DRR Dhan 58,Telangana,Telangana,B. Kothagudem,State recommendation mapped to IMD districts
16,Rice,DRR Dhan 58,Telangana,Telangana,Hanumakonda,State recommendation mapped to IMD districts
16,Rice,DRR Dhan 58,Telangana,Telangana,Hyderabad,State recommendation mapped to IMD districts
16,Rice,DRR Dhan 58,Telangana,Telangana,Jagtial,State recommendation mapped to IMD districts
16,Rice,DRR Dhan 58,Telangana,Telangana,Jangaon,State recommendation mapped to IMD districts
16,Rice,DRR Dhan 58,Telangana,Telangana,J. Bhupalpally,State recommendation mapped to IMD districts
16,Rice,DRR Dhan 58,Telangana,Telangana,Jogulamba Gadwal,State recommendation mapped to IMD districts
16,Rice,DRR Dhan 58,Telangana,Telangana,Kamareddy,State recommendation mapped to IMD districts
16,Rice,DRR Dhan 58,Telangana,Telangana,Karimnagar,State recommendation mapped to IMD districts
16,Rice,DRR Dhan 58,Telangana,Telangana,Khammam,State recommendation mapped to IMD districts
16,Rice,DRR Dhan 58,Telangana,Telangana,Kumaram Bheem,State recommendation mapped to IMD districts
16,Rice,DRR Dhan 58,Telangana,Telangana,Mahabubabad,State recommendation mapped to IMD districts
16,Rice,DRR Dhan 58,Telangana,Telangana,Mahabubnagar,State recommendation mapped to IMD districts
16,Rice,DRR Dhan 58,Telangana,Telangana,Mancherial,State recommendation mapped to IMD districts
16,Rice,DRR Dhan 58,Telangana,Telangana,Medak,State recommendation mapped to IMD districts
16,Rice,DRR Dhan 58,Telangana,Telangana,M. Malkajgiri,State recommendation mapped to IMD districts
16,Rice,DRR Dhan 58,Telangana,Telangana,Mulugu,State recommendation mapped to IMD districts
16,Rice,DRR Dhan 58,Telangana,Telangana,Nagarkurnool,State recommendation mapped to IMD districts
16,Rice,DRR Dhan 58,Telangana,Telangana,Nalgonda,State recommendation mapped to IMD districts
16,Rice,DRR Dhan 58,Telangana,Telangana,Narayanpet,State recommendation mapped to IMD districts
16,Rice,DRR Dhan 58,Telangana,Telangana,Nirmal,State recommendation mapped to IMD districts
16,Rice,DRR Dhan 58,Telangana,Telangana,Nizamabad,State recommendation mapped to IMD districts
16,Rice,DRR Dhan 58,Telangana,Telangana,Peddapalle,State recommendation mapped to IMD districts
16,Rice,DRR Dhan 58,Telangana,Telangana,Rajanna Sircilla,State recommendation mapped to IMD districts
16,Rice,DRR Dhan 58,Telangana,Telangana,Rangareddy,State recommendation mapped to IMD districts
16,Rice,DRR Dhan 58,Telangana,Telangana,Sangareddy,State recommendation mapped to IMD districts
16,Rice,DRR Dhan 58,Telangana,Telangana,Siddipet,State recommendation mapped to IMD districts
16,Rice,DRR Dhan 58,Telangana,Telangana,Suryapet,State recommendation mapped to IMD districts
16,Rice,DRR Dhan 58,Telangana,Telangana,Vikarabad,State recommendation mapped to IMD districts
16,Rice,DRR Dhan 58,Telangana,Telangana,Wanaparthy,State recommendation mapped to IMD districts
16,Rice,DRR Dhan 58,Telangana,Telangana,Warangal,State recommendation mapped to IMD districts
16,Rice,DRR Dhan 58,Telangana,Telangana,Y. Bhuvanagiri,State recommendation mapped to IMD districts
16,Rice,DRR Dhan 58,Andhra Pradesh,Andhra Pradesh,Anakapalli,State recommendation mapped to IMD districts
16,Rice,DRR Dhan 58,Andhra Pradesh,Andhra Pradesh,Anantapuramu,State recommendation mapped to IMD districts
16,Rice,DRR Dhan 58,Andhra Pradesh,Andhra Pradesh,Annamayya District,State recommendation mapped to IMD districts
16,Rice,DRR Dhan 58,Andhra Pradesh,Andhra Pradesh,Bapatla,State recommendation mapped to IMD districts
16,Rice,DRR Dhan 58,Andhra Pradesh,Andhra Pradesh,Chittoor,State recommendation mapped to IMD districts
16,Rice,DRR Dhan 58,Andhra Pradesh,Andhra Pradesh,Dr B R Ambedkar Konaseema,State recommendation mapped to IMD districts
16,Rice,DRR Dhan 58,Andhra Pradesh,Andhra Pradesh,East Godavari,State recommendation mapped to IMD districts
16,Rice,DRR Dhan 58,Andhra Pradesh,Andhra Pradesh,Eluru,State recommendation mapped to IMD districts
16,Rice,DRR Dhan 58,Andhra Pradesh,Andhra Pradesh,Guntur,State recommendation mapped to IMD districts
16,Rice,DRR Dhan 58,Andhra Pradesh,Andhra Pradesh,Kakinada,State recommendation mapped to IMD districts
16,Rice,DRR Dhan 58,Andhra Pradesh,Andhra Pradesh,Krishna,State recommendation mapped to IMD districts
16,Rice,DRR Dhan 58,Andhra Pradesh,Andhra Pradesh,Kurnool,State recommendation mapped to IMD districts
16,Rice,DRR Dhan 58,Andhra Pradesh,Andhra Pradesh,Nandyal,State recommendation mapped to IMD districts
16,Rice,DRR Dhan 58,Andhra Pradesh,Andhra Pradesh,Ntr District,State recommendation mapped to IMD districts
16,Rice,DRR Dhan 58,Andhra Pradesh,Andhra Pradesh,Palnadu,State recommendation mapped to IMD districts
16,Rice,DRR Dhan 58,Andhra Pradesh,Andhra Pradesh,Parvathipuram Manyam,State recommendation mapped to IMD districts
16,Rice,DRR Dhan 58,Andhra Pradesh,Andhra Pradesh,Prakasam,State recommendation mapped to IMD districts
16,Rice,DRR Dhan 58,Andhra Pradesh,Andhra Pradesh,Spsr Nellore,State recommendation mapped to IMD districts
16,Rice,DRR Dhan 58,Andhra Pradesh,Andhra Pradesh,Sri Alluri Sitharamaraju District,State recommendation mapped to IMD districts
16,Rice,DRR Dhan 58,Andhra Pradesh,Andhra Pradesh,Srikakulam,State recommendation mapped to IMD districts
16,Rice,DRR Dhan 58,Andhra Pradesh,Andhra Pradesh,Sri Sathyasai District,State recommendation mapped to IMD districts
16,Rice,DRR Dhan 58,Andhra Pradesh,Andhra Pradesh,Tirupati,State recommendation mapped to IMD districts
16,Rice,DRR Dhan 58,Andhra Pradesh,Andhra Pradesh,Vishakhapatnam,State recommendation mapped to IMD districts
16,Rice,DRR Dhan 58,Andhra Pradesh,Andhra Pradesh,Vizianagaram,State recommendation mapped to IMD districts
16,Rice,DRR Dhan 58,Andhra Pradesh,Andhra Pradesh,West Godavari,State recommendation mapped to IMD districts
16,Rice,DRR Dhan 58,Andhra Pradesh,Andhra Pradesh,Ysr District,State recommendation mapped to IMD districts
16,Rice,DRR Dhan 58,Tamil Nadu,Tamil Nadu,Ariyalur,State recommendation mapped to IMD districts
16,Rice,DRR Dhan 58,Tamil Nadu,Tamil Nadu,Chengalpattu,State recommendation mapped to IMD districts
16,Rice,DRR Dhan 58,Tamil Nadu,Tamil Nadu,Chennai,State recommendation mapped to IMD districts
16,Rice,DRR Dhan 58,Tamil Nadu,Tamil Nadu,Coimbatore,State recommendation mapped to IMD districts
16,Rice,DRR Dhan 58,Tamil Nadu,Tamil Nadu,Cuddalore,State recommendation mapped to IMD districts
16,Rice,DRR Dhan 58,Tamil Nadu,Tamil Nadu,Dharampuri,State recommendation mapped to IMD districts
16,Rice,DRR Dhan 58,Tamil Nadu,Tamil Nadu,Dindigul,State recommendation mapped to IMD districts
16,Rice,DRR Dhan 58,Tamil Nadu,Tamil Nadu,Erode,State recommendation mapped to IMD districts
16,Rice,DRR Dhan 58,Tamil Nadu,Tamil Nadu,Kallakurichi,State recommendation mapped to IMD districts
16,Rice,DRR Dhan 58,Tamil Nadu,Tamil Nadu,Kanchipuram,State recommendation mapped to IMD districts
16,Rice,DRR Dhan 58,Tamil Nadu,Tamil Nadu,Kanyakumari,State recommendation mapped to IMD districts
16,Rice,DRR Dhan 58,Tamil Nadu,Tamil Nadu,Karur,State recommendation mapped to IMD districts
16,Rice,DRR Dhan 58,Tamil Nadu,Tamil Nadu,Krishnagiri,State recommendation mapped to IMD districts
16,Rice,DRR Dhan 58,Tamil Nadu,Tamil Nadu,Madurai,State recommendation mapped to IMD districts
16,Rice,DRR Dhan 58,Tamil Nadu,Tamil Nadu,Nagapattinam,State recommendation mapped to IMD districts
16,Rice,DRR Dhan 58,Tamil Nadu,Tamil Nadu,Namakkal,State recommendation mapped to IMD districts
16,Rice,DRR Dhan 58,Tamil Nadu,Tamil Nadu,Nilgiri,State recommendation mapped to IMD districts
16,Rice,DRR Dhan 58,Tamil Nadu,Tamil Nadu,Perambalur,State recommendation mapped to IMD districts
16,Rice,DRR Dhan 58,Tamil Nadu,Tamil Nadu,Pudukkottai,State recommendation mapped to IMD districts
16,Rice,DRR Dhan 58,Tamil Nadu,Tamil Nadu,Ramanathapuram,State recommendation mapped to IMD districts
16,Rice,DRR Dhan 58,Tamil Nadu,Tamil Nadu,Ranipet,State recommendation mapped to IMD districts
16,Rice,DRR Dhan 58,Tamil Nadu,Tamil Nadu,Salem,State recommendation mapped to IMD districts
16,Rice,DRR Dhan 58,Tamil Nadu,Tamil Nadu,Sivaganga,State recommendation mapped to IMD districts
16,Rice,DRR Dhan 58,Tamil Nadu,Tamil Nadu,Teni,State recommendation mapped to IMD districts
16,Rice,DRR Dhan 58,Tamil Nadu,Tamil Nadu,Tenkasi,State recommendation mapped to IMD districts
16,Rice,DRR Dhan 58,Tamil Nadu,Tamil Nadu,Thanjavur,State recommendation mapped to IMD districts
16,Rice,DRR Dhan 58,Tamil Nadu,Tamil Nadu,Thiruvarur,State recommendation mapped to IMD districts
16,Rice,DRR Dhan 58,Tamil Nadu,Tamil Nadu,Tiruchirappalli,State recommendation mapped to IMD districts
16,Rice,DRR Dhan 58,Tamil Nadu,Tamil Nadu,Tirunelveli,State recommendation mapped to IMD districts
16,Rice,DRR Dhan 58,Tamil Nadu,Tamil Nadu,Tirupattur,State recommendation mapped to IMD districts
16,Rice,DRR Dhan 58,Tamil Nadu,Tamil Nadu,Tiruppur,State recommendation mapped to IMD districts
16,Rice,DRR Dhan 58,Tamil Nadu,Tamil Nadu,Tiruvallur,State recommendation mapped to IMD districts
16,Rice,DRR Dhan 58,Tamil Nadu,Tamil Nadu,Tiruvannamalai,State recommendation mapped to IMD districts
16,Rice,DRR Dhan 58,Tamil Nadu,Tamil Nadu,Tuticorin,State recommendation mapped to IMD districts
16,Rice,DRR Dhan 58,Tamil Nadu,Tamil Nadu,Vellore,State recommendation mapped to IMD districts
16,Rice,DRR Dhan 58,Tamil Nadu,Tamil Nadu,Villupuram,State recommendation mapped to IMD districts
16,Rice,DRR Dhan 58,Tamil Nadu,Tamil Nadu,Virudhunagar,State recommendation mapped to IMD districts
16,Rice,DRR Dhan 58,Karnataka,Karnataka,Bagalkot,State recommendation mapped to IMD districts
16,Rice,DRR Dhan 58,Karnataka,Karnataka,Bangalore Rural,State recommendation mapped to IMD districts
16,Rice,DRR Dhan 58,Karnataka,Karnataka,Banglore Urban,State recommendation mapped to IMD districts
16,Rice,DRR Dhan 58,Karnataka,Karnataka,Belgaum,State recommendation mapped to IMD districts
16,Rice,DRR Dhan 58,Karnataka,Karnataka,Bellary,State recommendation mapped to IMD districts
16,Rice,DRR Dhan 58,Karnataka,Karnataka,Bidar,State recommendation mapped to IMD districts
16,Rice,DRR Dhan 58,Karnataka,Karnataka,Bijaapur,State recommendation mapped to IMD districts
16,Rice,DRR Dhan 58,Karnataka,Karnataka,Chamarajanagar,State recommendation mapped to IMD districts
16,Rice,DRR Dhan 58,Karnataka,Karnataka,Chikballapur,State recommendation mapped to IMD districts
16,Rice,DRR Dhan 58,Karnataka,Karnataka,Chikmagalur,State recommendation mapped to IMD districts
16,Rice,DRR Dhan 58,Karnataka,Karnataka,Chitradurga,State recommendation mapped to IMD districts
16,Rice,DRR Dhan 58,Karnataka,Karnataka,Dakshin Kannada,State recommendation mapped to IMD districts
16,Rice,DRR Dhan 58,Karnataka,Karnataka,Davangere,State recommendation mapped to IMD districts
16,Rice,DRR Dhan 58,Karnataka,Karnataka,Dharwad,State recommendation mapped to IMD districts
16,Rice,DRR Dhan 58,Karnataka,Karnataka,Gadag,State recommendation mapped to IMD districts
16,Rice,DRR Dhan 58,Karnataka,Karnataka,Gulbarga,State recommendation mapped to IMD districts
16,Rice,DRR Dhan 58,Karnataka,Karnataka,Hassan,State recommendation mapped to IMD districts
16,Rice,DRR Dhan 58,Karnataka,Karnataka,Haveri,State recommendation mapped to IMD districts
16,Rice,DRR Dhan 58,Karnataka,Karnataka,Kodagu,State recommendation mapped to IMD districts
16,Rice,DRR Dhan 58,Karnataka,Karnataka,Kolar,State recommendation mapped to IMD districts
16,Rice,DRR Dhan 58,Karnataka,Karnataka,Koppal,State recommendation mapped to IMD districts
16,Rice,DRR Dhan 58,Karnataka,Karnataka,Mandhya,State recommendation mapped to IMD districts
16,Rice,DRR Dhan 58,Karnataka,Karnataka,Mysore,State recommendation mapped to IMD districts
16,Rice,DRR Dhan 58,Karnataka,Karnataka,Raichur,State recommendation mapped to IMD districts
16,Rice,DRR Dhan 58,Karnataka,Karnataka,Ramnagar,State recommendation mapped to IMD districts
16,Rice,DRR Dhan 58,Karnataka,Karnataka,Shimoga,State recommendation mapped to IMD districts
16,Rice,DRR Dhan 58,Karnataka,Karnataka,Tumkur,State recommendation mapped to IMD districts
16,Rice,DRR Dhan 58,Karnataka,Karnataka,Udupi,State recommendation mapped to IMD districts
16,Rice,DRR Dhan 58,Karnataka,Karnataka,Uttar Kannada,State recommendation mapped to IMD districts
16,Rice,DRR Dhan 58,Karnataka,Karnataka,Vijayanagara,State recommendation mapped to IMD districts
16,Rice,DRR Dhan 58,Karnataka,Karnataka,Yadgir,State recommendation mapped to IMD districts
16,Rice,DRR Dhan 58,Chhattisgarh,Chhattisgarh,Sakti,State recommendation mapped to IMD districts
16,Rice,DRR Dhan 58,Odisha,Odisha,Anugul,State recommendation mapped to IMD districts
16,Rice,DRR Dhan 58,Odisha,Odisha,Balangir,State recommendation mapped to IMD districts
16,Rice,DRR Dhan 58,Odisha,Odisha,Baleshwar,State recommendation mapped to IMD districts
16,Rice,DRR Dhan 58,Odisha,Odisha,Baragarh,State recommendation mapped to IMD districts
16,Rice,DRR Dhan 58,Odisha,Odisha,Bauda,State recommendation mapped to IMD districts
16,Rice,DRR Dhan 58,Odisha,Odisha,Bhadrak,State recommendation mapped to IMD districts
16,Rice,DRR Dhan 58,Odisha,Odisha,Cuttack,State recommendation mapped to IMD districts
16,Rice,DRR Dhan 58,Odisha,Odisha,Deogarh,State recommendation mapped to IMD districts
16,Rice,DRR Dhan 58,Odisha,Odisha,Dhenkanal,State recommendation mapped to IMD districts
16,Rice,DRR Dhan 58,Odisha,Odisha,Gajapathi,State recommendation mapped to IMD districts
16,Rice,DRR Dhan 58,Odisha,Odisha,Ganjam,State recommendation mapped to IMD districts
16,Rice,DRR Dhan 58,Odisha,Odisha,Jagatsinghapur,State recommendation mapped to IMD districts
16,Rice,DRR Dhan 58,Odisha,Odisha,Jajapur,State recommendation mapped to IMD districts
16,Rice,DRR Dhan 58,Odisha,Odisha,Jharsuguda,State recommendation mapped to IMD districts
16,Rice,DRR Dhan 58,Odisha,Odisha,Kalahandi,State recommendation mapped to IMD districts
16,Rice,DRR Dhan 58,Odisha,Odisha,Kandhamal,State recommendation mapped to IMD districts
16,Rice,DRR Dhan 58,Odisha,Odisha,Kendraparha,State recommendation mapped to IMD districts
16,Rice,DRR Dhan 58,Odisha,Odisha,Kendujhar,State recommendation mapped to IMD districts
16,Rice,DRR Dhan 58,Odisha,Odisha,Khordha,State recommendation mapped to IMD districts
16,Rice,DRR Dhan 58,Odisha,Odisha,Koraput,State recommendation mapped to IMD districts
16,Rice,DRR Dhan 58,Odisha,Odisha,Malkangiri,State recommendation mapped to IMD districts
16,Rice,DRR Dhan 58,Odisha,Odisha,Mayurbhanj,State recommendation mapped to IMD districts
16,Rice,DRR Dhan 58,Odisha,Odisha,Nabarangapur,State recommendation mapped to IMD districts
16,Rice,DRR Dhan 58,Odisha,Odisha,Nayagarh,State recommendation mapped to IMD districts
16,Rice,DRR Dhan 58,Odisha,Odisha,Nuaparha,State recommendation mapped to IMD districts
16,Rice,DRR Dhan 58,Odisha,Odisha,Puri,State recommendation mapped to IMD districts
16,Rice,DRR Dhan 58,Odisha,Odisha,Rayagarha,State recommendation mapped to IMD districts
16,Rice,DRR Dhan 58,Odisha,Odisha,Sambalpur,State recommendation mapped to IMD districts
16,Rice,DRR Dhan 58,Odisha,Odisha,Subarnapur,State recommendation mapped to IMD districts
16,Rice,DRR Dhan 58,Odisha,Odisha,Sundargarh,State recommendation mapped to IMD districts
16,Rice,DRR Dhan 58,Jharkhand,Jharkhand,Bokaro,State recommendation mapped to IMD districts
16,Rice,DRR Dhan 58,Jharkhand,Jharkhand,Chatra,State recommendation mapped to IMD districts
16,Rice,DRR Dhan 58,Jharkhand,Jharkhand,Deoghar,State recommendation mapped to IMD districts
16,Rice,DRR Dhan 58,Jharkhand,Jharkhand,Dhanbad,State recommendation mapped to IMD districts
16,Rice,DRR Dhan 58,Jharkhand,Jharkhand,Dumka,State recommendation mapped to IMD districts
16,Rice,DRR Dhan 58,Jharkhand,Jharkhand,East Singhbhum,State recommendation mapped to IMD districts
16,Rice,DRR Dhan 58,Jharkhand,Jharkhand,Garhwa,State recommendation mapped to IMD districts
16,Rice,DRR Dhan 58,Jharkhand,Jharkhand,Giridih,State recommendation mapped to IMD districts
16,Rice,DRR Dhan 58,Jharkhand,Jharkhand,Godda,State recommendation mapped to IMD districts
16,Rice,DRR Dhan 58,Jharkhand,Jharkhand,Gumla,State recommendation mapped to IMD districts
16,Rice,DRR Dhan 58,Jharkhand,Jharkhand,Hazaribagh,State recommendation mapped to IMD districts
16,Rice,DRR Dhan 58,Jharkhand,Jharkhand,Jamtara,State recommendation mapped to IMD districts
16,Rice,DRR Dhan 58,Jharkhand,Jharkhand,Khunti,State recommendation mapped to IMD districts
16,Rice,DRR Dhan 58,Jharkhand,Jharkhand,Koderma,State recommendation mapped to IMD districts
16,Rice,DRR Dhan 58,Jharkhand,Jharkhand,Latehar,State recommendation mapped to IMD districts
16,Rice,DRR Dhan 58,Jharkhand,Jharkhand,Lohardaga,State recommendation mapped to IMD districts
16,Rice,DRR Dhan 58,Jharkhand,Jharkhand,Pakur,State recommendation mapped to IMD districts
16,Rice,DRR Dhan 58,Jharkhand,Jharkhand,Palamu,State recommendation mapped to IMD districts
16,Rice,DRR Dhan 58,Jharkhand,Jharkhand,Ramgarh,State recommendation mapped to IMD districts
16,Rice,DRR Dhan 58,Jharkhand,Jharkhand,Ranchi,State recommendation mapped to IMD districts
16,Rice,DRR Dhan 58,Jharkhand,Jharkhand,Sahebganj,State recommendation mapped to IMD districts
16,Rice,DRR Dhan 58,Jharkhand,Jharkhand,Saraikela,State recommendation mapped to IMD districts
16,Rice,DRR Dhan 58,Jharkhand,Jharkhand,Simdega,State recommendation mapped to IMD districts
16,Rice,DRR Dhan 58,Jharkhand,Jharkhand,West Singhbhum,State recommendation mapped to IMD districts
16,Rice,DRR Dhan 58,Bihar,Bihar,Arariya,State recommendation mapped to IMD districts
16,Rice,DRR Dhan 58,Bihar,Bihar,Arwal,State recommendation mapped to IMD districts
16,Rice,DRR Dhan 58,Bihar,Bihar,Aurangabad,State recommendation mapped to IMD districts
16,Rice,DRR Dhan 58,Bihar,Bihar,Banka,State recommendation mapped to IMD districts
16,Rice,DRR Dhan 58,Bihar,Bihar,Begusarai,State recommendation mapped to IMD districts
16,Rice,DRR Dhan 58,Bihar,Bihar,Bhabua,State recommendation mapped to IMD districts
16,Rice,DRR Dhan 58,Bihar,Bihar,Bhagalpur,State recommendation mapped to IMD districts
16,Rice,DRR Dhan 58,Bihar,Bihar,Bhojpur,State recommendation mapped to IMD districts
16,Rice,DRR Dhan 58,Bihar,Bihar,Buxar,State recommendation mapped to IMD districts
16,Rice,DRR Dhan 58,Bihar,Bihar,Drabhanga,State recommendation mapped to IMD districts
16,Rice,DRR Dhan 58,Bihar,Bihar,Gaya,State recommendation mapped to IMD districts
16,Rice,DRR Dhan 58,Bihar,Bihar,Gopalganj,State recommendation mapped to IMD districts
16,Rice,DRR Dhan 58,Bihar,Bihar,Jahanabad,State recommendation mapped to IMD districts
16,Rice,DRR Dhan 58,Bihar,Bihar,Jamui,State recommendation mapped to IMD districts
16,Rice,DRR Dhan 58,Bihar,Bihar,Katihar,State recommendation mapped to IMD districts
16,Rice,DRR Dhan 58,Bihar,Bihar,Khagaria,State recommendation mapped to IMD districts
16,Rice,DRR Dhan 58,Bihar,Bihar,Kishanganj,State recommendation mapped to IMD districts
16,Rice,DRR Dhan 58,Bihar,Bihar,Lakhisarai,State recommendation mapped to IMD districts
16,Rice,DRR Dhan 58,Bihar,Bihar,Madhepura,State recommendation mapped to IMD districts
16,Rice,DRR Dhan 58,Bihar,Bihar,Madubani,State recommendation mapped to IMD districts
16,Rice,DRR Dhan 58,Bihar,Bihar,Munger,State recommendation mapped to IMD districts
16,Rice,DRR Dhan 58,Bihar,Bihar,Muzaffarpur,State recommendation mapped to IMD districts
16,Rice,DRR Dhan 58,Bihar,Bihar,Nalanda,State recommendation mapped to IMD districts
16,Rice,DRR Dhan 58,Bihar,Bihar,Nawada,State recommendation mapped to IMD districts
16,Rice,DRR Dhan 58,Bihar,Bihar,Pachim Champaran,State recommendation mapped to IMD districts
16,Rice,DRR Dhan 58,Bihar,Bihar,Patna,State recommendation mapped to IMD districts
16,Rice,DRR Dhan 58,Bihar,Bihar,Purba Champaran,State recommendation mapped to IMD districts
16,Rice,DRR Dhan 58,Bihar,Bihar,Purnia,State recommendation mapped to IMD districts
16,Rice,DRR Dhan 58,Bihar,Bihar,Rohtas,State recommendation mapped to IMD districts
16,Rice,DRR Dhan 58,Bihar,Bihar,Saharsa,State recommendation mapped to IMD districts
16,Rice,DRR Dhan 58,Bihar,Bihar,Samastipur,State recommendation mapped to IMD districts
16,Rice,DRR Dhan 58,Bihar,Bihar,Saran,State recommendation mapped to IMD districts
16,Rice,DRR Dhan 58,Bihar,Bihar,Sheikhpura,State recommendation mapped to IMD districts
16,Rice,DRR Dhan 58,Bihar,Bihar,Sheohar,State recommendation mapped to IMD districts
16,Rice,DRR Dhan 58,Bihar,Bihar,Sitamarhi,State recommendation mapped to IMD districts
16,Rice,DRR Dhan 58,Bihar,Bihar,Siwan,State recommendation mapped to IMD districts
16,Rice,DRR Dhan 58,Bihar,Bihar,Supaul,State recommendation mapped to IMD districts
16,Rice,DRR Dhan 58,Bihar,Bihar,Vaishali,State recommendation mapped to IMD districts
16,Rice,DRR Dhan 58,Gujarat,Gujarat,Ahmadabad,State recommendation mapped to IMD districts
16,Rice,DRR Dhan 58,Gujarat,Gujarat,Amreli,State recommendation mapped to IMD districts
16,Rice,DRR Dhan 58,Gujarat,Gujarat,Anand,State recommendation mapped to IMD districts
16,Rice,DRR Dhan 58,Gujarat,Gujarat,Aravalli,State recommendation mapped to IMD districts
16,Rice,DRR Dhan 58,Gujarat,Gujarat,Banaskantha,State recommendation mapped to IMD districts
16,Rice,DRR Dhan 58,Gujarat,Gujarat,Bharuch,State recommendation mapped to IMD districts
16,Rice,DRR Dhan 58,Gujarat,Gujarat,Bhavnagar,State recommendation mapped to IMD districts
16,Rice,DRR Dhan 58,Gujarat,Gujarat,Botad,State recommendation mapped to IMD districts
16,Rice,DRR Dhan 58,Gujarat,Gujarat,Chhota Udepur,State recommendation mapped to IMD districts
16,Rice,DRR Dhan 58,Gujarat,Gujarat,Dahod,State recommendation mapped to IMD districts
16,Rice,DRR Dhan 58,Gujarat,Gujarat,Dangs,State recommendation mapped to IMD districts
16,Rice,DRR Dhan 58,Gujarat,Gujarat,Devbhoomi Dwarka,State recommendation mapped to IMD districts
16,Rice,DRR Dhan 58,Gujarat,Gujarat,Gandhinagar,State recommendation mapped to IMD districts
16,Rice,DRR Dhan 58,Gujarat,Gujarat,Gir Somnath,State recommendation mapped to IMD districts
16,Rice,DRR Dhan 58,Gujarat,Gujarat,Jamnagar,State recommendation mapped to IMD districts
16,Rice,DRR Dhan 58,Gujarat,Gujarat,Junagarh,State recommendation mapped to IMD districts
16,Rice,DRR Dhan 58,Gujarat,Gujarat,Kachchh,State recommendation mapped to IMD districts
16,Rice,DRR Dhan 58,Gujarat,Gujarat,Khera,State recommendation mapped to IMD districts
16,Rice,DRR Dhan 58,Gujarat,Gujarat,Mahesana,State recommendation mapped to IMD districts
16,Rice,DRR Dhan 58,Gujarat,Gujarat,Mahisagar,State recommendation mapped to IMD districts
16,Rice,DRR Dhan 58,Gujarat,Gujarat,Morbi,State recommendation mapped to IMD districts
16,Rice,DRR Dhan 58,Gujarat,Gujarat,Narmada,State recommendation mapped to IMD districts
16,Rice,DRR Dhan 58,Gujarat,Gujarat,Navsari,State recommendation mapped to IMD districts
16,Rice,DRR Dhan 58,Gujarat,Gujarat,Panchmahal,State recommendation mapped to IMD districts
16,Rice,DRR Dhan 58,Gujarat,Gujarat,Patan,State recommendation mapped to IMD districts
16,Rice,DRR Dhan 58,Gujarat,Gujarat,Porbandar,State recommendation mapped to IMD districts
16,Rice,DRR Dhan 58,Gujarat,Gujarat,Rajkot,State recommendation mapped to IMD districts
16,Rice,DRR Dhan 58,Gujarat,Gujarat,Sabar Kantha,State recommendation mapped to IMD districts
16,Rice,DRR Dhan 58,Gujarat,Gujarat,Surat,State recommendation mapped to IMD districts
16,Rice,DRR Dhan 58,Gujarat,Gujarat,Surendranagar,State recommendation mapped to IMD districts
16,Rice,DRR Dhan 58,Gujarat,Gujarat,Tapi,State recommendation mapped to IMD districts
16,Rice,DRR Dhan 58,Gujarat,Gujarat,Vadodara,State recommendation mapped to IMD districts
16,Rice,DRR Dhan 58,Gujarat,Gujarat,Valsad,State recommendation mapped to IMD districts
16,Rice,DRR Dhan 58,Maharashtra,Maharashtra,Ahmadnagar,State recommendation mapped to IMD districts
16,Rice,DRR Dhan 58,Maharashtra,Maharashtra,Akola,State recommendation mapped to IMD districts
16,Rice,DRR Dhan 58,Maharashtra,Maharashtra,Amaravati,State recommendation mapped to IMD districts
16,Rice,DRR Dhan 58,Maharashtra,Maharashtra,Bhandara,State recommendation mapped to IMD districts
16,Rice,DRR Dhan 58,Maharashtra,Maharashtra,Bid,State recommendation mapped to IMD districts
16,Rice,DRR Dhan 58,Maharashtra,Maharashtra,Buldhana,State recommendation mapped to IMD districts
16,Rice,DRR Dhan 58,Maharashtra,Maharashtra,Chandrapur,State recommendation mapped to IMD districts
16,Rice,DRR Dhan 58,Maharashtra,Maharashtra,Chhatrapati Sambhajinagar,State recommendation mapped to IMD districts
16,Rice,DRR Dhan 58,Maharashtra,Maharashtra,Dharashiv,State recommendation mapped to IMD districts
16,Rice,DRR Dhan 58,Maharashtra,Maharashtra,Dhule,State recommendation mapped to IMD districts
16,Rice,DRR Dhan 58,Maharashtra,Maharashtra,Gadchiroli,State recommendation mapped to IMD districts
16,Rice,DRR Dhan 58,Maharashtra,Maharashtra,Gondiya,State recommendation mapped to IMD districts
16,Rice,DRR Dhan 58,Maharashtra,Maharashtra,Hingoli,State recommendation mapped to IMD districts
16,Rice,DRR Dhan 58,Maharashtra,Maharashtra,Jalgaon,State recommendation mapped to IMD districts
16,Rice,DRR Dhan 58,Maharashtra,Maharashtra,Jalna,State recommendation mapped to IMD districts
16,Rice,DRR Dhan 58,Maharashtra,Maharashtra,Kolhapur,State recommendation mapped to IMD districts
16,Rice,DRR Dhan 58,Maharashtra,Maharashtra,Latur,State recommendation mapped to IMD districts
16,Rice,DRR Dhan 58,Maharashtra,Maharashtra,Mumbai City,State recommendation mapped to IMD districts
16,Rice,DRR Dhan 58,Maharashtra,Maharashtra,Nagpur,State recommendation mapped to IMD districts
16,Rice,DRR Dhan 58,Maharashtra,Maharashtra,Nanded,State recommendation mapped to IMD districts
16,Rice,DRR Dhan 58,Maharashtra,Maharashtra,Nandurbar,State recommendation mapped to IMD districts
16,Rice,DRR Dhan 58,Maharashtra,Maharashtra,Nasik,State recommendation mapped to IMD districts
16,Rice,DRR Dhan 58,Maharashtra,Maharashtra,Palghar,State recommendation mapped to IMD districts
16,Rice,DRR Dhan 58,Maharashtra,Maharashtra,Parbhani,State recommendation mapped to IMD districts
16,Rice,DRR Dhan 58,Maharashtra,Maharashtra,Pune,State recommendation mapped to IMD districts
16,Rice,DRR Dhan 58,Maharashtra,Maharashtra,Raigad,State recommendation mapped to IMD districts
16,Rice,DRR Dhan 58,Maharashtra,Maharashtra,Ratnagiri,State recommendation mapped to IMD districts
16,Rice,DRR Dhan 58,Maharashtra,Maharashtra,Sangli,State recommendation mapped to IMD districts
16,Rice,DRR Dhan 58,Maharashtra,Maharashtra,Satara,State recommendation mapped to IMD districts
16,Rice,DRR Dhan 58,Maharashtra,Maharashtra,Sindhudurg,State recommendation mapped to IMD districts
16,Rice,DRR Dhan 58,Maharashtra,Maharashtra,Solapur,State recommendation mapped to IMD districts
16,Rice,DRR Dhan 58,Maharashtra,Maharashtra,Suburban Mumbai,State recommendation mapped to IMD districts
16,Rice,DRR Dhan 58,Maharashtra,Maharashtra,Thane,State recommendation mapped to IMD districts
16,Rice,DRR Dhan 58,Maharashtra,Maharashtra,Wardha,State recommendation mapped to IMD districts
16,Rice,DRR Dhan 58,Maharashtra,Maharashtra,Washim,State recommendation mapped to IMD districts
16,Rice,DRR Dhan 58,Maharashtra,Maharashtra,Yavatmal,State recommendation mapped to IMD districts
17,Wheat,PBW 723 (Unnat PBW 343),Punjab,Punjab,Amritsar,State recommendation mapped to IMD districts
17,Wheat,PBW 723 (Unnat PBW 343),Punjab,Punjab,Barnala,State recommendation mapped to IMD districts
17,Wheat,PBW 723 (Unnat PBW 343),Punjab,Punjab,Bathinda,State recommendation mapped to IMD districts
17,Wheat,PBW 723 (Unnat PBW 343),Punjab,Punjab,Faridkot,State recommendation mapped to IMD districts
17,Wheat,PBW 723 (Unnat PBW 343),Punjab,Punjab,Fatehgarh Sahib,State recommendation mapped to IMD districts
17,Wheat,PBW 723 (Unnat PBW 343),Punjab,Punjab,Fazilka,State recommendation mapped to IMD districts
17,Wheat,PBW 723 (Unnat PBW 343),Punjab,Punjab,Firozpur,State recommendation mapped to IMD districts
17,Wheat,PBW 723 (Unnat PBW 343),Punjab,Punjab,Gurdaspur,State recommendation mapped to IMD districts
17,Wheat,PBW 723 (Unnat PBW 343),Punjab,Punjab,Hoshiarpur,State recommendation mapped to IMD districts
17,Wheat,PBW 723 (Unnat PBW 343),Punjab,Punjab,Jalandhar,State recommendation mapped to IMD districts
17,Wheat,PBW 723 (Unnat PBW 343),Punjab,Punjab,Kapurthala,State recommendation mapped to IMD districts
17,Wheat,PBW 723 (Unnat PBW 343),Punjab,Punjab,Ludhiana,State recommendation mapped to IMD districts
17,Wheat,PBW 723 (Unnat PBW 343),Punjab,Punjab,Mansa,State recommendation mapped to IMD districts
17,Wheat,PBW 723 (Unnat PBW 343),Punjab,Punjab,Moga,State recommendation mapped to IMD districts
17,Wheat,PBW 723 (Unnat PBW 343),Punjab,Punjab,Muktsar,State recommendation mapped to IMD districts
17,Wheat,PBW 723 (Unnat PBW 343),Punjab,Punjab,Pathankot,State recommendation mapped to IMD districts
17,Wheat,PBW 723 (Unnat PBW 343),Punjab,Punjab,Patiala,State recommendation mapped to IMD districts
17,Wheat,PBW 723 (Unnat PBW 343),Punjab,Punjab,Rupnagar,State recommendation mapped to IMD districts
17,Wheat,PBW 723 (Unnat PBW 343),Punjab,Punjab,Sangrur,State recommendation mapped to IMD districts
17,Wheat,PBW 723 (Unnat PBW 343),Punjab,Punjab,Sas Nagar,State recommendation mapped to IMD districts
17,Wheat,PBW 723 (Unnat PBW 343),Punjab,Punjab,Sbs Nagar,State recommendation mapped to IMD districts
17,Wheat,PBW 723 (Unnat PBW 343),Punjab,Punjab,Tarn Taran,State recommendation mapped to IMD districts
17,Wheat,PBW 723 (Unnat PBW 343),Haryana,Haryana,Ambala,State recommendation mapped to IMD districts
17,Wheat,PBW 723 (Unnat PBW 343),Haryana,Haryana,Bhiwani,State recommendation mapped to IMD districts
17,Wheat,PBW 723 (Unnat PBW 343),Haryana,Haryana,Charkhi Dadri,State recommendation mapped to IMD districts
17,Wheat,PBW 723 (Unnat PBW 343),Haryana,Haryana,Faridabad,State recommendation mapped to IMD districts
17,Wheat,PBW 723 (Unnat PBW 343),Haryana,Haryana,Fatehabad,State recommendation mapped to IMD districts
17,Wheat,PBW 723 (Unnat PBW 343),Haryana,Haryana,Gurgaon,State recommendation mapped to IMD districts
17,Wheat,PBW 723 (Unnat PBW 343),Haryana,Haryana,Hisar,State recommendation mapped to IMD districts
17,Wheat,PBW 723 (Unnat PBW 343),Haryana,Haryana,Jhajjar,State recommendation mapped to IMD districts
17,Wheat,PBW 723 (Unnat PBW 343),Haryana,Haryana,Jind,State recommendation mapped to IMD districts
17,Wheat,PBW 723 (Unnat PBW 343),Haryana,Haryana,Kaithal,State recommendation mapped to IMD districts
17,Wheat,PBW 723 (Unnat PBW 343),Haryana,Haryana,Karnal,State recommendation mapped to IMD districts
17,Wheat,PBW 723 (Unnat PBW 343),Haryana,Haryana,Kurukshetra,State recommendation mapped to IMD districts
17,Wheat,PBW 723 (Unnat PBW 343),Haryana,Haryana,Mahendragarh,State recommendation mapped to IMD districts
17,Wheat,PBW 723 (Unnat PBW 343),Haryana,Haryana,Nuh,State recommendation mapped to IMD districts
17,Wheat,PBW 723 (Unnat PBW 343),Haryana,Haryana,Palwal,State recommendation mapped to IMD districts
17,Wheat,PBW 723 (Unnat PBW 343),Haryana,Haryana,Panchkula,State recommendation mapped to IMD districts
17,Wheat,PBW 723 (Unnat PBW 343),Haryana,Haryana,Panipat,State recommendation mapped to IMD districts
17,Wheat,PBW 723 (Unnat PBW 343),Haryana,Haryana,Rewari,State recommendation mapped to IMD districts
17,Wheat,PBW 723 (Unnat PBW 343),Haryana,Haryana,Rohtak,State recommendation mapped to IMD districts
17,Wheat,PBW 723 (Unnat PBW 343),Haryana,Haryana,Sirsa,State recommendation mapped to IMD districts
17,Wheat,PBW 723 (Unnat PBW 343),Haryana,Haryana,Sonipat,State recommendation mapped to IMD districts
17,Wheat,PBW 723 (Unnat PBW 343),Haryana,Haryana,Yamunanagar,State recommendation mapped to IMD districts
17,Wheat,PBW 723 (Unnat PBW 343),Delhi,Nct Of Delhi,Central Delhi,State recommendation mapped to IMD districts
17,Wheat,PBW 723 (Unnat PBW 343),Delhi,Nct Of Delhi,East Delhi,State recommendation mapped to IMD districts
17,Wheat,PBW 723 (Unnat PBW 343),Delhi,Nct Of Delhi,New Delhi,State recommendation mapped to IMD districts
17,Wheat,PBW 723 (Unnat PBW 343),Delhi,Nct Of Delhi,North Delhi,State recommendation mapped to IMD districts
17,Wheat,PBW 723 (Unnat PBW 343),Delhi,Nct Of Delhi,North East Delhi,State recommendation mapped to IMD districts
17,Wheat,PBW 723 (Unnat PBW 343),Delhi,Nct Of Delhi,North West Delhi,State recommendation mapped to IMD districts
17,Wheat,PBW 723 (Unnat PBW 343),Delhi,Nct Of Delhi,South Delhi,State recommendation mapped to IMD districts
17,Wheat,PBW 723 (Unnat PBW 343),Delhi,Nct Of Delhi,South East Delhi,State recommendation mapped to IMD districts
17,Wheat,PBW 723 (Unnat PBW 343),Delhi,Nct Of Delhi,South West Delhi,State recommendation mapped to IMD districts
17,Wheat,PBW 723 (Unnat PBW 343),Delhi,Nct Of Delhi,West Delhi,State recommendation mapped to IMD districts
17,Wheat,PBW 723 (Unnat PBW 343),Rajasthan,Rajasthan,Ajmer,State recommendation mapped to IMD districts
17,Wheat,PBW 723 (Unnat PBW 343),Rajasthan,Rajasthan,Alwar,State recommendation mapped to IMD districts
17,Wheat,PBW 723 (Unnat PBW 343),Rajasthan,Rajasthan,Banswara,State recommendation mapped to IMD districts
17,Wheat,PBW 723 (Unnat PBW 343),Rajasthan,Rajasthan,Baran,State recommendation mapped to IMD districts
17,Wheat,PBW 723 (Unnat PBW 343),Rajasthan,Rajasthan,Barmer,State recommendation mapped to IMD districts
17,Wheat,PBW 723 (Unnat PBW 343),Rajasthan,Rajasthan,Bharatpur,State recommendation mapped to IMD districts
17,Wheat,PBW 723 (Unnat PBW 343),Rajasthan,Rajasthan,Bhilwara,State recommendation mapped to IMD districts
17,Wheat,PBW 723 (Unnat PBW 343),Rajasthan,Rajasthan,Bikaner,State recommendation mapped to IMD districts
17,Wheat,PBW 723 (Unnat PBW 343),Rajasthan,Rajasthan,Bundi,State recommendation mapped to IMD districts
17,Wheat,PBW 723 (Unnat PBW 343),Rajasthan,Rajasthan,Chittaurgarh,State recommendation mapped to IMD districts
17,Wheat,PBW 723 (Unnat PBW 343),Rajasthan,Rajasthan,Churu,State recommendation mapped to IMD districts
17,Wheat,PBW 723 (Unnat PBW 343),Rajasthan,Rajasthan,Dausa,State recommendation mapped to IMD districts
17,Wheat,PBW 723 (Unnat PBW 343),Rajasthan,Rajasthan,Dholpur,State recommendation mapped to IMD districts
17,Wheat,PBW 723 (Unnat PBW 343),Rajasthan,Rajasthan,Dungarpur,State recommendation mapped to IMD districts
17,Wheat,PBW 723 (Unnat PBW 343),Rajasthan,Rajasthan,Ganganagar,State recommendation mapped to IMD districts
17,Wheat,PBW 723 (Unnat PBW 343),Rajasthan,Rajasthan,Hanumangarh,State recommendation mapped to IMD districts
17,Wheat,PBW 723 (Unnat PBW 343),Rajasthan,Rajasthan,Jaipur,State recommendation mapped to IMD districts
17,Wheat,PBW 723 (Unnat PBW 343),Rajasthan,Rajasthan,Jaiselmer,State recommendation mapped to IMD districts
17,Wheat,PBW 723 (Unnat PBW 343),Rajasthan,Rajasthan,Jalor,State recommendation mapped to IMD districts
17,Wheat,PBW 723 (Unnat PBW 343),Rajasthan,Rajasthan,Jhalawar,State recommendation mapped to IMD districts
17,Wheat,PBW 723 (Unnat PBW 343),Rajasthan,Rajasthan,Jhunjhunun,State recommendation mapped to IMD districts
17,Wheat,PBW 723 (Unnat PBW 343),Rajasthan,Rajasthan,Jodhpur,State recommendation mapped to IMD districts
17,Wheat,PBW 723 (Unnat PBW 343),Rajasthan,Rajasthan,Karauli,State recommendation mapped to IMD districts
17,Wheat,PBW 723 (Unnat PBW 343),Rajasthan,Rajasthan,Kota,State recommendation mapped to IMD districts
17,Wheat,PBW 723 (Unnat PBW 343),Rajasthan,Rajasthan,Nagaur,State recommendation mapped to IMD districts
17,Wheat,PBW 723 (Unnat PBW 343),Rajasthan,Rajasthan,Pali,State recommendation mapped to IMD districts
17,Wheat,PBW 723 (Unnat PBW 343),Rajasthan,Rajasthan,Prataapgarh,State recommendation mapped to IMD districts
17,Wheat,PBW 723 (Unnat PBW 343),Rajasthan,Rajasthan,Rajsmand,State recommendation mapped to IMD districts
17,Wheat,PBW 723 (Unnat PBW 343),Rajasthan,Rajasthan,Sikar,State recommendation mapped to IMD districts
17,Wheat,PBW 723 (Unnat PBW 343),Rajasthan,Rajasthan,Sirohi,State recommendation mapped to IMD districts
17,Wheat,PBW 723 (Unnat PBW 343),Rajasthan,Rajasthan,Swaimadhopur,State recommendation mapped to IMD districts
17,Wheat,PBW 723 (Unnat PBW 343),Rajasthan,Rajasthan,Tonk,State recommendation mapped to IMD districts
17,Wheat,PBW 723 (Unnat PBW 343),Rajasthan,Rajasthan,Udaipur,State recommendation mapped to IMD districts
17,Wheat,PBW 723 (Unnat PBW 343),Western Uttar Pradesh,,,Recommended state not found in IMD file
17,Wheat,PBW 723 (Unnat PBW 343),Jammu & Kashmir,Jammu And Kashmir,Anantnag,State recommendation mapped to IMD districts
17,Wheat,PBW 723 (Unnat PBW 343),Jammu & Kashmir,Jammu And Kashmir,Badgam,State recommendation mapped to IMD districts
17,Wheat,PBW 723 (Unnat PBW 343),Jammu & Kashmir,Jammu And Kashmir,Bandipore,State recommendation mapped to IMD districts
17,Wheat,PBW 723 (Unnat PBW 343),Jammu & Kashmir,Jammu And Kashmir,Baramula,State recommendation mapped to IMD districts
17,Wheat,PBW 723 (Unnat PBW 343),Jammu & Kashmir,Jammu And Kashmir,Doda,State recommendation mapped to IMD districts
17,Wheat,PBW 723 (Unnat PBW 343),Jammu & Kashmir,Jammu And Kashmir,Ganderwal,State recommendation mapped to IMD districts
17,Wheat,PBW 723 (Unnat PBW 343),Jammu & Kashmir,Jammu And Kashmir,Jammu,State recommendation mapped to IMD districts
17,Wheat,PBW 723 (Unnat PBW 343),Jammu & Kashmir,Jammu And Kashmir,Kathua,State recommendation mapped to IMD districts
17,Wheat,PBW 723 (Unnat PBW 343),Jammu & Kashmir,Jammu And Kashmir,Kistwar,State recommendation mapped to IMD districts
17,Wheat,PBW 723 (Unnat PBW 343),Jammu & Kashmir,Jammu And Kashmir,Kulgam,State recommendation mapped to IMD districts
17,Wheat,PBW 723 (Unnat PBW 343),Jammu & Kashmir,Jammu And Kashmir,Kupwara,State recommendation mapped to IMD districts
17,Wheat,PBW 723 (Unnat PBW 343),Jammu & Kashmir,Jammu And Kashmir,Pulwama,State recommendation mapped to IMD districts
17,Wheat,PBW 723 (Unnat PBW 343),Jammu & Kashmir,Jammu And Kashmir,Punch,State recommendation mapped to IMD districts
17,Wheat,PBW 723 (Unnat PBW 343),Jammu & Kashmir,Jammu And Kashmir,Rajouri,State recommendation mapped to IMD districts
17,Wheat,PBW 723 (Unnat PBW 343),Jammu & Kashmir,Jammu And Kashmir,Ramban,State recommendation mapped to IMD districts
17,Wheat,PBW 723 (Unnat PBW 343),Jammu & Kashmir,Jammu And Kashmir,Riasi,State recommendation mapped to IMD districts
17,Wheat,PBW 723 (Unnat PBW 343),Jammu & Kashmir,Jammu And Kashmir,Samba,State recommendation mapped to IMD districts
17,Wheat,PBW 723 (Unnat PBW 343),Jammu & Kashmir,Jammu And Kashmir,Shopian,State recommendation mapped to IMD districts
17,Wheat,PBW 723 (Unnat PBW 343),Jammu & Kashmir,Jammu And Kashmir,Srinagar,State recommendation mapped to IMD districts
17,Wheat,PBW 723 (Unnat PBW 343),Jammu & Kashmir,Jammu And Kashmir,Udhampur,State recommendation mapped to IMD districts
17,Wheat,PBW 723 (Unnat PBW 343),Himachal Pradesh,Himachal Pradesh,Bilaaspur,State recommendation mapped to IMD districts
17,Wheat,PBW 723 (Unnat PBW 343),Himachal Pradesh,Himachal Pradesh,Chamba,State recommendation mapped to IMD districts
17,Wheat,PBW 723 (Unnat PBW 343),Himachal Pradesh,Himachal Pradesh,Hamirpurr,State recommendation mapped to IMD districts
17,Wheat,PBW 723 (Unnat PBW 343),Himachal Pradesh,Himachal Pradesh,Kangra,State recommendation mapped to IMD districts
17,Wheat,PBW 723 (Unnat PBW 343),Himachal Pradesh,Himachal Pradesh,Kinnaur,State recommendation mapped to IMD districts
17,Wheat,PBW 723 (Unnat PBW 343),Himachal Pradesh,Himachal Pradesh,Kullu,State recommendation mapped to IMD districts
17,Wheat,PBW 723 (Unnat PBW 343),Himachal Pradesh,Himachal Pradesh,Lahul&Spiti,State recommendation mapped to IMD districts
17,Wheat,PBW 723 (Unnat PBW 343),Himachal Pradesh,Himachal Pradesh,Mandi,State recommendation mapped to IMD districts
17,Wheat,PBW 723 (Unnat PBW 343),Himachal Pradesh,Himachal Pradesh,Shimla,State recommendation mapped to IMD districts
17,Wheat,PBW 723 (Unnat PBW 343),Himachal Pradesh,Himachal Pradesh,Sirmaur,State recommendation mapped to IMD districts
17,Wheat,PBW 723 (Unnat PBW 343),Himachal Pradesh,Himachal Pradesh,Solan,State recommendation mapped to IMD districts
17,Wheat,PBW 723 (Unnat PBW 343),Himachal Pradesh,Himachal Pradesh,Una,State recommendation mapped to IMD districts
17,Wheat,PBW 723 (Unnat PBW 343),Uttarakhand,Uttarakhand,Almora,State recommendation mapped to IMD districts
17,Wheat,PBW 723 (Unnat PBW 343),Uttarakhand,Uttarakhand,Bageshwar,State recommendation mapped to IMD districts
17,Wheat,PBW 723 (Unnat PBW 343),Uttarakhand,Uttarakhand,Chamoli,State recommendation mapped to IMD districts
17,Wheat,PBW 723 (Unnat PBW 343),Uttarakhand,Uttarakhand,Champawat,State recommendation mapped to IMD districts
17,Wheat,PBW 723 (Unnat PBW 343),Uttarakhand,Uttarakhand,Dehradun,State recommendation mapped to IMD districts
17,Wheat,PBW 723 (Unnat PBW 343),Uttarakhand,Uttarakhand,Haridwar,State recommendation mapped to IMD districts
17,Wheat,PBW 723 (Unnat PBW 343),Uttarakhand,Uttarakhand,Nanital,State recommendation mapped to IMD districts
17,Wheat,PBW 723 (Unnat PBW 343),Uttarakhand,Uttarakhand,Pauri Garhwal,State recommendation mapped to IMD districts
17,Wheat,PBW 723 (Unnat PBW 343),Uttarakhand,Uttarakhand,Pithoragarh,State recommendation mapped to IMD districts
17,Wheat,PBW 723 (Unnat PBW 343),Uttarakhand,Uttarakhand,Rudraprayag,State recommendation mapped to IMD districts
17,Wheat,PBW 723 (Unnat PBW 343),Uttarakhand,Uttarakhand,Tehri Garwal,State recommendation mapped to IMD districts
17,Wheat,PBW 723 (Unnat PBW 343),Uttarakhand,Uttarakhand,Udham Singh Nagar,State recommendation mapped to IMD districts
17,Wheat,PBW 723 (Unnat PBW 343),Uttarakhand,Uttarakhand,Uttarkashi,State recommendation mapped to IMD districts
18,Wheat,PBW 771,Punjab,Punjab,Amritsar,State recommendation mapped to IMD districts
18,Wheat,PBW 771,Punjab,Punjab,Barnala,State recommendation mapped to IMD districts
18,Wheat,PBW 771,Punjab,Punjab,Bathinda,State recommendation mapped to IMD districts
18,Wheat,PBW 771,Punjab,Punjab,Faridkot,State recommendation mapped to IMD districts
18,Wheat,PBW 771,Punjab,Punjab,Fatehgarh Sahib,State recommendation mapped to IMD districts
18,Wheat,PBW 771,Punjab,Punjab,Fazilka,State recommendation mapped to IMD districts
18,Wheat,PBW 771,Punjab,Punjab,Firozpur,State recommendation mapped to IMD districts
18,Wheat,PBW 771,Punjab,Punjab,Gurdaspur,State recommendation mapped to IMD districts
18,Wheat,PBW 771,Punjab,Punjab,Hoshiarpur,State recommendation mapped to IMD districts
18,Wheat,PBW 771,Punjab,Punjab,Jalandhar,State recommendation mapped to IMD districts
18,Wheat,PBW 771,Punjab,Punjab,Kapurthala,State recommendation mapped to IMD districts
18,Wheat,PBW 771,Punjab,Punjab,Ludhiana,State recommendation mapped to IMD districts
18,Wheat,PBW 771,Punjab,Punjab,Mansa,State recommendation mapped to IMD districts
18,Wheat,PBW 771,Punjab,Punjab,Moga,State recommendation mapped to IMD districts
18,Wheat,PBW 771,Punjab,Punjab,Muktsar,State recommendation mapped to IMD districts
18,Wheat,PBW 771,Punjab,Punjab,Pathankot,State recommendation mapped to IMD districts
18,Wheat,PBW 771,Punjab,Punjab,Patiala,State recommendation mapped to IMD districts
18,Wheat,PBW 771,Punjab,Punjab,Rupnagar,State recommendation mapped to IMD districts
18,Wheat,PBW 771,Punjab,Punjab,Sangrur,State recommendation mapped to IMD districts
18,Wheat,PBW 771,Punjab,Punjab,Sas Nagar,State recommendation mapped to IMD districts
18,Wheat,PBW 771,Punjab,Punjab,Sbs Nagar,State recommendation mapped to IMD districts
18,Wheat,PBW 771,Punjab,Punjab,Tarn Taran,State recommendation mapped to IMD districts
18,Wheat,PBW 771,Haryana,Haryana,Ambala,State recommendation mapped to IMD districts
18,Wheat,PBW 771,Haryana,Haryana,Bhiwani,State recommendation mapped to IMD districts
18,Wheat,PBW 771,Haryana,Haryana,Charkhi Dadri,State recommendation mapped to IMD districts
18,Wheat,PBW 771,Haryana,Haryana,Faridabad,State recommendation mapped to IMD districts
18,Wheat,PBW 771,Haryana,Haryana,Fatehabad,State recommendation mapped to IMD districts
18,Wheat,PBW 771,Haryana,Haryana,Gurgaon,State recommendation mapped to IMD districts
18,Wheat,PBW 771,Haryana,Haryana,Hisar,State recommendation mapped to IMD districts
18,Wheat,PBW 771,Haryana,Haryana,Jhajjar,State recommendation mapped to IMD districts
18,Wheat,PBW 771,Haryana,Haryana,Jind,State recommendation mapped to IMD districts
18,Wheat,PBW 771,Haryana,Haryana,Kaithal,State recommendation mapped to IMD districts
18,Wheat,PBW 771,Haryana,Haryana,Karnal,State recommendation mapped to IMD districts
18,Wheat,PBW 771,Haryana,Haryana,Kurukshetra,State recommendation mapped to IMD districts
18,Wheat,PBW 771,Haryana,Haryana,Mahendragarh,State recommendation mapped to IMD districts
18,Wheat,PBW 771,Haryana,Haryana,Nuh,State recommendation mapped to IMD districts
18,Wheat,PBW 771,Haryana,Haryana,Palwal,State recommendation mapped to IMD districts
18,Wheat,PBW 771,Haryana,Haryana,Panchkula,State recommendation mapped to IMD districts
18,Wheat,PBW 771,Haryana,Haryana,Panipat,State recommendation mapped to IMD districts
18,Wheat,PBW 771,Haryana,Haryana,Rewari,State recommendation mapped to IMD districts
18,Wheat,PBW 771,Haryana,Haryana,Rohtak,State recommendation mapped to IMD districts
18,Wheat,PBW 771,Haryana,Haryana,Sirsa,State recommendation mapped to IMD districts
18,Wheat,PBW 771,Haryana,Haryana,Sonipat,State recommendation mapped to IMD districts
18,Wheat,PBW 771,Haryana,Haryana,Yamunanagar,State recommendation mapped to IMD districts
18,Wheat,PBW 771,Delhi,Nct Of Delhi,Central Delhi,State recommendation mapped to IMD districts
18,Wheat,PBW 771,Delhi,Nct Of Delhi,East Delhi,State recommendation mapped to IMD districts
18,Wheat,PBW 771,Delhi,Nct Of Delhi,New Delhi,State recommendation mapped to IMD districts
18,Wheat,PBW 771,Delhi,Nct Of Delhi,North Delhi,State recommendation mapped to IMD districts
18,Wheat,PBW 771,Delhi,Nct Of Delhi,North East Delhi,State recommendation mapped to IMD districts
18,Wheat,PBW 771,Delhi,Nct Of Delhi,North West Delhi,State recommendation mapped to IMD districts
18,Wheat,PBW 771,Delhi,Nct Of Delhi,South Delhi,State recommendation mapped to IMD districts
18,Wheat,PBW 771,Delhi,Nct Of Delhi,South East Delhi,State recommendation mapped to IMD districts
18,Wheat,PBW 771,Delhi,Nct Of Delhi,South West Delhi,State recommendation mapped to IMD districts
18,Wheat,PBW 771,Delhi,Nct Of Delhi,West Delhi,State recommendation mapped to IMD districts
18,Wheat,PBW 771,Rajasthan,Rajasthan,Ajmer,State recommendation mapped to IMD districts
18,Wheat,PBW 771,Rajasthan,Rajasthan,Alwar,State recommendation mapped to IMD districts
18,Wheat,PBW 771,Rajasthan,Rajasthan,Banswara,State recommendation mapped to IMD districts
18,Wheat,PBW 771,Rajasthan,Rajasthan,Baran,State recommendation mapped to IMD districts
18,Wheat,PBW 771,Rajasthan,Rajasthan,Barmer,State recommendation mapped to IMD districts
18,Wheat,PBW 771,Rajasthan,Rajasthan,Bharatpur,State recommendation mapped to IMD districts
18,Wheat,PBW 771,Rajasthan,Rajasthan,Bhilwara,State recommendation mapped to IMD districts
18,Wheat,PBW 771,Rajasthan,Rajasthan,Bikaner,State recommendation mapped to IMD districts
18,Wheat,PBW 771,Rajasthan,Rajasthan,Bundi,State recommendation mapped to IMD districts
18,Wheat,PBW 771,Rajasthan,Rajasthan,Chittaurgarh,State recommendation mapped to IMD districts
18,Wheat,PBW 771,Rajasthan,Rajasthan,Churu,State recommendation mapped to IMD districts
18,Wheat,PBW 771,Rajasthan,Rajasthan,Dausa,State recommendation mapped to IMD districts
18,Wheat,PBW 771,Rajasthan,Rajasthan,Dholpur,State recommendation mapped to IMD districts
18,Wheat,PBW 771,Rajasthan,Rajasthan,Dungarpur,State recommendation mapped to IMD districts
18,Wheat,PBW 771,Rajasthan,Rajasthan,Ganganagar,State recommendation mapped to IMD districts
18,Wheat,PBW 771,Rajasthan,Rajasthan,Hanumangarh,State recommendation mapped to IMD districts
18,Wheat,PBW 771,Rajasthan,Rajasthan,Jaipur,State recommendation mapped to IMD districts
18,Wheat,PBW 771,Rajasthan,Rajasthan,Jaiselmer,State recommendation mapped to IMD districts
18,Wheat,PBW 771,Rajasthan,Rajasthan,Jalor,State recommendation mapped to IMD districts
18,Wheat,PBW 771,Rajasthan,Rajasthan,Jhalawar,State recommendation mapped to IMD districts
18,Wheat,PBW 771,Rajasthan,Rajasthan,Jhunjhunun,State recommendation mapped to IMD districts
18,Wheat,PBW 771,Rajasthan,Rajasthan,Jodhpur,State recommendation mapped to IMD districts
18,Wheat,PBW 771,Rajasthan,Rajasthan,Karauli,State recommendation mapped to IMD districts
18,Wheat,PBW 771,Rajasthan,Rajasthan,Kota,State recommendation mapped to IMD districts
18,Wheat,PBW 771,Rajasthan,Rajasthan,Nagaur,State recommendation mapped to IMD districts
18,Wheat,PBW 771,Rajasthan,Rajasthan,Pali,State recommendation mapped to IMD districts
18,Wheat,PBW 771,Rajasthan,Rajasthan,Prataapgarh,State recommendation mapped to IMD districts
18,Wheat,PBW 771,Rajasthan,Rajasthan,Rajsmand,State recommendation mapped to IMD districts
18,Wheat,PBW 771,Rajasthan,Rajasthan,Sikar,State recommendation mapped to IMD districts
18,Wheat,PBW 771,Rajasthan,Rajasthan,Sirohi,State recommendation mapped to IMD districts
18,Wheat,PBW 771,Rajasthan,Rajasthan,Swaimadhopur,State recommendation mapped to IMD districts
18,Wheat,PBW 771,Rajasthan,Rajasthan,Tonk,State recommendation mapped to IMD districts
18,Wheat,PBW 771,Rajasthan,Rajasthan,Udaipur,State recommendation mapped to IMD districts
18,Wheat,PBW 771,Western Uttar Pradesh,,,Recommended state not found in IMD file
18,Wheat,PBW 771,Jammu & Kashmir,Jammu And Kashmir,Anantnag,State recommendation mapped to IMD districts
18,Wheat,PBW 771,Jammu & Kashmir,Jammu And Kashmir,Badgam,State recommendation mapped to IMD districts
18,Wheat,PBW 771,Jammu & Kashmir,Jammu And Kashmir,Bandipore,State recommendation mapped to IMD districts
18,Wheat,PBW 771,Jammu & Kashmir,Jammu And Kashmir,Baramula,State recommendation mapped to IMD districts
18,Wheat,PBW 771,Jammu & Kashmir,Jammu And Kashmir,Doda,State recommendation mapped to IMD districts
18,Wheat,PBW 771,Jammu & Kashmir,Jammu And Kashmir,Ganderwal,State recommendation mapped to IMD districts
18,Wheat,PBW 771,Jammu & Kashmir,Jammu And Kashmir,Jammu,State recommendation mapped to IMD districts
18,Wheat,PBW 771,Jammu & Kashmir,Jammu And Kashmir,Kathua,State recommendation mapped to IMD districts
18,Wheat,PBW 771,Jammu & Kashmir,Jammu And Kashmir,Kistwar,State recommendation mapped to IMD districts
18,Wheat,PBW 771,Jammu & Kashmir,Jammu And Kashmir,Kulgam,State recommendation mapped to IMD districts
18,Wheat,PBW 771,Jammu & Kashmir,Jammu And Kashmir,Kupwara,State recommendation mapped to IMD districts
18,Wheat,PBW 771,Jammu & Kashmir,Jammu And Kashmir,Pulwama,State recommendation mapped to IMD districts
18,Wheat,PBW 771,Jammu & Kashmir,Jammu And Kashmir,Punch,State recommendation mapped to IMD districts
18,Wheat,PBW 771,Jammu & Kashmir,Jammu And Kashmir,Rajouri,State recommendation mapped to IMD districts
18,Wheat,PBW 771,Jammu & Kashmir,Jammu And Kashmir,Ramban,State recommendation mapped to IMD districts
18,Wheat,PBW 771,Jammu & Kashmir,Jammu And Kashmir,Riasi,State recommendation mapped to IMD districts
18,Wheat,PBW 771,Jammu & Kashmir,Jammu And Kashmir,Samba,State recommendation mapped to IMD districts
18,Wheat,PBW 771,Jammu & Kashmir,Jammu And Kashmir,Shopian,State recommendation mapped to IMD districts
18,Wheat,PBW 771,Jammu & Kashmir,Jammu And Kashmir,Srinagar,State recommendation mapped to IMD districts
18,Wheat,PBW 771,Jammu & Kashmir,Jammu And Kashmir,Udhampur,State recommendation mapped to IMD districts
18,Wheat,PBW 771,Himachal Pradesh,Himachal Pradesh,Bilaaspur,State recommendation mapped to IMD districts
18,Wheat,PBW 771,Himachal Pradesh,Himachal Pradesh,Chamba,State recommendation mapped to IMD districts
18,Wheat,PBW 771,Himachal Pradesh,Himachal Pradesh,Hamirpurr,State recommendation mapped to IMD districts
18,Wheat,PBW 771,Himachal Pradesh,Himachal Pradesh,Kangra,State recommendation mapped to IMD districts
18,Wheat,PBW 771,Himachal Pradesh,Himachal Pradesh,Kinnaur,State recommendation mapped to IMD districts
18,Wheat,PBW 771,Himachal Pradesh,Himachal Pradesh,Kullu,State recommendation mapped to IMD districts
18,Wheat,PBW 771,Himachal Pradesh,Himachal Pradesh,Lahul&Spiti,State recommendation mapped to IMD districts
18,Wheat,PBW 771,Himachal Pradesh,Himachal Pradesh,Mandi,State recommendation mapped to IMD districts
18,Wheat,PBW 771,Himachal Pradesh,Himachal Pradesh,Shimla,State recommendation mapped to IMD districts
18,Wheat,PBW 771,Himachal Pradesh,Himachal Pradesh,Sirmaur,State recommendation mapped to IMD districts
18,Wheat,PBW 771,Himachal Pradesh,Himachal Pradesh,Solan,State recommendation mapped to IMD districts
18,Wheat,PBW 771,Himachal Pradesh,Himachal Pradesh,Una,State recommendation mapped to IMD districts
18,Wheat,PBW 771,Uttarakhand,Uttarakhand,Almora,State recommendation mapped to IMD districts
18,Wheat,PBW 771,Uttarakhand,Uttarakhand,Bageshwar,State recommendation mapped to IMD districts
18,Wheat,PBW 771,Uttarakhand,Uttarakhand,Chamoli,State recommendation mapped to IMD districts
18,Wheat,PBW 771,Uttarakhand,Uttarakhand,Champawat,State recommendation mapped to IMD districts
18,Wheat,PBW 771,Uttarakhand,Uttarakhand,Dehradun,State recommendation mapped to IMD districts
18,Wheat,PBW 771,Uttarakhand,Uttarakhand,Haridwar,State recommendation mapped to IMD districts
18,Wheat,PBW 771,Uttarakhand,Uttarakhand,Nanital,State recommendation mapped to IMD districts
18,Wheat,PBW 771,Uttarakhand,Uttarakhand,Pauri Garhwal,State recommendation mapped to IMD districts
18,Wheat,PBW 771,Uttarakhand,Uttarakhand,Pithoragarh,State recommendation mapped to IMD districts
18,Wheat,PBW 771,Uttarakhand,Uttarakhand,Rudraprayag,State recommendation mapped to IMD districts
18,Wheat,PBW 771,Uttarakhand,Uttarakhand,Tehri Garwal,State recommendation mapped to IMD districts
18,Wheat,PBW 771,Uttarakhand,Uttarakhand,Udham Singh Nagar,State recommendation mapped to IMD districts
18,Wheat,PBW 771,Uttarakhand,Uttarakhand,Uttarkashi,State recommendation mapped to IMD districts
19,Maize,Vivek QPM9,Jammu & Kashmir,Jammu And Kashmir,Anantnag,State recommendation mapped to IMD districts
19,Maize,Vivek QPM9,Jammu & Kashmir,Jammu And Kashmir,Badgam,State recommendation mapped to IMD districts
19,Maize,Vivek QPM9,Jammu & Kashmir,Jammu And Kashmir,Bandipore,State recommendation mapped to IMD districts
19,Maize,Vivek QPM9,Jammu & Kashmir,Jammu And Kashmir,Baramula,State recommendation mapped to IMD districts
19,Maize,Vivek QPM9,Jammu & Kashmir,Jammu And Kashmir,Doda,State recommendation mapped to IMD districts
19,Maize,Vivek QPM9,Jammu & Kashmir,Jammu And Kashmir,Ganderwal,State recommendation mapped to IMD districts
19,Maize,Vivek QPM9,Jammu & Kashmir,Jammu And Kashmir,Jammu,State recommendation mapped to IMD districts
19,Maize,Vivek QPM9,Jammu & Kashmir,Jammu And Kashmir,Kathua,State recommendation mapped to IMD districts
19,Maize,Vivek QPM9,Jammu & Kashmir,Jammu And Kashmir,Kistwar,State recommendation mapped to IMD districts
19,Maize,Vivek QPM9,Jammu & Kashmir,Jammu And Kashmir,Kulgam,State recommendation mapped to IMD districts
19,Maize,Vivek QPM9,Jammu & Kashmir,Jammu And Kashmir,Kupwara,State recommendation mapped to IMD districts
19,Maize,Vivek QPM9,Jammu & Kashmir,Jammu And Kashmir,Pulwama,State recommendation mapped to IMD districts
19,Maize,Vivek QPM9,Jammu & Kashmir,Jammu And Kashmir,Punch,State recommendation mapped to IMD districts
19,Maize,Vivek QPM9,Jammu & Kashmir,Jammu And Kashmir,Rajouri,State recommendation mapped to IMD districts
19,Maize,Vivek QPM9,Jammu & Kashmir,Jammu And Kashmir,Ramban,State recommendation mapped to IMD districts
19,Maize,Vivek QPM9,Jammu & Kashmir,Jammu And Kashmir,Riasi,State recommendation mapped to IMD districts
19,Maize,Vivek QPM9,Jammu & Kashmir,Jammu And Kashmir,Samba,State recommendation mapped to IMD districts
19,Maize,Vivek QPM9,Jammu & Kashmir,Jammu And Kashmir,Shopian,State recommendation mapped to IMD districts
19,Maize,Vivek QPM9,Jammu & Kashmir,Jammu And Kashmir,Srinagar,State recommendation mapped to IMD districts
19,Maize,Vivek QPM9,Jammu & Kashmir,Jammu And Kashmir,Udhampur,State recommendation mapped to IMD districts
19,Maize,Vivek QPM9,Himachal Pradesh,Himachal Pradesh,Bilaaspur,State recommendation mapped to IMD districts
19,Maize,Vivek QPM9,Himachal Pradesh,Himachal Pradesh,Chamba,State recommendation mapped to IMD districts
19,Maize,Vivek QPM9,Himachal Pradesh,Himachal Pradesh,Hamirpurr,State recommendation mapped to IMD districts
19,Maize,Vivek QPM9,Himachal Pradesh,Himachal Pradesh,Kangra,State recommendation mapped to IMD districts
19,Maize,Vivek QPM9,Himachal Pradesh,Himachal Pradesh,Kinnaur,State recommendation mapped to IMD districts
19,Maize,Vivek QPM9,Himachal Pradesh,Himachal Pradesh,Kullu,State recommendation mapped to IMD districts
19,Maize,Vivek QPM9,Himachal Pradesh,Himachal Pradesh,Lahul&Spiti,State recommendation mapped to IMD districts
19,Maize,Vivek QPM9,Himachal Pradesh,Himachal Pradesh,Mandi,State recommendation mapped to IMD districts
19,Maize,Vivek QPM9,Himachal Pradesh,Himachal Pradesh,Shimla,State recommendation mapped to IMD districts
19,Maize,Vivek QPM9,Himachal Pradesh,Himachal Pradesh,Sirmaur,State recommendation mapped to IMD districts
19,Maize,Vivek QPM9,Himachal Pradesh,Himachal Pradesh,Solan,State recommendation mapped to IMD districts
19,Maize,Vivek QPM9,Himachal Pradesh,Himachal Pradesh,Una,State recommendation mapped to IMD districts
19,Maize,Vivek QPM9,Uttarakhand,Uttarakhand,Almora,State recommendation mapped to IMD districts
19,Maize,Vivek QPM9,Uttarakhand,Uttarakhand,Bageshwar,State recommendation mapped to IMD districts
19,Maize,Vivek QPM9,Uttarakhand,Uttarakhand,Chamoli,State recommendation mapped to IMD districts
19,Maize,Vivek QPM9,Uttarakhand,Uttarakhand,Champawat,State recommendation mapped to IMD districts
19,Maize,Vivek QPM9,Uttarakhand,Uttarakhand,Dehradun,State recommendation mapped to IMD districts
19,Maize,Vivek QPM9,Uttarakhand,Uttarakhand,Haridwar,State recommendation mapped to IMD districts
19,Maize,Vivek QPM9,Uttarakhand,Uttarakhand,Nanital,State recommendation mapped to IMD districts
19,Maize,Vivek QPM9,Uttarakhand,Uttarakhand,Pauri Garhwal,State recommendation mapped to IMD districts
19,Maize,Vivek QPM9,Uttarakhand,Uttarakhand,Pithoragarh,State recommendation mapped to IMD districts
19,Maize,Vivek QPM9,Uttarakhand,Uttarakhand,Rudraprayag,State recommendation mapped to IMD districts
19,Maize,Vivek QPM9,Uttarakhand,Uttarakhand,Tehri Garwal,State recommendation mapped to IMD districts
19,Maize,Vivek QPM9,Uttarakhand,Uttarakhand,Udham Singh Nagar,State recommendation mapped to IMD districts
19,Maize,Vivek QPM9,Uttarakhand,Uttarakhand,Uttarkashi,State recommendation mapped to IMD districts
19,Maize,Vivek QPM9,North Eastern states,,,Recommended state not found in IMD file
19,Maize,Vivek QPM9,Maharashtra,Maharashtra,Ahmadnagar,State recommendation mapped to IMD districts
19,Maize,Vivek QPM9,Maharashtra,Maharashtra,Akola,State recommendation mapped to IMD districts
19,Maize,Vivek QPM9,Maharashtra,Maharashtra,Amaravati,State recommendation mapped to IMD districts
19,Maize,Vivek QPM9,Maharashtra,Maharashtra,Bhandara,State recommendation mapped to IMD districts
19,Maize,Vivek QPM9,Maharashtra,Maharashtra,Bid,State recommendation mapped to IMD districts
19,Maize,Vivek QPM9,Maharashtra,Maharashtra,Buldhana,State recommendation mapped to IMD districts
19,Maize,Vivek QPM9,Maharashtra,Maharashtra,Chandrapur,State recommendation mapped to IMD districts
19,Maize,Vivek QPM9,Maharashtra,Maharashtra,Chhatrapati Sambhajinagar,State recommendation mapped to IMD districts
19,Maize,Vivek QPM9,Maharashtra,Maharashtra,Dharashiv,State recommendation mapped to IMD districts
19,Maize,Vivek QPM9,Maharashtra,Maharashtra,Dhule,State recommendation mapped to IMD districts
19,Maize,Vivek QPM9,Maharashtra,Maharashtra,Gadchiroli,State recommendation mapped to IMD districts
19,Maize,Vivek QPM9,Maharashtra,Maharashtra,Gondiya,State recommendation mapped to IMD districts
19,Maize,Vivek QPM9,Maharashtra,Maharashtra,Hingoli,State recommendation mapped to IMD districts
19,Maize,Vivek QPM9,Maharashtra,Maharashtra,Jalgaon,State recommendation mapped to IMD districts
19,Maize,Vivek QPM9,Maharashtra,Maharashtra,Jalna,State recommendation mapped to IMD districts
19,Maize,Vivek QPM9,Maharashtra,Maharashtra,Kolhapur,State recommendation mapped to IMD districts
19,Maize,Vivek QPM9,Maharashtra,Maharashtra,Latur,State recommendation mapped to IMD districts
19,Maize,Vivek QPM9,Maharashtra,Maharashtra,Mumbai City,State recommendation mapped to IMD districts
19,Maize,Vivek QPM9,Maharashtra,Maharashtra,Nagpur,State recommendation mapped to IMD districts
19,Maize,Vivek QPM9,Maharashtra,Maharashtra,Nanded,State recommendation mapped to IMD districts
19,Maize,Vivek QPM9,Maharashtra,Maharashtra,Nandurbar,State recommendation mapped to IMD districts
19,Maize,Vivek QPM9,Maharashtra,Maharashtra,Nasik,State recommendation mapped to IMD districts
19,Maize,Vivek QPM9,Maharashtra,Maharashtra,Palghar,State recommendation mapped to IMD districts
19,Maize,Vivek QPM9,Maharashtra,Maharashtra,Parbhani,State recommendation mapped to IMD districts
19,Maize,Vivek QPM9,Maharashtra,Maharashtra,Pune,State recommendation mapped to IMD districts
19,Maize,Vivek QPM9,Maharashtra,Maharashtra,Raigad,State recommendation mapped to IMD districts
19,Maize,Vivek QPM9,Maharashtra,Maharashtra,Ratnagiri,State recommendation mapped to IMD districts
19,Maize,Vivek QPM9,Maharashtra,Maharashtra,Sangli,State recommendation mapped to IMD districts
19,Maize,Vivek QPM9,Maharashtra,Maharashtra,Satara,State recommendation mapped to IMD districts
19,Maize,Vivek QPM9,Maharashtra,Maharashtra,Sindhudurg,State recommendation mapped to IMD districts
19,Maize,Vivek QPM9,Maharashtra,Maharashtra,Solapur,State recommendation mapped to IMD districts
19,Maize,Vivek QPM9,Maharashtra,Maharashtra,Suburban Mumbai,State recommendation mapped to IMD districts
19,Maize,Vivek QPM9,Maharashtra,Maharashtra,Thane,State recommendation mapped to IMD districts
19,Maize,Vivek QPM9,Maharashtra,Maharashtra,Wardha,State recommendation mapped to IMD districts
19,Maize,Vivek QPM9,Maharashtra,Maharashtra,Washim,State recommendation mapped to IMD districts
19,Maize,Vivek QPM9,Maharashtra,Maharashtra,Yavatmal,State recommendation mapped to IMD districts
19,Maize,Vivek QPM9,Karnataka,Karnataka,Bagalkot,State recommendation mapped to IMD districts
19,Maize,Vivek QPM9,Karnataka,Karnataka,Bangalore Rural,State recommendation mapped to IMD districts
19,Maize,Vivek QPM9,Karnataka,Karnataka,Banglore Urban,State recommendation mapped to IMD districts
19,Maize,Vivek QPM9,Karnataka,Karnataka,Belgaum,State recommendation mapped to IMD districts
19,Maize,Vivek QPM9,Karnataka,Karnataka,Bellary,State recommendation mapped to IMD districts
19,Maize,Vivek QPM9,Karnataka,Karnataka,Bidar,State recommendation mapped to IMD districts
19,Maize,Vivek QPM9,Karnataka,Karnataka,Bijaapur,State recommendation mapped to IMD districts
19,Maize,Vivek QPM9,Karnataka,Karnataka,Chamarajanagar,State recommendation mapped to IMD districts
19,Maize,Vivek QPM9,Karnataka,Karnataka,Chikballapur,State recommendation mapped to IMD districts
19,Maize,Vivek QPM9,Karnataka,Karnataka,Chikmagalur,State recommendation mapped to IMD districts
19,Maize,Vivek QPM9,Karnataka,Karnataka,Chitradurga,State recommendation mapped to IMD districts
19,Maize,Vivek QPM9,Karnataka,Karnataka,Dakshin Kannada,State recommendation mapped to IMD districts
19,Maize,Vivek QPM9,Karnataka,Karnataka,Davangere,State recommendation mapped to IMD districts
19,Maize,Vivek QPM9,Karnataka,Karnataka,Dharwad,State recommendation mapped to IMD districts
19,Maize,Vivek QPM9,Karnataka,Karnataka,Gadag,State recommendation mapped to IMD districts
19,Maize,Vivek QPM9,Karnataka,Karnataka,Gulbarga,State recommendation mapped to IMD districts
19,Maize,Vivek QPM9,Karnataka,Karnataka,Hassan,State recommendation mapped to IMD districts
19,Maize,Vivek QPM9,Karnataka,Karnataka,Haveri,State recommendation mapped to IMD districts
19,Maize,Vivek QPM9,Karnataka,Karnataka,Kodagu,State recommendation mapped to IMD districts
19,Maize,Vivek QPM9,Karnataka,Karnataka,Kolar,State recommendation mapped to IMD districts
19,Maize,Vivek QPM9,Karnataka,Karnataka,Koppal,State recommendation mapped to IMD districts
19,Maize,Vivek QPM9,Karnataka,Karnataka,Mandhya,State recommendation mapped to IMD districts
19,Maize,Vivek QPM9,Karnataka,Karnataka,Mysore,State recommendation mapped to IMD districts
19,Maize,Vivek QPM9,Karnataka,Karnataka,Raichur,State recommendation mapped to IMD districts
19,Maize,Vivek QPM9,Karnataka,Karnataka,Ramnagar,State recommendation mapped to IMD districts
19,Maize,Vivek QPM9,Karnataka,Karnataka,Shimoga,State recommendation mapped to IMD districts
19,Maize,Vivek QPM9,Karnataka,Karnataka,Tumkur,State recommendation mapped to IMD districts
19,Maize,Vivek QPM9,Karnataka,Karnataka,Udupi,State recommendation mapped to IMD districts
19,Maize,Vivek QPM9,Karnataka,Karnataka,Uttar Kannada,State recommendation mapped to IMD districts
19,Maize,Vivek QPM9,Karnataka,Karnataka,Vijayanagara,State recommendation mapped to IMD districts
19,Maize,Vivek QPM9,Karnataka,Karnataka,Yadgir,State recommendation mapped to IMD districts
19,Maize,Vivek QPM9,Andhra Pradesh,Andhra Pradesh,Anakapalli,State recommendation mapped to IMD districts
19,Maize,Vivek QPM9,Andhra Pradesh,Andhra Pradesh,Anantapuramu,State recommendation mapped to IMD districts
19,Maize,Vivek QPM9,Andhra Pradesh,Andhra Pradesh,Annamayya District,State recommendation mapped to IMD districts
19,Maize,Vivek QPM9,Andhra Pradesh,Andhra Pradesh,Bapatla,State recommendation mapped to IMD districts
19,Maize,Vivek QPM9,Andhra Pradesh,Andhra Pradesh,Chittoor,State recommendation mapped to IMD districts
19,Maize,Vivek QPM9,Andhra Pradesh,Andhra Pradesh,Dr B R Ambedkar Konaseema,State recommendation mapped to IMD districts
19,Maize,Vivek QPM9,Andhra Pradesh,Andhra Pradesh,East Godavari,State recommendation mapped to IMD districts
19,Maize,Vivek QPM9,Andhra Pradesh,Andhra Pradesh,Eluru,State recommendation mapped to IMD districts
19,Maize,Vivek QPM9,Andhra Pradesh,Andhra Pradesh,Guntur,State recommendation mapped to IMD districts
19,Maize,Vivek QPM9,Andhra Pradesh,Andhra Pradesh,Kakinada,State recommendation mapped to IMD districts
19,Maize,Vivek QPM9,Andhra Pradesh,Andhra Pradesh,Krishna,State recommendation mapped to IMD districts
19,Maize,Vivek QPM9,Andhra Pradesh,Andhra Pradesh,Kurnool,State recommendation mapped to IMD districts
19,Maize,Vivek QPM9,Andhra Pradesh,Andhra Pradesh,Nandyal,State recommendation mapped to IMD districts
19,Maize,Vivek QPM9,Andhra Pradesh,Andhra Pradesh,Ntr District,State recommendation mapped to IMD districts
19,Maize,Vivek QPM9,Andhra Pradesh,Andhra Pradesh,Palnadu,State recommendation mapped to IMD districts
19,Maize,Vivek QPM9,Andhra Pradesh,Andhra Pradesh,Parvathipuram Manyam,State recommendation mapped to IMD districts
19,Maize,Vivek QPM9,Andhra Pradesh,Andhra Pradesh,Prakasam,State recommendation mapped to IMD districts
19,Maize,Vivek QPM9,Andhra Pradesh,Andhra Pradesh,Spsr Nellore,State recommendation mapped to IMD districts
19,Maize,Vivek QPM9,Andhra Pradesh,Andhra Pradesh,Sri Alluri Sitharamaraju District,State recommendation mapped to IMD districts
19,Maize,Vivek QPM9,Andhra Pradesh,Andhra Pradesh,Srikakulam,State recommendation mapped to IMD districts
19,Maize,Vivek QPM9,Andhra Pradesh,Andhra Pradesh,Sri Sathyasai District,State recommendation mapped to IMD districts
19,Maize,Vivek QPM9,Andhra Pradesh,Andhra Pradesh,Tirupati,State recommendation mapped to IMD districts
19,Maize,Vivek QPM9,Andhra Pradesh,Andhra Pradesh,Vishakhapatnam,State recommendation mapped to IMD districts
19,Maize,Vivek QPM9,Andhra Pradesh,Andhra Pradesh,Vizianagaram,State recommendation mapped to IMD districts
19,Maize,Vivek QPM9,Andhra Pradesh,Andhra Pradesh,West Godavari,State recommendation mapped to IMD districts
19,Maize,Vivek QPM9,Andhra Pradesh,Andhra Pradesh,Ysr District,State recommendation mapped to IMD districts
19,Maize,Vivek QPM9,Telangana,Telangana,Adilabad,State recommendation mapped to IMD districts
19,Maize,Vivek QPM9,Telangana,Telangana,B. Kothagudem,State recommendation mapped to IMD districts
19,Maize,Vivek QPM9,Telangana,Telangana,Hanumakonda,State recommendation mapped to IMD districts
19,Maize,Vivek QPM9,Telangana,Telangana,Hyderabad,State recommendation mapped to IMD districts
19,Maize,Vivek QPM9,Telangana,Telangana,Jagtial,State recommendation mapped to IMD districts
19,Maize,Vivek QPM9,Telangana,Telangana,Jangaon,State recommendation mapped to IMD districts
19,Maize,Vivek QPM9,Telangana,Telangana,J. Bhupalpally,State recommendation mapped to IMD districts
19,Maize,Vivek QPM9,Telangana,Telangana,Jogulamba Gadwal,State recommendation mapped to IMD districts
19,Maize,Vivek QPM9,Telangana,Telangana,Kamareddy,State recommendation mapped to IMD districts
19,Maize,Vivek QPM9,Telangana,Telangana,Karimnagar,State recommendation mapped to IMD districts
19,Maize,Vivek QPM9,Telangana,Telangana,Khammam,State recommendation mapped to IMD districts
19,Maize,Vivek QPM9,Telangana,Telangana,Kumaram Bheem,State recommendation mapped to IMD districts
19,Maize,Vivek QPM9,Telangana,Telangana,Mahabubabad,State recommendation mapped to IMD districts
19,Maize,Vivek QPM9,Telangana,Telangana,Mahabubnagar,State recommendation mapped to IMD districts
19,Maize,Vivek QPM9,Telangana,Telangana,Mancherial,State recommendation mapped to IMD districts
19,Maize,Vivek QPM9,Telangana,Telangana,Medak,State recommendation mapped to IMD districts
19,Maize,Vivek QPM9,Telangana,Telangana,M. Malkajgiri,State recommendation mapped to IMD districts
19,Maize,Vivek QPM9,Telangana,Telangana,Mulugu,State recommendation mapped to IMD districts
19,Maize,Vivek QPM9,Telangana,Telangana,Nagarkurnool,State recommendation mapped to IMD districts
19,Maize,Vivek QPM9,Telangana,Telangana,Nalgonda,State recommendation mapped to IMD districts
19,Maize,Vivek QPM9,Telangana,Telangana,Narayanpet,State recommendation mapped to IMD districts
19,Maize,Vivek QPM9,Telangana,Telangana,Nirmal,State recommendation mapped to IMD districts
19,Maize,Vivek QPM9,Telangana,Telangana,Nizamabad,State recommendation mapped to IMD districts
19,Maize,Vivek QPM9,Telangana,Telangana,Peddapalle,State recommendation mapped to IMD districts
19,Maize,Vivek QPM9,Telangana,Telangana,Rajanna Sircilla,State recommendation mapped to IMD districts
19,Maize,Vivek QPM9,Telangana,Telangana,Rangareddy,State recommendation mapped to IMD districts
19,Maize,Vivek QPM9,Telangana,Telangana,Sangareddy,State recommendation mapped to IMD districts
19,Maize,Vivek QPM9,Telangana,Telangana,Siddipet,State recommendation mapped to IMD districts
19,Maize,Vivek QPM9,Telangana,Telangana,Suryapet,State recommendation mapped to IMD districts
19,Maize,Vivek QPM9,Telangana,Telangana,Vikarabad,State recommendation mapped to IMD districts
19,Maize,Vivek QPM9,Telangana,Telangana,Wanaparthy,State recommendation mapped to IMD districts
19,Maize,Vivek QPM9,Telangana,Telangana,Warangal,State recommendation mapped to IMD districts
19,Maize,Vivek QPM9,Telangana,Telangana,Y. Bhuvanagiri,State recommendation mapped to IMD districts
19,Maize,Vivek QPM9,Tamil Nadu,Tamil Nadu,Ariyalur,State recommendation mapped to IMD districts
19,Maize,Vivek QPM9,Tamil Nadu,Tamil Nadu,Chengalpattu,State recommendation mapped to IMD districts
19,Maize,Vivek QPM9,Tamil Nadu,Tamil Nadu,Chennai,State recommendation mapped to IMD districts
19,Maize,Vivek QPM9,Tamil Nadu,Tamil Nadu,Coimbatore,State recommendation mapped to IMD districts
19,Maize,Vivek QPM9,Tamil Nadu,Tamil Nadu,Cuddalore,State recommendation mapped to IMD districts
19,Maize,Vivek QPM9,Tamil Nadu,Tamil Nadu,Dharampuri,State recommendation mapped to IMD districts
19,Maize,Vivek QPM9,Tamil Nadu,Tamil Nadu,Dindigul,State recommendation mapped to IMD districts
19,Maize,Vivek QPM9,Tamil Nadu,Tamil Nadu,Erode,State recommendation mapped to IMD districts
19,Maize,Vivek QPM9,Tamil Nadu,Tamil Nadu,Kallakurichi,State recommendation mapped to IMD districts
19,Maize,Vivek QPM9,Tamil Nadu,Tamil Nadu,Kanchipuram,State recommendation mapped to IMD districts
19,Maize,Vivek QPM9,Tamil Nadu,Tamil Nadu,Kanyakumari,State recommendation mapped to IMD districts
19,Maize,Vivek QPM9,Tamil Nadu,Tamil Nadu,Karur,State recommendation mapped to IMD districts
19,Maize,Vivek QPM9,Tamil Nadu,Tamil Nadu,Krishnagiri,State recommendation mapped to IMD districts
19,Maize,Vivek QPM9,Tamil Nadu,Tamil Nadu,Madurai,State recommendation mapped to IMD districts
19,Maize,Vivek QPM9,Tamil Nadu,Tamil Nadu,Nagapattinam,State recommendation mapped to IMD districts
19,Maize,Vivek QPM9,Tamil Nadu,Tamil Nadu,Namakkal,State recommendation mapped to IMD districts
19,Maize,Vivek QPM9,Tamil Nadu,Tamil Nadu,Nilgiri,State recommendation mapped to IMD districts
19,Maize,Vivek QPM9,Tamil Nadu,Tamil Nadu,Perambalur,State recommendation mapped to IMD districts
19,Maize,Vivek QPM9,Tamil Nadu,Tamil Nadu,Pudukkottai,State recommendation mapped to IMD districts
19,Maize,Vivek QPM9,Tamil Nadu,Tamil Nadu,Ramanathapuram,State recommendation mapped to IMD districts
19,Maize,Vivek QPM9,Tamil Nadu,Tamil Nadu,Ranipet,State recommendation mapped to IMD districts
19,Maize,Vivek QPM9,Tamil Nadu,Tamil Nadu,Salem,State recommendation mapped to IMD districts
19,Maize,Vivek QPM9,Tamil Nadu,Tamil Nadu,Sivaganga,State recommendation mapped to IMD districts
19,Maize,Vivek QPM9,Tamil Nadu,Tamil Nadu,Teni,State recommendation mapped to IMD districts
19,Maize,Vivek QPM9,Tamil Nadu,Tamil Nadu,Tenkasi,State recommendation mapped to IMD districts
19,Maize,Vivek QPM9,Tamil Nadu,Tamil Nadu,Thanjavur,State recommendation mapped to IMD districts
19,Maize,Vivek QPM9,Tamil Nadu,Tamil Nadu,Thiruvarur,State recommendation mapped to IMD districts
19,Maize,Vivek QPM9,Tamil Nadu,Tamil Nadu,Tiruchirappalli,State recommendation mapped to IMD districts
19,Maize,Vivek QPM9,Tamil Nadu,Tamil Nadu,Tirunelveli,State recommendation mapped to IMD districts
19,Maize,Vivek QPM9,Tamil Nadu,Tamil Nadu,Tirupattur,State recommendation mapped to IMD districts
19,Maize,Vivek QPM9,Tamil Nadu,Tamil Nadu,Tiruppur,State recommendation mapped to IMD districts
19,Maize,Vivek QPM9,Tamil Nadu,Tamil Nadu,Tiruvallur,State recommendation mapped to IMD districts
19,Maize,Vivek QPM9,Tamil Nadu,Tamil Nadu,Tiruvannamalai,State recommendation mapped to IMD districts
19,Maize,Vivek QPM9,Tamil Nadu,Tamil Nadu,Tuticorin,State recommendation mapped to IMD districts
19,Maize,Vivek QPM9,Tamil Nadu,Tamil Nadu,Vellore,State recommendation mapped to IMD districts
19,Maize,Vivek QPM9,Tamil Nadu,Tamil Nadu,Villupuram,State recommendation mapped to IMD districts
19,Maize,Vivek QPM9,Tamil Nadu,Tamil Nadu,Virudhunagar,State recommendation mapped to IMD districts
20,Maize,Pusa HM4 Improved,Punjab,Punjab,Amritsar,State recommendation mapped to IMD districts
20,Maize,Pusa HM4 Improved,Punjab,Punjab,Barnala,State recommendation mapped to IMD districts
20,Maize,Pusa HM4 Improved,Punjab,Punjab,Bathinda,State recommendation mapped to IMD districts
20,Maize,Pusa HM4 Improved,Punjab,Punjab,Faridkot,State recommendation mapped to IMD districts
20,Maize,Pusa HM4 Improved,Punjab,Punjab,Fatehgarh Sahib,State recommendation mapped to IMD districts
20,Maize,Pusa HM4 Improved,Punjab,Punjab,Fazilka,State recommendation mapped to IMD districts
20,Maize,Pusa HM4 Improved,Punjab,Punjab,Firozpur,State recommendation mapped to IMD districts
20,Maize,Pusa HM4 Improved,Punjab,Punjab,Gurdaspur,State recommendation mapped to IMD districts
20,Maize,Pusa HM4 Improved,Punjab,Punjab,Hoshiarpur,State recommendation mapped to IMD districts
20,Maize,Pusa HM4 Improved,Punjab,Punjab,Jalandhar,State recommendation mapped to IMD districts
20,Maize,Pusa HM4 Improved,Punjab,Punjab,Kapurthala,State recommendation mapped to IMD districts
20,Maize,Pusa HM4 Improved,Punjab,Punjab,Ludhiana,State recommendation mapped to IMD districts
20,Maize,Pusa HM4 Improved,Punjab,Punjab,Mansa,State recommendation mapped to IMD districts
20,Maize,Pusa HM4 Improved,Punjab,Punjab,Moga,State recommendation mapped to IMD districts
20,Maize,Pusa HM4 Improved,Punjab,Punjab,Muktsar,State recommendation mapped to IMD districts
20,Maize,Pusa HM4 Improved,Punjab,Punjab,Pathankot,State recommendation mapped to IMD districts
20,Maize,Pusa HM4 Improved,Punjab,Punjab,Patiala,State recommendation mapped to IMD districts
20,Maize,Pusa HM4 Improved,Punjab,Punjab,Rupnagar,State recommendation mapped to IMD districts
20,Maize,Pusa HM4 Improved,Punjab,Punjab,Sangrur,State recommendation mapped to IMD districts
20,Maize,Pusa HM4 Improved,Punjab,Punjab,Sas Nagar,State recommendation mapped to IMD districts
20,Maize,Pusa HM4 Improved,Punjab,Punjab,Sbs Nagar,State recommendation mapped to IMD districts
20,Maize,Pusa HM4 Improved,Punjab,Punjab,Tarn Taran,State recommendation mapped to IMD districts
20,Maize,Pusa HM4 Improved,Haryana,Haryana,Ambala,State recommendation mapped to IMD districts
20,Maize,Pusa HM4 Improved,Haryana,Haryana,Bhiwani,State recommendation mapped to IMD districts
20,Maize,Pusa HM4 Improved,Haryana,Haryana,Charkhi Dadri,State recommendation mapped to IMD districts
20,Maize,Pusa HM4 Improved,Haryana,Haryana,Faridabad,State recommendation mapped to IMD districts
20,Maize,Pusa HM4 Improved,Haryana,Haryana,Fatehabad,State recommendation mapped to IMD districts
20,Maize,Pusa HM4 Improved,Haryana,Haryana,Gurgaon,State recommendation mapped to IMD districts
20,Maize,Pusa HM4 Improved,Haryana,Haryana,Hisar,State recommendation mapped to IMD districts
20,Maize,Pusa HM4 Improved,Haryana,Haryana,Jhajjar,State recommendation mapped to IMD districts
20,Maize,Pusa HM4 Improved,Haryana,Haryana,Jind,State recommendation mapped to IMD districts
20,Maize,Pusa HM4 Improved,Haryana,Haryana,Kaithal,State recommendation mapped to IMD districts
20,Maize,Pusa HM4 Improved,Haryana,Haryana,Karnal,State recommendation mapped to IMD districts
20,Maize,Pusa HM4 Improved,Haryana,Haryana,Kurukshetra,State recommendation mapped to IMD districts
20,Maize,Pusa HM4 Improved,Haryana,Haryana,Mahendragarh,State recommendation mapped to IMD districts
20,Maize,Pusa HM4 Improved,Haryana,Haryana,Nuh,State recommendation mapped to IMD districts
20,Maize,Pusa HM4 Improved,Haryana,Haryana,Palwal,State recommendation mapped to IMD districts
20,Maize,Pusa HM4 Improved,Haryana,Haryana,Panchkula,State recommendation mapped to IMD districts
20,Maize,Pusa HM4 Improved,Haryana,Haryana,Panipat,State recommendation mapped to IMD districts
20,Maize,Pusa HM4 Improved,Haryana,Haryana,Rewari,State recommendation mapped to IMD districts
20,Maize,Pusa HM4 Improved,Haryana,Haryana,Rohtak,State recommendation mapped to IMD districts
20,Maize,Pusa HM4 Improved,Haryana,Haryana,Sirsa,State recommendation mapped to IMD districts
20,Maize,Pusa HM4 Improved,Haryana,Haryana,Sonipat,State recommendation mapped to IMD districts
20,Maize,Pusa HM4 Improved,Haryana,Haryana,Yamunanagar,State recommendation mapped to IMD districts
20,Maize,Pusa HM4 Improved,Delhi,Nct Of Delhi,Central Delhi,State recommendation mapped to IMD districts
20,Maize,Pusa HM4 Improved,Delhi,Nct Of Delhi,East Delhi,State recommendation mapped to IMD districts
20,Maize,Pusa HM4 Improved,Delhi,Nct Of Delhi,New Delhi,State recommendation mapped to IMD districts
20,Maize,Pusa HM4 Improved,Delhi,Nct Of Delhi,North Delhi,State recommendation mapped to IMD districts
20,Maize,Pusa HM4 Improved,Delhi,Nct Of Delhi,North East Delhi,State recommendation mapped to IMD districts
20,Maize,Pusa HM4 Improved,Delhi,Nct Of Delhi,North West Delhi,State recommendation mapped to IMD districts
20,Maize,Pusa HM4 Improved,Delhi,Nct Of Delhi,South Delhi,State recommendation mapped to IMD districts
20,Maize,Pusa HM4 Improved,Delhi,Nct Of Delhi,South East Delhi,State recommendation mapped to IMD districts
20,Maize,Pusa HM4 Improved,Delhi,Nct Of Delhi,South West Delhi,State recommendation mapped to IMD districts
20,Maize,Pusa HM4 Improved,Delhi,Nct Of Delhi,West Delhi,State recommendation mapped to IMD districts
20,Maize,Pusa HM4 Improved,Western Uttar Pradesh,,,Recommended state not found in IMD file
20,Maize,Pusa HM4 Improved,Uttarakhand plains,,,Recommended state not found in IMD file
21,Maize,Pusa HM8 Improved,Andhra Pradesh,Andhra Pradesh,Anakapalli,State recommendation mapped to IMD districts
21,Maize,Pusa HM8 Improved,Andhra Pradesh,Andhra Pradesh,Anantapuramu,State recommendation mapped to IMD districts
21,Maize,Pusa HM8 Improved,Andhra Pradesh,Andhra Pradesh,Annamayya District,State recommendation mapped to IMD districts
21,Maize,Pusa HM8 Improved,Andhra Pradesh,Andhra Pradesh,Bapatla,State recommendation mapped to IMD districts
21,Maize,Pusa HM8 Improved,Andhra Pradesh,Andhra Pradesh,Chittoor,State recommendation mapped to IMD districts
21,Maize,Pusa HM8 Improved,Andhra Pradesh,Andhra Pradesh,Dr B R Ambedkar Konaseema,State recommendation mapped to IMD districts
21,Maize,Pusa HM8 Improved,Andhra Pradesh,Andhra Pradesh,East Godavari,State recommendation mapped to IMD districts
21,Maize,Pusa HM8 Improved,Andhra Pradesh,Andhra Pradesh,Eluru,State recommendation mapped to IMD districts
21,Maize,Pusa HM8 Improved,Andhra Pradesh,Andhra Pradesh,Guntur,State recommendation mapped to IMD districts
21,Maize,Pusa HM8 Improved,Andhra Pradesh,Andhra Pradesh,Kakinada,State recommendation mapped to IMD districts
21,Maize,Pusa HM8 Improved,Andhra Pradesh,Andhra Pradesh,Krishna,State recommendation mapped to IMD districts
21,Maize,Pusa HM8 Improved,Andhra Pradesh,Andhra Pradesh,Kurnool,State recommendation mapped to IMD districts
21,Maize,Pusa HM8 Improved,Andhra Pradesh,Andhra Pradesh,Nandyal,State recommendation mapped to IMD districts
21,Maize,Pusa HM8 Improved,Andhra Pradesh,Andhra Pradesh,Ntr District,State recommendation mapped to IMD districts
21,Maize,Pusa HM8 Improved,Andhra Pradesh,Andhra Pradesh,Palnadu,State recommendation mapped to IMD districts
21,Maize,Pusa HM8 Improved,Andhra Pradesh,Andhra Pradesh,Parvathipuram Manyam,State recommendation mapped to IMD districts
21,Maize,Pusa HM8 Improved,Andhra Pradesh,Andhra Pradesh,Prakasam,State recommendation mapped to IMD districts
21,Maize,Pusa HM8 Improved,Andhra Pradesh,Andhra Pradesh,Spsr Nellore,State recommendation mapped to IMD districts
21,Maize,Pusa HM8 Improved,Andhra Pradesh,Andhra Pradesh,Sri Alluri Sitharamaraju District,State recommendation mapped to IMD districts
21,Maize,Pusa HM8 Improved,Andhra Pradesh,Andhra Pradesh,Srikakulam,State recommendation mapped to IMD districts
21,Maize,Pusa HM8 Improved,Andhra Pradesh,Andhra Pradesh,Sri Sathyasai District,State recommendation mapped to IMD districts
21,Maize,Pusa HM8 Improved,Andhra Pradesh,Andhra Pradesh,Tirupati,State recommendation mapped to IMD districts
21,Maize,Pusa HM8 Improved,Andhra Pradesh,Andhra Pradesh,Vishakhapatnam,State recommendation mapped to IMD districts
21,Maize,Pusa HM8 Improved,Andhra Pradesh,Andhra Pradesh,Vizianagaram,State recommendation mapped to IMD districts
21,Maize,Pusa HM8 Improved,Andhra Pradesh,Andhra Pradesh,West Godavari,State recommendation mapped to IMD districts
21,Maize,Pusa HM8 Improved,Andhra Pradesh,Andhra Pradesh,Ysr District,State recommendation mapped to IMD districts
21,Maize,Pusa HM8 Improved,Tamil Nadu,Tamil Nadu,Ariyalur,State recommendation mapped to IMD districts
21,Maize,Pusa HM8 Improved,Tamil Nadu,Tamil Nadu,Chengalpattu,State recommendation mapped to IMD districts
21,Maize,Pusa HM8 Improved,Tamil Nadu,Tamil Nadu,Chennai,State recommendation mapped to IMD districts
21,Maize,Pusa HM8 Improved,Tamil Nadu,Tamil Nadu,Coimbatore,State recommendation mapped to IMD districts
21,Maize,Pusa HM8 Improved,Tamil Nadu,Tamil Nadu,Cuddalore,State recommendation mapped to IMD districts
21,Maize,Pusa HM8 Improved,Tamil Nadu,Tamil Nadu,Dharampuri,State recommendation mapped to IMD districts
21,Maize,Pusa HM8 Improved,Tamil Nadu,Tamil Nadu,Dindigul,State recommendation mapped to IMD districts
21,Maize,Pusa HM8 Improved,Tamil Nadu,Tamil Nadu,Erode,State recommendation mapped to IMD districts
21,Maize,Pusa HM8 Improved,Tamil Nadu,Tamil Nadu,Kallakurichi,State recommendation mapped to IMD districts
21,Maize,Pusa HM8 Improved,Tamil Nadu,Tamil Nadu,Kanchipuram,State recommendation mapped to IMD districts
21,Maize,Pusa HM8 Improved,Tamil Nadu,Tamil Nadu,Kanyakumari,State recommendation mapped to IMD districts
21,Maize,Pusa HM8 Improved,Tamil Nadu,Tamil Nadu,Karur,State recommendation mapped to IMD districts
21,Maize,Pusa HM8 Improved,Tamil Nadu,Tamil Nadu,Krishnagiri,State recommendation mapped to IMD districts
21,Maize,Pusa HM8 Improved,Tamil Nadu,Tamil Nadu,Madurai,State recommendation mapped to IMD districts
21,Maize,Pusa HM8 Improved,Tamil Nadu,Tamil Nadu,Nagapattinam,State recommendation mapped to IMD districts
21,Maize,Pusa HM8 Improved,Tamil Nadu,Tamil Nadu,Namakkal,State recommendation mapped to IMD districts
21,Maize,Pusa HM8 Improved,Tamil Nadu,Tamil Nadu,Nilgiri,State recommendation mapped to IMD districts
21,Maize,Pusa HM8 Improved,Tamil Nadu,Tamil Nadu,Perambalur,State recommendation mapped to IMD districts
21,Maize,Pusa HM8 Improved,Tamil Nadu,Tamil Nadu,Pudukkottai,State recommendation mapped to IMD districts
21,Maize,Pusa HM8 Improved,Tamil Nadu,Tamil Nadu,Ramanathapuram,State recommendation mapped to IMD districts
21,Maize,Pusa HM8 Improved,Tamil Nadu,Tamil Nadu,Ranipet,State recommendation mapped to IMD districts
21,Maize,Pusa HM8 Improved,Tamil Nadu,Tamil Nadu,Salem,State recommendation mapped to IMD districts
21,Maize,Pusa HM8 Improved,Tamil Nadu,Tamil Nadu,Sivaganga,State recommendation mapped to IMD districts
21,Maize,Pusa HM8 Improved,Tamil Nadu,Tamil Nadu,Teni,State recommendation mapped to IMD districts
21,Maize,Pusa HM8 Improved,Tamil Nadu,Tamil Nadu,Tenkasi,State recommendation mapped to IMD districts
21,Maize,Pusa HM8 Improved,Tamil Nadu,Tamil Nadu,Thanjavur,State recommendation mapped to IMD districts
21,Maize,Pusa HM8 Improved,Tamil Nadu,Tamil Nadu,Thiruvarur,State recommendation mapped to IMD districts
21,Maize,Pusa HM8 Improved,Tamil Nadu,Tamil Nadu,Tiruchirappalli,State recommendation mapped to IMD districts
21,Maize,Pusa HM8 Improved,Tamil Nadu,Tamil Nadu,Tirunelveli,State recommendation mapped to IMD districts
21,Maize,Pusa HM8 Improved,Tamil Nadu,Tamil Nadu,Tirupattur,State recommendation mapped to IMD districts
21,Maize,Pusa HM8 Improved,Tamil Nadu,Tamil Nadu,Tiruppur,State recommendation mapped to IMD districts
21,Maize,Pusa HM8 Improved,Tamil Nadu,Tamil Nadu,Tiruvallur,State recommendation mapped to IMD districts
21,Maize,Pusa HM8 Improved,Tamil Nadu,Tamil Nadu,Tiruvannamalai,State recommendation mapped to IMD districts
21,Maize,Pusa HM8 Improved,Tamil Nadu,Tamil Nadu,Tuticorin,State recommendation mapped to IMD districts
21,Maize,Pusa HM8 Improved,Tamil Nadu,Tamil Nadu,Vellore,State recommendation mapped to IMD districts
21,Maize,Pusa HM8 Improved,Tamil Nadu,Tamil Nadu,Villupuram,State recommendation mapped to IMD districts
21,Maize,Pusa HM8 Improved,Tamil Nadu,Tamil Nadu,Virudhunagar,State recommendation mapped to IMD districts
21,Maize,Pusa HM8 Improved,Karnataka,Karnataka,Bagalkot,State recommendation mapped to IMD districts
21,Maize,Pusa HM8 Improved,Karnataka,Karnataka,Bangalore Rural,State recommendation mapped to IMD districts
21,Maize,Pusa HM8 Improved,Karnataka,Karnataka,Banglore Urban,State recommendation mapped to IMD districts
21,Maize,Pusa HM8 Improved,Karnataka,Karnataka,Belgaum,State recommendation mapped to IMD districts
21,Maize,Pusa HM8 Improved,Karnataka,Karnataka,Bellary,State recommendation mapped to IMD districts
21,Maize,Pusa HM8 Improved,Karnataka,Karnataka,Bidar,State recommendation mapped to IMD districts
21,Maize,Pusa HM8 Improved,Karnataka,Karnataka,Bijaapur,State recommendation mapped to IMD districts
21,Maize,Pusa HM8 Improved,Karnataka,Karnataka,Chamarajanagar,State recommendation mapped to IMD districts
21,Maize,Pusa HM8 Improved,Karnataka,Karnataka,Chikballapur,State recommendation mapped to IMD districts
21,Maize,Pusa HM8 Improved,Karnataka,Karnataka,Chikmagalur,State recommendation mapped to IMD districts
21,Maize,Pusa HM8 Improved,Karnataka,Karnataka,Chitradurga,State recommendation mapped to IMD districts
21,Maize,Pusa HM8 Improved,Karnataka,Karnataka,Dakshin Kannada,State recommendation mapped to IMD districts
21,Maize,Pusa HM8 Improved,Karnataka,Karnataka,Davangere,State recommendation mapped to IMD districts
21,Maize,Pusa HM8 Improved,Karnataka,Karnataka,Dharwad,State recommendation mapped to IMD districts
21,Maize,Pusa HM8 Improved,Karnataka,Karnataka,Gadag,State recommendation mapped to IMD districts
21,Maize,Pusa HM8 Improved,Karnataka,Karnataka,Gulbarga,State recommendation mapped to IMD districts
21,Maize,Pusa HM8 Improved,Karnataka,Karnataka,Hassan,State recommendation mapped to IMD districts
21,Maize,Pusa HM8 Improved,Karnataka,Karnataka,Haveri,State recommendation mapped to IMD districts
21,Maize,Pusa HM8 Improved,Karnataka,Karnataka,Kodagu,State recommendation mapped to IMD districts
21,Maize,Pusa HM8 Improved,Karnataka,Karnataka,Kolar,State recommendation mapped to IMD districts
21,Maize,Pusa HM8 Improved,Karnataka,Karnataka,Koppal,State recommendation mapped to IMD districts
21,Maize,Pusa HM8 Improved,Karnataka,Karnataka,Mandhya,State recommendation mapped to IMD districts
21,Maize,Pusa HM8 Improved,Karnataka,Karnataka,Mysore,State recommendation mapped to IMD districts
21,Maize,Pusa HM8 Improved,Karnataka,Karnataka,Raichur,State recommendation mapped to IMD districts
21,Maize,Pusa HM8 Improved,Karnataka,Karnataka,Ramnagar,State recommendation mapped to IMD districts
21,Maize,Pusa HM8 Improved,Karnataka,Karnataka,Shimoga,State recommendation mapped to IMD districts
21,Maize,Pusa HM8 Improved,Karnataka,Karnataka,Tumkur,State recommendation mapped to IMD districts
21,Maize,Pusa HM8 Improved,Karnataka,Karnataka,Udupi,State recommendation mapped to IMD districts
21,Maize,Pusa HM8 Improved,Karnataka,Karnataka,Uttar Kannada,State recommendation mapped to IMD districts
21,Maize,Pusa HM8 Improved,Karnataka,Karnataka,Vijayanagara,State recommendation mapped to IMD districts
21,Maize,Pusa HM8 Improved,Karnataka,Karnataka,Yadgir,State recommendation mapped to IMD districts
21,Maize,Pusa HM8 Improved,Telangana,Telangana,Adilabad,State recommendation mapped to IMD districts
21,Maize,Pusa HM8 Improved,Telangana,Telangana,B. Kothagudem,State recommendation mapped to IMD districts
21,Maize,Pusa HM8 Improved,Telangana,Telangana,Hanumakonda,State recommendation mapped to IMD districts
21,Maize,Pusa HM8 Improved,Telangana,Telangana,Hyderabad,State recommendation mapped to IMD districts
21,Maize,Pusa HM8 Improved,Telangana,Telangana,Jagtial,State recommendation mapped to IMD districts
21,Maize,Pusa HM8 Improved,Telangana,Telangana,Jangaon,State recommendation mapped to IMD districts
21,Maize,Pusa HM8 Improved,Telangana,Telangana,J. Bhupalpally,State recommendation mapped to IMD districts
21,Maize,Pusa HM8 Improved,Telangana,Telangana,Jogulamba Gadwal,State recommendation mapped to IMD districts
21,Maize,Pusa HM8 Improved,Telangana,Telangana,Kamareddy,State recommendation mapped to IMD districts
21,Maize,Pusa HM8 Improved,Telangana,Telangana,Karimnagar,State recommendation mapped to IMD districts
21,Maize,Pusa HM8 Improved,Telangana,Telangana,Khammam,State recommendation mapped to IMD districts
21,Maize,Pusa HM8 Improved,Telangana,Telangana,Kumaram Bheem,State recommendation mapped to IMD districts
21,Maize,Pusa HM8 Improved,Telangana,Telangana,Mahabubabad,State recommendation mapped to IMD districts
21,Maize,Pusa HM8 Improved,Telangana,Telangana,Mahabubnagar,State recommendation mapped to IMD districts
21,Maize,Pusa HM8 Improved,Telangana,Telangana,Mancherial,State recommendation mapped to IMD districts
21,Maize,Pusa HM8 Improved,Telangana,Telangana,Medak,State recommendation mapped to IMD districts
21,Maize,Pusa HM8 Improved,Telangana,Telangana,M. Malkajgiri,State recommendation mapped to IMD districts
21,Maize,Pusa HM8 Improved,Telangana,Telangana,Mulugu,State recommendation mapped to IMD districts
21,Maize,Pusa HM8 Improved,Telangana,Telangana,Nagarkurnool,State recommendation mapped to IMD districts
21,Maize,Pusa HM8 Improved,Telangana,Telangana,Nalgonda,State recommendation mapped to IMD districts
21,Maize,Pusa HM8 Improved,Telangana,Telangana,Narayanpet,State recommendation mapped to IMD districts
21,Maize,Pusa HM8 Improved,Telangana,Telangana,Nirmal,State recommendation mapped to IMD districts
21,Maize,Pusa HM8 Improved,Telangana,Telangana,Nizamabad,State recommendation mapped to IMD districts
21,Maize,Pusa HM8 Improved,Telangana,Telangana,Peddapalle,State recommendation mapped to IMD districts
21,Maize,Pusa HM8 Improved,Telangana,Telangana,Rajanna Sircilla,State recommendation mapped to IMD districts
21,Maize,Pusa HM8 Improved,Telangana,Telangana,Rangareddy,State recommendation mapped to IMD districts
21,Maize,Pusa HM8 Improved,Telangana,Telangana,Sangareddy,State recommendation mapped to IMD districts
21,Maize,Pusa HM8 Improved,Telangana,Telangana,Siddipet,State recommendation mapped to IMD districts
21,Maize,Pusa HM8 Improved,Telangana,Telangana,Suryapet,State recommendation mapped to IMD districts
21,Maize,Pusa HM8 Improved,Telangana,Telangana,Vikarabad,State recommendation mapped to IMD districts
21,Maize,Pusa HM8 Improved,Telangana,Telangana,Wanaparthy,State recommendation mapped to IMD districts
21,Maize,Pusa HM8 Improved,Telangana,Telangana,Warangal,State recommendation mapped to IMD districts
21,Maize,Pusa HM8 Improved,Telangana,Telangana,Y. Bhuvanagiri,State recommendation mapped to IMD districts
21,Maize,Pusa HM8 Improved,Maharashtra,Maharashtra,Ahmadnagar,State recommendation mapped to IMD districts
21,Maize,Pusa HM8 Improved,Maharashtra,Maharashtra,Akola,State recommendation mapped to IMD districts
21,Maize,Pusa HM8 Improved,Maharashtra,Maharashtra,Amaravati,State recommendation mapped to IMD districts
21,Maize,Pusa HM8 Improved,Maharashtra,Maharashtra,Bhandara,State recommendation mapped to IMD districts
21,Maize,Pusa HM8 Improved,Maharashtra,Maharashtra,Bid,State recommendation mapped to IMD districts
21,Maize,Pusa HM8 Improved,Maharashtra,Maharashtra,Buldhana,State recommendation mapped to IMD districts
21,Maize,Pusa HM8 Improved,Maharashtra,Maharashtra,Chandrapur,State recommendation mapped to IMD districts
21,Maize,Pusa HM8 Improved,Maharashtra,Maharashtra,Chhatrapati Sambhajinagar,State recommendation mapped to IMD districts
21,Maize,Pusa HM8 Improved,Maharashtra,Maharashtra,Dharashiv,State recommendation mapped to IMD districts
21,Maize,Pusa HM8 Improved,Maharashtra,Maharashtra,Dhule,State recommendation mapped to IMD districts
21,Maize,Pusa HM8 Improved,Maharashtra,Maharashtra,Gadchiroli,State recommendation mapped to IMD districts
21,Maize,Pusa HM8 Improved,Maharashtra,Maharashtra,Gondiya,State recommendation mapped to IMD districts
21,Maize,Pusa HM8 Improved,Maharashtra,Maharashtra,Hingoli,State recommendation mapped to IMD districts
21,Maize,Pusa HM8 Improved,Maharashtra,Maharashtra,Jalgaon,State recommendation mapped to IMD districts
21,Maize,Pusa HM8 Improved,Maharashtra,Maharashtra,Jalna,State recommendation mapped to IMD districts
21,Maize,Pusa HM8 Improved,Maharashtra,Maharashtra,Kolhapur,State recommendation mapped to IMD districts
21,Maize,Pusa HM8 Improved,Maharashtra,Maharashtra,Latur,State recommendation mapped to IMD districts
21,Maize,Pusa HM8 Improved,Maharashtra,Maharashtra,Mumbai City,State recommendation mapped to IMD districts
21,Maize,Pusa HM8 Improved,Maharashtra,Maharashtra,Nagpur,State recommendation mapped to IMD districts
21,Maize,Pusa HM8 Improved,Maharashtra,Maharashtra,Nanded,State recommendation mapped to IMD districts
21,Maize,Pusa HM8 Improved,Maharashtra,Maharashtra,Nandurbar,State recommendation mapped to IMD districts
21,Maize,Pusa HM8 Improved,Maharashtra,Maharashtra,Nasik,State recommendation mapped to IMD districts
21,Maize,Pusa HM8 Improved,Maharashtra,Maharashtra,Palghar,State recommendation mapped to IMD districts
21,Maize,Pusa HM8 Improved,Maharashtra,Maharashtra,Parbhani,State recommendation mapped to IMD districts
21,Maize,Pusa HM8 Improved,Maharashtra,Maharashtra,Pune,State recommendation mapped to IMD districts
21,Maize,Pusa HM8 Improved,Maharashtra,Maharashtra,Raigad,State recommendation mapped to IMD districts
21,Maize,Pusa HM8 Improved,Maharashtra,Maharashtra,Ratnagiri,State recommendation mapped to IMD districts
21,Maize,Pusa HM8 Improved,Maharashtra,Maharashtra,Sangli,State recommendation mapped to IMD districts
21,Maize,Pusa HM8 Improved,Maharashtra,Maharashtra,Satara,State recommendation mapped to IMD districts
21,Maize,Pusa HM8 Improved,Maharashtra,Maharashtra,Sindhudurg,State recommendation mapped to IMD districts
21,Maize,Pusa HM8 Improved,Maharashtra,Maharashtra,Solapur,State recommendation mapped to IMD districts
21,Maize,Pusa HM8 Improved,Maharashtra,Maharashtra,Suburban Mumbai,State recommendation mapped to IMD districts
21,Maize,Pusa HM8 Improved,Maharashtra,Maharashtra,Thane,State recommendation mapped to IMD districts
21,Maize,Pusa HM8 Improved,Maharashtra,Maharashtra,Wardha,State recommendation mapped to IMD districts
21,Maize,Pusa HM8 Improved,Maharashtra,Maharashtra,Washim,State recommendation mapped to IMD districts
21,Maize,Pusa HM8 Improved,Maharashtra,Maharashtra,Yavatmal,State recommendation mapped to IMD districts
22,Maize,Pusa HM9 Improved,Bihar,Bihar,Arariya,State recommendation mapped to IMD districts
22,Maize,Pusa HM9 Improved,Bihar,Bihar,Arwal,State recommendation mapped to IMD districts
22,Maize,Pusa HM9 Improved,Bihar,Bihar,Aurangabad,State recommendation mapped to IMD districts
22,Maize,Pusa HM9 Improved,Bihar,Bihar,Banka,State recommendation mapped to IMD districts
22,Maize,Pusa HM9 Improved,Bihar,Bihar,Begusarai,State recommendation mapped to IMD districts
22,Maize,Pusa HM9 Improved,Bihar,Bihar,Bhabua,State recommendation mapped to IMD districts
22,Maize,Pusa HM9 Improved,Bihar,Bihar,Bhagalpur,State recommendation mapped to IMD districts
22,Maize,Pusa HM9 Improved,Bihar,Bihar,Bhojpur,State recommendation mapped to IMD districts
22,Maize,Pusa HM9 Improved,Bihar,Bihar,Buxar,State recommendation mapped to IMD districts
22,Maize,Pusa HM9 Improved,Bihar,Bihar,Drabhanga,State recommendation mapped to IMD districts
22,Maize,Pusa HM9 Improved,Bihar,Bihar,Gaya,State recommendation mapped to IMD districts
22,Maize,Pusa HM9 Improved,Bihar,Bihar,Gopalganj,State recommendation mapped to IMD districts
22,Maize,Pusa HM9 Improved,Bihar,Bihar,Jahanabad,State recommendation mapped to IMD districts
22,Maize,Pusa HM9 Improved,Bihar,Bihar,Jamui,State recommendation mapped to IMD districts
22,Maize,Pusa HM9 Improved,Bihar,Bihar,Katihar,State recommendation mapped to IMD districts
22,Maize,Pusa HM9 Improved,Bihar,Bihar,Khagaria,State recommendation mapped to IMD districts
22,Maize,Pusa HM9 Improved,Bihar,Bihar,Kishanganj,State recommendation mapped to IMD districts
22,Maize,Pusa HM9 Improved,Bihar,Bihar,Lakhisarai,State recommendation mapped to IMD districts
22,Maize,Pusa HM9 Improved,Bihar,Bihar,Madhepura,State recommendation mapped to IMD districts
22,Maize,Pusa HM9 Improved,Bihar,Bihar,Madubani,State recommendation mapped to IMD districts
22,Maize,Pusa HM9 Improved,Bihar,Bihar,Munger,State recommendation mapped to IMD districts
22,Maize,Pusa HM9 Improved,Bihar,Bihar,Muzaffarpur,State recommendation mapped to IMD districts
22,Maize,Pusa HM9 Improved,Bihar,Bihar,Nalanda,State recommendation mapped to IMD districts
22,Maize,Pusa HM9 Improved,Bihar,Bihar,Nawada,State recommendation mapped to IMD districts
22,Maize,Pusa HM9 Improved,Bihar,Bihar,Pachim Champaran,State recommendation mapped to IMD districts
22,Maize,Pusa HM9 Improved,Bihar,Bihar,Patna,State recommendation mapped to IMD districts
22,Maize,Pusa HM9 Improved,Bihar,Bihar,Purba Champaran,State recommendation mapped to IMD districts
22,Maize,Pusa HM9 Improved,Bihar,Bihar,Purnia,State recommendation mapped to IMD districts
22,Maize,Pusa HM9 Improved,Bihar,Bihar,Rohtas,State recommendation mapped to IMD districts
22,Maize,Pusa HM9 Improved,Bihar,Bihar,Saharsa,State recommendation mapped to IMD districts
22,Maize,Pusa HM9 Improved,Bihar,Bihar,Samastipur,State recommendation mapped to IMD districts
22,Maize,Pusa HM9 Improved,Bihar,Bihar,Saran,State recommendation mapped to IMD districts
22,Maize,Pusa HM9 Improved,Bihar,Bihar,Sheikhpura,State recommendation mapped to IMD districts
22,Maize,Pusa HM9 Improved,Bihar,Bihar,Sheohar,State recommendation mapped to IMD districts
22,Maize,Pusa HM9 Improved,Bihar,Bihar,Sitamarhi,State recommendation mapped to IMD districts
22,Maize,Pusa HM9 Improved,Bihar,Bihar,Siwan,State recommendation mapped to IMD districts
22,Maize,Pusa HM9 Improved,Bihar,Bihar,Supaul,State recommendation mapped to IMD districts
22,Maize,Pusa HM9 Improved,Bihar,Bihar,Vaishali,State recommendation mapped to IMD districts
22,Maize,Pusa HM9 Improved,Jharkhand,Jharkhand,Bokaro,State recommendation mapped to IMD districts
22,Maize,Pusa HM9 Improved,Jharkhand,Jharkhand,Chatra,State recommendation mapped to IMD districts
22,Maize,Pusa HM9 Improved,Jharkhand,Jharkhand,Deoghar,State recommendation mapped to IMD districts
22,Maize,Pusa HM9 Improved,Jharkhand,Jharkhand,Dhanbad,State recommendation mapped to IMD districts
22,Maize,Pusa HM9 Improved,Jharkhand,Jharkhand,Dumka,State recommendation mapped to IMD districts
22,Maize,Pusa HM9 Improved,Jharkhand,Jharkhand,East Singhbhum,State recommendation mapped to IMD districts
22,Maize,Pusa HM9 Improved,Jharkhand,Jharkhand,Garhwa,State recommendation mapped to IMD districts
22,Maize,Pusa HM9 Improved,Jharkhand,Jharkhand,Giridih,State recommendation mapped to IMD districts
22,Maize,Pusa HM9 Improved,Jharkhand,Jharkhand,Godda,State recommendation mapped to IMD districts
22,Maize,Pusa HM9 Improved,Jharkhand,Jharkhand,Gumla,State recommendation mapped to IMD districts
22,Maize,Pusa HM9 Improved,Jharkhand,Jharkhand,Hazaribagh,State recommendation mapped to IMD districts
22,Maize,Pusa HM9 Improved,Jharkhand,Jharkhand,Jamtara,State recommendation mapped to IMD districts
22,Maize,Pusa HM9 Improved,Jharkhand,Jharkhand,Khunti,State recommendation mapped to IMD districts
22,Maize,Pusa HM9 Improved,Jharkhand,Jharkhand,Koderma,State recommendation mapped to IMD districts
22,Maize,Pusa HM9 Improved,Jharkhand,Jharkhand,Latehar,State recommendation mapped to IMD districts
22,Maize,Pusa HM9 Improved,Jharkhand,Jharkhand,Lohardaga,State recommendation mapped to IMD districts
22,Maize,Pusa HM9 Improved,Jharkhand,Jharkhand,Pakur,State recommendation mapped to IMD districts
22,Maize,Pusa HM9 Improved,Jharkhand,Jharkhand,Palamu,State recommendation mapped to IMD districts
22,Maize,Pusa HM9 Improved,Jharkhand,Jharkhand,Ramgarh,State recommendation mapped to IMD districts
22,Maize,Pusa HM9 Improved,Jharkhand,Jharkhand,Ranchi,State recommendation mapped to IMD districts
22,Maize,Pusa HM9 Improved,Jharkhand,Jharkhand,Sahebganj,State recommendation mapped to IMD districts
22,Maize,Pusa HM9 Improved,Jharkhand,Jharkhand,Saraikela,State recommendation mapped to IMD districts
22,Maize,Pusa HM9 Improved,Jharkhand,Jharkhand,Simdega,State recommendation mapped to IMD districts
22,Maize,Pusa HM9 Improved,Jharkhand,Jharkhand,West Singhbhum,State recommendation mapped to IMD districts
22,Maize,Pusa HM9 Improved,Odisha,Odisha,Anugul,State recommendation mapped to IMD districts
22,Maize,Pusa HM9 Improved,Odisha,Odisha,Balangir,State recommendation mapped to IMD districts
22,Maize,Pusa HM9 Improved,Odisha,Odisha,Baleshwar,State recommendation mapped to IMD districts
22,Maize,Pusa HM9 Improved,Odisha,Odisha,Baragarh,State recommendation mapped to IMD districts
22,Maize,Pusa HM9 Improved,Odisha,Odisha,Bauda,State recommendation mapped to IMD districts
22,Maize,Pusa HM9 Improved,Odisha,Odisha,Bhadrak,State recommendation mapped to IMD districts
22,Maize,Pusa HM9 Improved,Odisha,Odisha,Cuttack,State recommendation mapped to IMD districts
22,Maize,Pusa HM9 Improved,Odisha,Odisha,Deogarh,State recommendation mapped to IMD districts
22,Maize,Pusa HM9 Improved,Odisha,Odisha,Dhenkanal,State recommendation mapped to IMD districts
22,Maize,Pusa HM9 Improved,Odisha,Odisha,Gajapathi,State recommendation mapped to IMD districts
22,Maize,Pusa HM9 Improved,Odisha,Odisha,Ganjam,State recommendation mapped to IMD districts
22,Maize,Pusa HM9 Improved,Odisha,Odisha,Jagatsinghapur,State recommendation mapped to IMD districts
22,Maize,Pusa HM9 Improved,Odisha,Odisha,Jajapur,State recommendation mapped to IMD districts
22,Maize,Pusa HM9 Improved,Odisha,Odisha,Jharsuguda,State recommendation mapped to IMD districts
22,Maize,Pusa HM9 Improved,Odisha,Odisha,Kalahandi,State recommendation mapped to IMD districts
22,Maize,Pusa HM9 Improved,Odisha,Odisha,Kandhamal,State recommendation mapped to IMD districts
22,Maize,Pusa HM9 Improved,Odisha,Odisha,Kendraparha,State recommendation mapped to IMD districts
22,Maize,Pusa HM9 Improved,Odisha,Odisha,Kendujhar,State recommendation mapped to IMD districts
22,Maize,Pusa HM9 Improved,Odisha,Odisha,Khordha,State recommendation mapped to IMD districts
22,Maize,Pusa HM9 Improved,Odisha,Odisha,Koraput,State recommendation mapped to IMD districts
22,Maize,Pusa HM9 Improved,Odisha,Odisha,Malkangiri,State recommendation mapped to IMD districts
22,Maize,Pusa HM9 Improved,Odisha,Odisha,Mayurbhanj,State recommendation mapped to IMD districts
22,Maize,Pusa HM9 Improved,Odisha,Odisha,Nabarangapur,State recommendation mapped to IMD districts
22,Maize,Pusa HM9 Improved,Odisha,Odisha,Nayagarh,State recommendation mapped to IMD districts
22,Maize,Pusa HM9 Improved,Odisha,Odisha,Nuaparha,State recommendation mapped to IMD districts
22,Maize,Pusa HM9 Improved,Odisha,Odisha,Puri,State recommendation mapped to IMD districts
22,Maize,Pusa HM9 Improved,Odisha,Odisha,Rayagarha,State recommendation mapped to IMD districts
22,Maize,Pusa HM9 Improved,Odisha,Odisha,Sambalpur,State recommendation mapped to IMD districts
22,Maize,Pusa HM9 Improved,Odisha,Odisha,Subarnapur,State recommendation mapped to IMD districts
22,Maize,Pusa HM9 Improved,Odisha,Odisha,Sundargarh,State recommendation mapped to IMD districts
22,Maize,Pusa HM9 Improved,West Bengal,West Bengal,Alipurduar,State recommendation mapped to IMD districts
22,Maize,Pusa HM9 Improved,West Bengal,West Bengal,Bankura,State recommendation mapped to IMD districts
22,Maize,Pusa HM9 Improved,West Bengal,West Bengal,Birbhum,State recommendation mapped to IMD districts
22,Maize,Pusa HM9 Improved,West Bengal,West Bengal,Dakshin Dinajpur,State recommendation mapped to IMD districts
22,Maize,Pusa HM9 Improved,West Bengal,West Bengal,Darjeeling,State recommendation mapped to IMD districts
22,Maize,Pusa HM9 Improved,West Bengal,West Bengal,Eastmednipur,State recommendation mapped to IMD districts
22,Maize,Pusa HM9 Improved,West Bengal,West Bengal,Haora,State recommendation mapped to IMD districts
22,Maize,Pusa HM9 Improved,West Bengal,West Bengal,Hugli,State recommendation mapped to IMD districts
22,Maize,Pusa HM9 Improved,West Bengal,West Bengal,Jalpaiguri,State recommendation mapped to IMD districts
22,Maize,Pusa HM9 Improved,West Bengal,West Bengal,Jhargram,State recommendation mapped to IMD districts
22,Maize,Pusa HM9 Improved,West Bengal,West Bengal,Kalimpong,State recommendation mapped to IMD districts
22,Maize,Pusa HM9 Improved,West Bengal,West Bengal,Kolkata,State recommendation mapped to IMD districts
22,Maize,Pusa HM9 Improved,West Bengal,West Bengal,Malda,State recommendation mapped to IMD districts
22,Maize,Pusa HM9 Improved,West Bengal,West Bengal,Mursidabad,State recommendation mapped to IMD districts
22,Maize,Pusa HM9 Improved,West Bengal,West Bengal,Nadia,State recommendation mapped to IMD districts
22,Maize,Pusa HM9 Improved,West Bengal,West Bengal,North 24 Pragana,State recommendation mapped to IMD districts
22,Maize,Pusa HM9 Improved,West Bengal,West Bengal,Pashchim Medinipur,State recommendation mapped to IMD districts
22,Maize,Pusa HM9 Improved,West Bengal,West Bengal,Puruliya,State recommendation mapped to IMD districts
22,Maize,Pusa HM9 Improved,West Bengal,West Bengal,South 24 Parganas,State recommendation mapped to IMD districts
22,Maize,Pusa HM9 Improved,West Bengal,West Bengal,Uttar_Dinajpur,State recommendation mapped to IMD districts
22,Maize,Pusa HM9 Improved,Eastern Uttar Pradesh,,,Recommended state not found in IMD file
23,Maize,Pusa Vivek Hybrid-27 Improved,Bihar,Bihar,Arariya,State recommendation mapped to IMD districts
23,Maize,Pusa Vivek Hybrid-27 Improved,Bihar,Bihar,Arwal,State recommendation mapped to IMD districts
23,Maize,Pusa Vivek Hybrid-27 Improved,Bihar,Bihar,Aurangabad,State recommendation mapped to IMD districts
23,Maize,Pusa Vivek Hybrid-27 Improved,Bihar,Bihar,Banka,State recommendation mapped to IMD districts
23,Maize,Pusa Vivek Hybrid-27 Improved,Bihar,Bihar,Begusarai,State recommendation mapped to IMD districts
23,Maize,Pusa Vivek Hybrid-27 Improved,Bihar,Bihar,Bhabua,State recommendation mapped to IMD districts
23,Maize,Pusa Vivek Hybrid-27 Improved,Bihar,Bihar,Bhagalpur,State recommendation mapped to IMD districts
23,Maize,Pusa Vivek Hybrid-27 Improved,Bihar,Bihar,Bhojpur,State recommendation mapped to IMD districts
23,Maize,Pusa Vivek Hybrid-27 Improved,Bihar,Bihar,Buxar,State recommendation mapped to IMD districts
23,Maize,Pusa Vivek Hybrid-27 Improved,Bihar,Bihar,Drabhanga,State recommendation mapped to IMD districts
23,Maize,Pusa Vivek Hybrid-27 Improved,Bihar,Bihar,Gaya,State recommendation mapped to IMD districts
23,Maize,Pusa Vivek Hybrid-27 Improved,Bihar,Bihar,Gopalganj,State recommendation mapped to IMD districts
23,Maize,Pusa Vivek Hybrid-27 Improved,Bihar,Bihar,Jahanabad,State recommendation mapped to IMD districts
23,Maize,Pusa Vivek Hybrid-27 Improved,Bihar,Bihar,Jamui,State recommendation mapped to IMD districts
23,Maize,Pusa Vivek Hybrid-27 Improved,Bihar,Bihar,Katihar,State recommendation mapped to IMD districts
23,Maize,Pusa Vivek Hybrid-27 Improved,Bihar,Bihar,Khagaria,State recommendation mapped to IMD districts
23,Maize,Pusa Vivek Hybrid-27 Improved,Bihar,Bihar,Kishanganj,State recommendation mapped to IMD districts
23,Maize,Pusa Vivek Hybrid-27 Improved,Bihar,Bihar,Lakhisarai,State recommendation mapped to IMD districts
23,Maize,Pusa Vivek Hybrid-27 Improved,Bihar,Bihar,Madhepura,State recommendation mapped to IMD districts
23,Maize,Pusa Vivek Hybrid-27 Improved,Bihar,Bihar,Madubani,State recommendation mapped to IMD districts
23,Maize,Pusa Vivek Hybrid-27 Improved,Bihar,Bihar,Munger,State recommendation mapped to IMD districts
23,Maize,Pusa Vivek Hybrid-27 Improved,Bihar,Bihar,Muzaffarpur,State recommendation mapped to IMD districts
23,Maize,Pusa Vivek Hybrid-27 Improved,Bihar,Bihar,Nalanda,State recommendation mapped to IMD districts
23,Maize,Pusa Vivek Hybrid-27 Improved,Bihar,Bihar,Nawada,State recommendation mapped to IMD districts
23,Maize,Pusa Vivek Hybrid-27 Improved,Bihar,Bihar,Pachim Champaran,State recommendation mapped to IMD districts
23,Maize,Pusa Vivek Hybrid-27 Improved,Bihar,Bihar,Patna,State recommendation mapped to IMD districts
23,Maize,Pusa Vivek Hybrid-27 Improved,Bihar,Bihar,Purba Champaran,State recommendation mapped to IMD districts
23,Maize,Pusa Vivek Hybrid-27 Improved,Bihar,Bihar,Purnia,State recommendation mapped to IMD districts
23,Maize,Pusa Vivek Hybrid-27 Improved,Bihar,Bihar,Rohtas,State recommendation mapped to IMD districts
23,Maize,Pusa Vivek Hybrid-27 Improved,Bihar,Bihar,Saharsa,State recommendation mapped to IMD districts
23,Maize,Pusa Vivek Hybrid-27 Improved,Bihar,Bihar,Samastipur,State recommendation mapped to IMD districts
23,Maize,Pusa Vivek Hybrid-27 Improved,Bihar,Bihar,Saran,State recommendation mapped to IMD districts
23,Maize,Pusa Vivek Hybrid-27 Improved,Bihar,Bihar,Sheikhpura,State recommendation mapped to IMD districts
23,Maize,Pusa Vivek Hybrid-27 Improved,Bihar,Bihar,Sheohar,State recommendation mapped to IMD districts
23,Maize,Pusa Vivek Hybrid-27 Improved,Bihar,Bihar,Sitamarhi,State recommendation mapped to IMD districts
23,Maize,Pusa Vivek Hybrid-27 Improved,Bihar,Bihar,Siwan,State recommendation mapped to IMD districts
23,Maize,Pusa Vivek Hybrid-27 Improved,Bihar,Bihar,Supaul,State recommendation mapped to IMD districts
23,Maize,Pusa Vivek Hybrid-27 Improved,Bihar,Bihar,Vaishali,State recommendation mapped to IMD districts
23,Maize,Pusa Vivek Hybrid-27 Improved,Jharkhand,Jharkhand,Bokaro,State recommendation mapped to IMD districts
23,Maize,Pusa Vivek Hybrid-27 Improved,Jharkhand,Jharkhand,Chatra,State recommendation mapped to IMD districts
23,Maize,Pusa Vivek Hybrid-27 Improved,Jharkhand,Jharkhand,Deoghar,State recommendation mapped to IMD districts
23,Maize,Pusa Vivek Hybrid-27 Improved,Jharkhand,Jharkhand,Dhanbad,State recommendation mapped to IMD districts
23,Maize,Pusa Vivek Hybrid-27 Improved,Jharkhand,Jharkhand,Dumka,State recommendation mapped to IMD districts
23,Maize,Pusa Vivek Hybrid-27 Improved,Jharkhand,Jharkhand,East Singhbhum,State recommendation mapped to IMD districts
23,Maize,Pusa Vivek Hybrid-27 Improved,Jharkhand,Jharkhand,Garhwa,State recommendation mapped to IMD districts
23,Maize,Pusa Vivek Hybrid-27 Improved,Jharkhand,Jharkhand,Giridih,State recommendation mapped to IMD districts
23,Maize,Pusa Vivek Hybrid-27 Improved,Jharkhand,Jharkhand,Godda,State recommendation mapped to IMD districts
23,Maize,Pusa Vivek Hybrid-27 Improved,Jharkhand,Jharkhand,Gumla,State recommendation mapped to IMD districts
23,Maize,Pusa Vivek Hybrid-27 Improved,Jharkhand,Jharkhand,Hazaribagh,State recommendation mapped to IMD districts
23,Maize,Pusa Vivek Hybrid-27 Improved,Jharkhand,Jharkhand,Jamtara,State recommendation mapped to IMD districts
23,Maize,Pusa Vivek Hybrid-27 Improved,Jharkhand,Jharkhand,Khunti,State recommendation mapped to IMD districts
23,Maize,Pusa Vivek Hybrid-27 Improved,Jharkhand,Jharkhand,Koderma,State recommendation mapped to IMD districts
23,Maize,Pusa Vivek Hybrid-27 Improved,Jharkhand,Jharkhand,Latehar,State recommendation mapped to IMD districts
23,Maize,Pusa Vivek Hybrid-27 Improved,Jharkhand,Jharkhand,Lohardaga,State recommendation mapped to IMD districts
23,Maize,Pusa Vivek Hybrid-27 Improved,Jharkhand,Jharkhand,Pakur,State recommendation mapped to IMD districts
23,Maize,Pusa Vivek Hybrid-27 Improved,Jharkhand,Jharkhand,Palamu,State recommendation mapped to IMD districts
23,Maize,Pusa Vivek Hybrid-27 Improved,Jharkhand,Jharkhand,Ramgarh,State recommendation mapped to IMD districts
23,Maize,Pusa Vivek Hybrid-27 Improved,Jharkhand,Jharkhand,Ranchi,State recommendation mapped to IMD districts
23,Maize,Pusa Vivek Hybrid-27 Improved,Jharkhand,Jharkhand,Sahebganj,State recommendation mapped to IMD districts
23,Maize,Pusa Vivek Hybrid-27 Improved,Jharkhand,Jharkhand,Saraikela,State recommendation mapped to IMD districts
23,Maize,Pusa Vivek Hybrid-27 Improved,Jharkhand,Jharkhand,Simdega,State recommendation mapped to IMD districts
23,Maize,Pusa Vivek Hybrid-27 Improved,Jharkhand,Jharkhand,West Singhbhum,State recommendation mapped to IMD districts
23,Maize,Pusa Vivek Hybrid-27 Improved,Odisha,Odisha,Anugul,State recommendation mapped to IMD districts
23,Maize,Pusa Vivek Hybrid-27 Improved,Odisha,Odisha,Balangir,State recommendation mapped to IMD districts
23,Maize,Pusa Vivek Hybrid-27 Improved,Odisha,Odisha,Baleshwar,State recommendation mapped to IMD districts
23,Maize,Pusa Vivek Hybrid-27 Improved,Odisha,Odisha,Baragarh,State recommendation mapped to IMD districts
23,Maize,Pusa Vivek Hybrid-27 Improved,Odisha,Odisha,Bauda,State recommendation mapped to IMD districts
23,Maize,Pusa Vivek Hybrid-27 Improved,Odisha,Odisha,Bhadrak,State recommendation mapped to IMD districts
23,Maize,Pusa Vivek Hybrid-27 Improved,Odisha,Odisha,Cuttack,State recommendation mapped to IMD districts
23,Maize,Pusa Vivek Hybrid-27 Improved,Odisha,Odisha,Deogarh,State recommendation mapped to IMD districts
23,Maize,Pusa Vivek Hybrid-27 Improved,Odisha,Odisha,Dhenkanal,State recommendation mapped to IMD districts
23,Maize,Pusa Vivek Hybrid-27 Improved,Odisha,Odisha,Gajapathi,State recommendation mapped to IMD districts
23,Maize,Pusa Vivek Hybrid-27 Improved,Odisha,Odisha,Ganjam,State recommendation mapped to IMD districts
23,Maize,Pusa Vivek Hybrid-27 Improved,Odisha,Odisha,Jagatsinghapur,State recommendation mapped to IMD districts
23,Maize,Pusa Vivek Hybrid-27 Improved,Odisha,Odisha,Jajapur,State recommendation mapped to IMD districts
23,Maize,Pusa Vivek Hybrid-27 Improved,Odisha,Odisha,Jharsuguda,State recommendation mapped to IMD districts
23,Maize,Pusa Vivek Hybrid-27 Improved,Odisha,Odisha,Kalahandi,State recommendation mapped to IMD districts
23,Maize,Pusa Vivek Hybrid-27 Improved,Odisha,Odisha,Kandhamal,State recommendation mapped to IMD districts
23,Maize,Pusa Vivek Hybrid-27 Improved,Odisha,Odisha,Kendraparha,State recommendation mapped to IMD districts
23,Maize,Pusa Vivek Hybrid-27 Improved,Odisha,Odisha,Kendujhar,State recommendation mapped to IMD districts
23,Maize,Pusa Vivek Hybrid-27 Improved,Odisha,Odisha,Khordha,State recommendation mapped to IMD districts
23,Maize,Pusa Vivek Hybrid-27 Improved,Odisha,Odisha,Koraput,State recommendation mapped to IMD districts
23,Maize,Pusa Vivek Hybrid-27 Improved,Odisha,Odisha,Malkangiri,State recommendation mapped to IMD districts
23,Maize,Pusa Vivek Hybrid-27 Improved,Odisha,Odisha,Mayurbhanj,State recommendation mapped to IMD districts
23,Maize,Pusa Vivek Hybrid-27 Improved,Odisha,Odisha,Nabarangapur,State recommendation mapped to IMD districts
23,Maize,Pusa Vivek Hybrid-27 Improved,Odisha,Odisha,Nayagarh,State recommendation mapped to IMD districts
23,Maize,Pusa Vivek Hybrid-27 Improved,Odisha,Odisha,Nuaparha,State recommendation mapped to IMD districts
23,Maize,Pusa Vivek Hybrid-27 Improved,Odisha,Odisha,Puri,State recommendation mapped to IMD districts
23,Maize,Pusa Vivek Hybrid-27 Improved,Odisha,Odisha,Rayagarha,State recommendation mapped to IMD districts
23,Maize,Pusa Vivek Hybrid-27 Improved,Odisha,Odisha,Sambalpur,State recommendation mapped to IMD districts
23,Maize,Pusa Vivek Hybrid-27 Improved,Odisha,Odisha,Subarnapur,State recommendation mapped to IMD districts
23,Maize,Pusa Vivek Hybrid-27 Improved,Odisha,Odisha,Sundargarh,State recommendation mapped to IMD districts
23,Maize,Pusa Vivek Hybrid-27 Improved,West Bengal,West Bengal,Alipurduar,State recommendation mapped to IMD districts
23,Maize,Pusa Vivek Hybrid-27 Improved,West Bengal,West Bengal,Bankura,State recommendation mapped to IMD districts
23,Maize,Pusa Vivek Hybrid-27 Improved,West Bengal,West Bengal,Birbhum,State recommendation mapped to IMD districts
23,Maize,Pusa Vivek Hybrid-27 Improved,West Bengal,West Bengal,Dakshin Dinajpur,State recommendation mapped to IMD districts
23,Maize,Pusa Vivek Hybrid-27 Improved,West Bengal,West Bengal,Darjeeling,State recommendation mapped to IMD districts
23,Maize,Pusa Vivek Hybrid-27 Improved,West Bengal,West Bengal,Eastmednipur,State recommendation mapped to IMD districts
23,Maize,Pusa Vivek Hybrid-27 Improved,West Bengal,West Bengal,Haora,State recommendation mapped to IMD districts
23,Maize,Pusa Vivek Hybrid-27 Improved,West Bengal,West Bengal,Hugli,State recommendation mapped to IMD districts
23,Maize,Pusa Vivek Hybrid-27 Improved,West Bengal,West Bengal,Jalpaiguri,State recommendation mapped to IMD districts
23,Maize,Pusa Vivek Hybrid-27 Improved,West Bengal,West Bengal,Jhargram,State recommendation mapped to IMD districts
23,Maize,Pusa Vivek Hybrid-27 Improved,West Bengal,West Bengal,Kalimpong,State recommendation mapped to IMD districts
23,Maize,Pusa Vivek Hybrid-27 Improved,West Bengal,West Bengal,Kolkata,State recommendation mapped to IMD districts
23,Maize,Pusa Vivek Hybrid-27 Improved,West Bengal,West Bengal,Malda,State recommendation mapped to IMD districts
23,Maize,Pusa Vivek Hybrid-27 Improved,West Bengal,West Bengal,Mursidabad,State recommendation mapped to IMD districts
23,Maize,Pusa Vivek Hybrid-27 Improved,West Bengal,West Bengal,Nadia,State recommendation mapped to IMD districts
23,Maize,Pusa Vivek Hybrid-27 Improved,West Bengal,West Bengal,North 24 Pragana,State recommendation mapped to IMD districts
23,Maize,Pusa Vivek Hybrid-27 Improved,West Bengal,West Bengal,Pashchim Medinipur,State recommendation mapped to IMD districts
23,Maize,Pusa Vivek Hybrid-27 Improved,West Bengal,West Bengal,Puruliya,State recommendation mapped to IMD districts
23,Maize,Pusa Vivek Hybrid-27 Improved,West Bengal,West Bengal,South 24 Parganas,State recommendation mapped to IMD districts
23,Maize,Pusa Vivek Hybrid-27 Improved,West Bengal,West Bengal,Uttar_Dinajpur,State recommendation mapped to IMD districts
23,Maize,Pusa Vivek Hybrid-27 Improved,Eastern Uttar Pradesh,,,Recommended state not found in IMD file
24,Maize,Pusa HQPM-5 Improved,All India,,,Country-wide recommendation; district mapping deferred
25,Maize,Pusa HQPM-7 Improved,Maharashtra,Maharashtra,Ahmadnagar,State recommendation mapped to IMD districts
25,Maize,Pusa HQPM-7 Improved,Maharashtra,Maharashtra,Akola,State recommendation mapped to IMD districts
25,Maize,Pusa HQPM-7 Improved,Maharashtra,Maharashtra,Amaravati,State recommendation mapped to IMD districts
25,Maize,Pusa HQPM-7 Improved,Maharashtra,Maharashtra,Bhandara,State recommendation mapped to IMD districts
25,Maize,Pusa HQPM-7 Improved,Maharashtra,Maharashtra,Bid,State recommendation mapped to IMD districts
25,Maize,Pusa HQPM-7 Improved,Maharashtra,Maharashtra,Buldhana,State recommendation mapped to IMD districts
25,Maize,Pusa HQPM-7 Improved,Maharashtra,Maharashtra,Chandrapur,State recommendation mapped to IMD districts
25,Maize,Pusa HQPM-7 Improved,Maharashtra,Maharashtra,Chhatrapati Sambhajinagar,State recommendation mapped to IMD districts
25,Maize,Pusa HQPM-7 Improved,Maharashtra,Maharashtra,Dharashiv,State recommendation mapped to IMD districts
25,Maize,Pusa HQPM-7 Improved,Maharashtra,Maharashtra,Dhule,State recommendation mapped to IMD districts
25,Maize,Pusa HQPM-7 Improved,Maharashtra,Maharashtra,Gadchiroli,State recommendation mapped to IMD districts
25,Maize,Pusa HQPM-7 Improved,Maharashtra,Maharashtra,Gondiya,State recommendation mapped to IMD districts
25,Maize,Pusa HQPM-7 Improved,Maharashtra,Maharashtra,Hingoli,State recommendation mapped to IMD districts
25,Maize,Pusa HQPM-7 Improved,Maharashtra,Maharashtra,Jalgaon,State recommendation mapped to IMD districts
25,Maize,Pusa HQPM-7 Improved,Maharashtra,Maharashtra,Jalna,State recommendation mapped to IMD districts
25,Maize,Pusa HQPM-7 Improved,Maharashtra,Maharashtra,Kolhapur,State recommendation mapped to IMD districts
25,Maize,Pusa HQPM-7 Improved,Maharashtra,Maharashtra,Latur,State recommendation mapped to IMD districts
25,Maize,Pusa HQPM-7 Improved,Maharashtra,Maharashtra,Mumbai City,State recommendation mapped to IMD districts
25,Maize,Pusa HQPM-7 Improved,Maharashtra,Maharashtra,Nagpur,State recommendation mapped to IMD districts
25,Maize,Pusa HQPM-7 Improved,Maharashtra,Maharashtra,Nanded,State recommendation mapped to IMD districts
25,Maize,Pusa HQPM-7 Improved,Maharashtra,Maharashtra,Nandurbar,State recommendation mapped to IMD districts
25,Maize,Pusa HQPM-7 Improved,Maharashtra,Maharashtra,Nasik,State recommendation mapped to IMD districts
25,Maize,Pusa HQPM-7 Improved,Maharashtra,Maharashtra,Palghar,State recommendation mapped to IMD districts
25,Maize,Pusa HQPM-7 Improved,Maharashtra,Maharashtra,Parbhani,State recommendation mapped to IMD districts
25,Maize,Pusa HQPM-7 Improved,Maharashtra,Maharashtra,Pune,State recommendation mapped to IMD districts
25,Maize,Pusa HQPM-7 Improved,Maharashtra,Maharashtra,Raigad,State recommendation mapped to IMD districts
25,Maize,Pusa HQPM-7 Improved,Maharashtra,Maharashtra,Ratnagiri,State recommendation mapped to IMD districts
25,Maize,Pusa HQPM-7 Improved,Maharashtra,Maharashtra,Sangli,State recommendation mapped to IMD districts
25,Maize,Pusa HQPM-7 Improved,Maharashtra,Maharashtra,Satara,State recommendation mapped to IMD districts
25,Maize,Pusa HQPM-7 Improved,Maharashtra,Maharashtra,Sindhudurg,State recommendation mapped to IMD districts
25,Maize,Pusa HQPM-7 Improved,Maharashtra,Maharashtra,Solapur,State recommendation mapped to IMD districts
25,Maize,Pusa HQPM-7 Improved,Maharashtra,Maharashtra,Suburban Mumbai,State recommendation mapped to IMD districts
25,Maize,Pusa HQPM-7 Improved,Maharashtra,Maharashtra,Thane,State recommendation mapped to IMD districts
25,Maize,Pusa HQPM-7 Improved,Maharashtra,Maharashtra,Wardha,State recommendation mapped to IMD districts
25,Maize,Pusa HQPM-7 Improved,Maharashtra,Maharashtra,Washim,State recommendation mapped to IMD districts
25,Maize,Pusa HQPM-7 Improved,Maharashtra,Maharashtra,Yavatmal,State recommendation mapped to IMD districts
25,Maize,Pusa HQPM-7 Improved,Karnataka,Karnataka,Bagalkot,State recommendation mapped to IMD districts
25,Maize,Pusa HQPM-7 Improved,Karnataka,Karnataka,Bangalore Rural,State recommendation mapped to IMD districts
25,Maize,Pusa HQPM-7 Improved,Karnataka,Karnataka,Banglore Urban,State recommendation mapped to IMD districts
25,Maize,Pusa HQPM-7 Improved,Karnataka,Karnataka,Belgaum,State recommendation mapped to IMD districts
25,Maize,Pusa HQPM-7 Improved,Karnataka,Karnataka,Bellary,State recommendation mapped to IMD districts
25,Maize,Pusa HQPM-7 Improved,Karnataka,Karnataka,Bidar,State recommendation mapped to IMD districts
25,Maize,Pusa HQPM-7 Improved,Karnataka,Karnataka,Bijaapur,State recommendation mapped to IMD districts
25,Maize,Pusa HQPM-7 Improved,Karnataka,Karnataka,Chamarajanagar,State recommendation mapped to IMD districts
25,Maize,Pusa HQPM-7 Improved,Karnataka,Karnataka,Chikballapur,State recommendation mapped to IMD districts
25,Maize,Pusa HQPM-7 Improved,Karnataka,Karnataka,Chikmagalur,State recommendation mapped to IMD districts
25,Maize,Pusa HQPM-7 Improved,Karnataka,Karnataka,Chitradurga,State recommendation mapped to IMD districts
25,Maize,Pusa HQPM-7 Improved,Karnataka,Karnataka,Dakshin Kannada,State recommendation mapped to IMD districts
25,Maize,Pusa HQPM-7 Improved,Karnataka,Karnataka,Davangere,State recommendation mapped to IMD districts
25,Maize,Pusa HQPM-7 Improved,Karnataka,Karnataka,Dharwad,State recommendation mapped to IMD districts
25,Maize,Pusa HQPM-7 Improved,Karnataka,Karnataka,Gadag,State recommendation mapped to IMD districts
25,Maize,Pusa HQPM-7 Improved,Karnataka,Karnataka,Gulbarga,State recommendation mapped to IMD districts
25,Maize,Pusa HQPM-7 Improved,Karnataka,Karnataka,Hassan,State recommendation mapped to IMD districts
25,Maize,Pusa HQPM-7 Improved,Karnataka,Karnataka,Haveri,State recommendation mapped to IMD districts
25,Maize,Pusa HQPM-7 Improved,Karnataka,Karnataka,Kodagu,State recommendation mapped to IMD districts
25,Maize,Pusa HQPM-7 Improved,Karnataka,Karnataka,Kolar,State recommendation mapped to IMD districts
25,Maize,Pusa HQPM-7 Improved,Karnataka,Karnataka,Koppal,State recommendation mapped to IMD districts
25,Maize,Pusa HQPM-7 Improved,Karnataka,Karnataka,Mandhya,State recommendation mapped to IMD districts
25,Maize,Pusa HQPM-7 Improved,Karnataka,Karnataka,Mysore,State recommendation mapped to IMD districts
25,Maize,Pusa HQPM-7 Improved,Karnataka,Karnataka,Raichur,State recommendation mapped to IMD districts
25,Maize,Pusa HQPM-7 Improved,Karnataka,Karnataka,Ramnagar,State recommendation mapped to IMD districts
25,Maize,Pusa HQPM-7 Improved,Karnataka,Karnataka,Shimoga,State recommendation mapped to IMD districts
25,Maize,Pusa HQPM-7 Improved,Karnataka,Karnataka,Tumkur,State recommendation mapped to IMD districts
25,Maize,Pusa HQPM-7 Improved,Karnataka,Karnataka,Udupi,State recommendation mapped to IMD districts
25,Maize,Pusa HQPM-7 Improved,Karnataka,Karnataka,Uttar Kannada,State recommendation mapped to IMD districts
25,Maize,Pusa HQPM-7 Improved,Karnataka,Karnataka,Vijayanagara,State recommendation mapped to IMD districts
25,Maize,Pusa HQPM-7 Improved,Karnataka,Karnataka,Yadgir,State recommendation mapped to IMD districts
25,Maize,Pusa HQPM-7 Improved,Andhra Pradesh,Andhra Pradesh,Anakapalli,State recommendation mapped to IMD districts
25,Maize,Pusa HQPM-7 Improved,Andhra Pradesh,Andhra Pradesh,Anantapuramu,State recommendation mapped to IMD districts
25,Maize,Pusa HQPM-7 Improved,Andhra Pradesh,Andhra Pradesh,Annamayya District,State recommendation mapped to IMD districts
25,Maize,Pusa HQPM-7 Improved,Andhra Pradesh,Andhra Pradesh,Bapatla,State recommendation mapped to IMD districts
25,Maize,Pusa HQPM-7 Improved,Andhra Pradesh,Andhra Pradesh,Chittoor,State recommendation mapped to IMD districts
25,Maize,Pusa HQPM-7 Improved,Andhra Pradesh,Andhra Pradesh,Dr B R Ambedkar Konaseema,State recommendation mapped to IMD districts
25,Maize,Pusa HQPM-7 Improved,Andhra Pradesh,Andhra Pradesh,East Godavari,State recommendation mapped to IMD districts
25,Maize,Pusa HQPM-7 Improved,Andhra Pradesh,Andhra Pradesh,Eluru,State recommendation mapped to IMD districts
25,Maize,Pusa HQPM-7 Improved,Andhra Pradesh,Andhra Pradesh,Guntur,State recommendation mapped to IMD districts
25,Maize,Pusa HQPM-7 Improved,Andhra Pradesh,Andhra Pradesh,Kakinada,State recommendation mapped to IMD districts
25,Maize,Pusa HQPM-7 Improved,Andhra Pradesh,Andhra Pradesh,Krishna,State recommendation mapped to IMD districts
25,Maize,Pusa HQPM-7 Improved,Andhra Pradesh,Andhra Pradesh,Kurnool,State recommendation mapped to IMD districts
25,Maize,Pusa HQPM-7 Improved,Andhra Pradesh,Andhra Pradesh,Nandyal,State recommendation mapped to IMD districts
25,Maize,Pusa HQPM-7 Improved,Andhra Pradesh,Andhra Pradesh,Ntr District,State recommendation mapped to IMD districts
25,Maize,Pusa HQPM-7 Improved,Andhra Pradesh,Andhra Pradesh,Palnadu,State recommendation mapped to IMD districts
25,Maize,Pusa HQPM-7 Improved,Andhra Pradesh,Andhra Pradesh,Parvathipuram Manyam,State recommendation mapped to IMD districts
25,Maize,Pusa HQPM-7 Improved,Andhra Pradesh,Andhra Pradesh,Prakasam,State recommendation mapped to IMD districts
25,Maize,Pusa HQPM-7 Improved,Andhra Pradesh,Andhra Pradesh,Spsr Nellore,State recommendation mapped to IMD districts
25,Maize,Pusa HQPM-7 Improved,Andhra Pradesh,Andhra Pradesh,Sri Alluri Sitharamaraju District,State recommendation mapped to IMD districts
25,Maize,Pusa HQPM-7 Improved,Andhra Pradesh,Andhra Pradesh,Srikakulam,State recommendation mapped to IMD districts
25,Maize,Pusa HQPM-7 Improved,Andhra Pradesh,Andhra Pradesh,Sri Sathyasai District,State recommendation mapped to IMD districts
25,Maize,Pusa HQPM-7 Improved,Andhra Pradesh,Andhra Pradesh,Tirupati,State recommendation mapped to IMD districts
25,Maize,Pusa HQPM-7 Improved,Andhra Pradesh,Andhra Pradesh,Vishakhapatnam,State recommendation mapped to IMD districts
25,Maize,Pusa HQPM-7 Improved,Andhra Pradesh,Andhra Pradesh,Vizianagaram,State recommendation mapped to IMD districts
25,Maize,Pusa HQPM-7 Improved,Andhra Pradesh,Andhra Pradesh,West Godavari,State recommendation mapped to IMD districts
25,Maize,Pusa HQPM-7 Improved,Andhra Pradesh,Andhra Pradesh,Ysr District,State recommendation mapped to IMD districts
25,Maize,Pusa HQPM-7 Improved,Telangana,Telangana,Adilabad,State recommendation mapped to IMD districts
25,Maize,Pusa HQPM-7 Improved,Telangana,Telangana,B. Kothagudem,State recommendation mapped to IMD districts
25,Maize,Pusa HQPM-7 Improved,Telangana,Telangana,Hanumakonda,State recommendation mapped to IMD districts
25,Maize,Pusa HQPM-7 Improved,Telangana,Telangana,Hyderabad,State recommendation mapped to IMD districts
25,Maize,Pusa HQPM-7 Improved,Telangana,Telangana,Jagtial,State recommendation mapped to IMD districts
25,Maize,Pusa HQPM-7 Improved,Telangana,Telangana,Jangaon,State recommendation mapped to IMD districts
25,Maize,Pusa HQPM-7 Improved,Telangana,Telangana,J. Bhupalpally,State recommendation mapped to IMD districts
25,Maize,Pusa HQPM-7 Improved,Telangana,Telangana,Jogulamba Gadwal,State recommendation mapped to IMD districts
25,Maize,Pusa HQPM-7 Improved,Telangana,Telangana,Kamareddy,State recommendation mapped to IMD districts
25,Maize,Pusa HQPM-7 Improved,Telangana,Telangana,Karimnagar,State recommendation mapped to IMD districts
25,Maize,Pusa HQPM-7 Improved,Telangana,Telangana,Khammam,State recommendation mapped to IMD districts
25,Maize,Pusa HQPM-7 Improved,Telangana,Telangana,Kumaram Bheem,State recommendation mapped to IMD districts
25,Maize,Pusa HQPM-7 Improved,Telangana,Telangana,Mahabubabad,State recommendation mapped to IMD districts
25,Maize,Pusa HQPM-7 Improved,Telangana,Telangana,Mahabubnagar,State recommendation mapped to IMD districts
25,Maize,Pusa HQPM-7 Improved,Telangana,Telangana,Mancherial,State recommendation mapped to IMD districts
25,Maize,Pusa HQPM-7 Improved,Telangana,Telangana,Medak,State recommendation mapped to IMD districts
25,Maize,Pusa HQPM-7 Improved,Telangana,Telangana,M. Malkajgiri,State recommendation mapped to IMD districts
25,Maize,Pusa HQPM-7 Improved,Telangana,Telangana,Mulugu,State recommendation mapped to IMD districts
25,Maize,Pusa HQPM-7 Improved,Telangana,Telangana,Nagarkurnool,State recommendation mapped to IMD districts
25,Maize,Pusa HQPM-7 Improved,Telangana,Telangana,Nalgonda,State recommendation mapped to IMD districts
25,Maize,Pusa HQPM-7 Improved,Telangana,Telangana,Narayanpet,State recommendation mapped to IMD districts
25,Maize,Pusa HQPM-7 Improved,Telangana,Telangana,Nirmal,State recommendation mapped to IMD districts
25,Maize,Pusa HQPM-7 Improved,Telangana,Telangana,Nizamabad,State recommendation mapped to IMD districts
25,Maize,Pusa HQPM-7 Improved,Telangana,Telangana,Peddapalle,State recommendation mapped to IMD districts
25,Maize,Pusa HQPM-7 Improved,Telangana,Telangana,Rajanna Sircilla,State recommendation mapped to IMD districts
25,Maize,Pusa HQPM-7 Improved,Telangana,Telangana,Rangareddy,State recommendation mapped to IMD districts
25,Maize,Pusa HQPM-7 Improved,Telangana,Telangana,Sangareddy,State recommendation mapped to IMD districts
25,Maize,Pusa HQPM-7 Improved,Telangana,Telangana,Siddipet,State recommendation mapped to IMD districts
25,Maize,Pusa HQPM-7 Improved,Telangana,Telangana,Suryapet,State recommendation mapped to IMD districts
25,Maize,Pusa HQPM-7 Improved,Telangana,Telangana,Vikarabad,State recommendation mapped to IMD districts
25,Maize,Pusa HQPM-7 Improved,Telangana,Telangana,Wanaparthy,State recommendation mapped to IMD districts
25,Maize,Pusa HQPM-7 Improved,Telangana,Telangana,Warangal,State recommendation mapped to IMD districts
25,Maize,Pusa HQPM-7 Improved,Telangana,Telangana,Y. Bhuvanagiri,State recommendation mapped to IMD districts
25,Maize,Pusa HQPM-7 Improved,Tamil Nadu,Tamil Nadu,Ariyalur,State recommendation mapped to IMD districts
25,Maize,Pusa HQPM-7 Improved,Tamil Nadu,Tamil Nadu,Chengalpattu,State recommendation mapped to IMD districts
25,Maize,Pusa HQPM-7 Improved,Tamil Nadu,Tamil Nadu,Chennai,State recommendation mapped to IMD districts
25,Maize,Pusa HQPM-7 Improved,Tamil Nadu,Tamil Nadu,Coimbatore,State recommendation mapped to IMD districts
25,Maize,Pusa HQPM-7 Improved,Tamil Nadu,Tamil Nadu,Cuddalore,State recommendation mapped to IMD districts
25,Maize,Pusa HQPM-7 Improved,Tamil Nadu,Tamil Nadu,Dharampuri,State recommendation mapped to IMD districts
25,Maize,Pusa HQPM-7 Improved,Tamil Nadu,Tamil Nadu,Dindigul,State recommendation mapped to IMD districts
25,Maize,Pusa HQPM-7 Improved,Tamil Nadu,Tamil Nadu,Erode,State recommendation mapped to IMD districts
25,Maize,Pusa HQPM-7 Improved,Tamil Nadu,Tamil Nadu,Kallakurichi,State recommendation mapped to IMD districts
25,Maize,Pusa HQPM-7 Improved,Tamil Nadu,Tamil Nadu,Kanchipuram,State recommendation mapped to IMD districts
25,Maize,Pusa HQPM-7 Improved,Tamil Nadu,Tamil Nadu,Kanyakumari,State recommendation mapped to IMD districts
25,Maize,Pusa HQPM-7 Improved,Tamil Nadu,Tamil Nadu,Karur,State recommendation mapped to IMD districts
25,Maize,Pusa HQPM-7 Improved,Tamil Nadu,Tamil Nadu,Krishnagiri,State recommendation mapped to IMD districts
25,Maize,Pusa HQPM-7 Improved,Tamil Nadu,Tamil Nadu,Madurai,State recommendation mapped to IMD districts
25,Maize,Pusa HQPM-7 Improved,Tamil Nadu,Tamil Nadu,Nagapattinam,State recommendation mapped to IMD districts
25,Maize,Pusa HQPM-7 Improved,Tamil Nadu,Tamil Nadu,Namakkal,State recommendation mapped to IMD districts
25,Maize,Pusa HQPM-7 Improved,Tamil Nadu,Tamil Nadu,Nilgiri,State recommendation mapped to IMD districts
25,Maize,Pusa HQPM-7 Improved,Tamil Nadu,Tamil Nadu,Perambalur,State recommendation mapped to IMD districts
25,Maize,Pusa HQPM-7 Improved,Tamil Nadu,Tamil Nadu,Pudukkottai,State recommendation mapped to IMD districts
25,Maize,Pusa HQPM-7 Improved,Tamil Nadu,Tamil Nadu,Ramanathapuram,State recommendation mapped to IMD districts
25,Maize,Pusa HQPM-7 Improved,Tamil Nadu,Tamil Nadu,Ranipet,State recommendation mapped to IMD districts
25,Maize,Pusa HQPM-7 Improved,Tamil Nadu,Tamil Nadu,Salem,State recommendation mapped to IMD districts
25,Maize,Pusa HQPM-7 Improved,Tamil Nadu,Tamil Nadu,Sivaganga,State recommendation mapped to IMD districts
25,Maize,Pusa HQPM-7 Improved,Tamil Nadu,Tamil Nadu,Teni,State recommendation mapped to IMD districts
25,Maize,Pusa HQPM-7 Improved,Tamil Nadu,Tamil Nadu,Tenkasi,State recommendation mapped to IMD districts
25,Maize,Pusa HQPM-7 Improved,Tamil Nadu,Tamil Nadu,Thanjavur,State recommendation mapped to IMD districts
25,Maize,Pusa HQPM-7 Improved,Tamil Nadu,Tamil Nadu,Thiruvarur,State recommendation mapped to IMD districts
25,Maize,Pusa HQPM-7 Improved,Tamil Nadu,Tamil Nadu,Tiruchirappalli,State recommendation mapped to IMD districts
25,Maize,Pusa HQPM-7 Improved,Tamil Nadu,Tamil Nadu,Tirunelveli,State recommendation mapped to IMD districts
25,Maize,Pusa HQPM-7 Improved,Tamil Nadu,Tamil Nadu,Tirupattur,State recommendation mapped to IMD districts
25,Maize,Pusa HQPM-7 Improved,Tamil Nadu,Tamil Nadu,Tiruppur,State recommendation mapped to IMD districts
25,Maize,Pusa HQPM-7 Improved,Tamil Nadu,Tamil Nadu,Tiruvallur,State recommendation mapped to IMD districts
25,Maize,Pusa HQPM-7 Improved,Tamil Nadu,Tamil Nadu,Tiruvannamalai,State recommendation mapped to IMD districts
25,Maize,Pusa HQPM-7 Improved,Tamil Nadu,Tamil Nadu,Tuticorin,State recommendation mapped to IMD districts
25,Maize,Pusa HQPM-7 Improved,Tamil Nadu,Tamil Nadu,Vellore,State recommendation mapped to IMD districts
25,Maize,Pusa HQPM-7 Improved,Tamil Nadu,Tamil Nadu,Villupuram,State recommendation mapped to IMD districts
25,Maize,Pusa HQPM-7 Improved,Tamil Nadu,Tamil Nadu,Virudhunagar,State recommendation mapped to IMD districts
26,Maize,Pusa Biofortified Maize Hybrid-1,Jammu & Kashmir,Jammu And Kashmir,Anantnag,State recommendation mapped to IMD districts
26,Maize,Pusa Biofortified Maize Hybrid-1,Jammu & Kashmir,Jammu And Kashmir,Badgam,State recommendation mapped to IMD districts
26,Maize,Pusa Biofortified Maize Hybrid-1,Jammu & Kashmir,Jammu And Kashmir,Bandipore,State recommendation mapped to IMD districts
26,Maize,Pusa Biofortified Maize Hybrid-1,Jammu & Kashmir,Jammu And Kashmir,Baramula,State recommendation mapped to IMD districts
26,Maize,Pusa Biofortified Maize Hybrid-1,Jammu & Kashmir,Jammu And Kashmir,Doda,State recommendation mapped to IMD districts
26,Maize,Pusa Biofortified Maize Hybrid-1,Jammu & Kashmir,Jammu And Kashmir,Ganderwal,State recommendation mapped to IMD districts
26,Maize,Pusa Biofortified Maize Hybrid-1,Jammu & Kashmir,Jammu And Kashmir,Jammu,State recommendation mapped to IMD districts
26,Maize,Pusa Biofortified Maize Hybrid-1,Jammu & Kashmir,Jammu And Kashmir,Kathua,State recommendation mapped to IMD districts
26,Maize,Pusa Biofortified Maize Hybrid-1,Jammu & Kashmir,Jammu And Kashmir,Kistwar,State recommendation mapped to IMD districts
26,Maize,Pusa Biofortified Maize Hybrid-1,Jammu & Kashmir,Jammu And Kashmir,Kulgam,State recommendation mapped to IMD districts
26,Maize,Pusa Biofortified Maize Hybrid-1,Jammu & Kashmir,Jammu And Kashmir,Kupwara,State recommendation mapped to IMD districts
26,Maize,Pusa Biofortified Maize Hybrid-1,Jammu & Kashmir,Jammu And Kashmir,Pulwama,State recommendation mapped to IMD districts
26,Maize,Pusa Biofortified Maize Hybrid-1,Jammu & Kashmir,Jammu And Kashmir,Punch,State recommendation mapped to IMD districts
26,Maize,Pusa Biofortified Maize Hybrid-1,Jammu & Kashmir,Jammu And Kashmir,Rajouri,State recommendation mapped to IMD districts
26,Maize,Pusa Biofortified Maize Hybrid-1,Jammu & Kashmir,Jammu And Kashmir,Ramban,State recommendation mapped to IMD districts
26,Maize,Pusa Biofortified Maize Hybrid-1,Jammu & Kashmir,Jammu And Kashmir,Riasi,State recommendation mapped to IMD districts
26,Maize,Pusa Biofortified Maize Hybrid-1,Jammu & Kashmir,Jammu And Kashmir,Samba,State recommendation mapped to IMD districts
26,Maize,Pusa Biofortified Maize Hybrid-1,Jammu & Kashmir,Jammu And Kashmir,Shopian,State recommendation mapped to IMD districts
26,Maize,Pusa Biofortified Maize Hybrid-1,Jammu & Kashmir,Jammu And Kashmir,Srinagar,State recommendation mapped to IMD districts
26,Maize,Pusa Biofortified Maize Hybrid-1,Jammu & Kashmir,Jammu And Kashmir,Udhampur,State recommendation mapped to IMD districts
26,Maize,Pusa Biofortified Maize Hybrid-1,Himachal Pradesh,Himachal Pradesh,Bilaaspur,State recommendation mapped to IMD districts
26,Maize,Pusa Biofortified Maize Hybrid-1,Himachal Pradesh,Himachal Pradesh,Chamba,State recommendation mapped to IMD districts
26,Maize,Pusa Biofortified Maize Hybrid-1,Himachal Pradesh,Himachal Pradesh,Hamirpurr,State recommendation mapped to IMD districts
26,Maize,Pusa Biofortified Maize Hybrid-1,Himachal Pradesh,Himachal Pradesh,Kangra,State recommendation mapped to IMD districts
26,Maize,Pusa Biofortified Maize Hybrid-1,Himachal Pradesh,Himachal Pradesh,Kinnaur,State recommendation mapped to IMD districts
26,Maize,Pusa Biofortified Maize Hybrid-1,Himachal Pradesh,Himachal Pradesh,Kullu,State recommendation mapped to IMD districts
26,Maize,Pusa Biofortified Maize Hybrid-1,Himachal Pradesh,Himachal Pradesh,Lahul&Spiti,State recommendation mapped to IMD districts
26,Maize,Pusa Biofortified Maize Hybrid-1,Himachal Pradesh,Himachal Pradesh,Mandi,State recommendation mapped to IMD districts
26,Maize,Pusa Biofortified Maize Hybrid-1,Himachal Pradesh,Himachal Pradesh,Shimla,State recommendation mapped to IMD districts
26,Maize,Pusa Biofortified Maize Hybrid-1,Himachal Pradesh,Himachal Pradesh,Sirmaur,State recommendation mapped to IMD districts
26,Maize,Pusa Biofortified Maize Hybrid-1,Himachal Pradesh,Himachal Pradesh,Solan,State recommendation mapped to IMD districts
26,Maize,Pusa Biofortified Maize Hybrid-1,Himachal Pradesh,Himachal Pradesh,Una,State recommendation mapped to IMD districts
26,Maize,Pusa Biofortified Maize Hybrid-1,Uttarakhand,Uttarakhand,Almora,State recommendation mapped to IMD districts
26,Maize,Pusa Biofortified Maize Hybrid-1,Uttarakhand,Uttarakhand,Bageshwar,State recommendation mapped to IMD districts
26,Maize,Pusa Biofortified Maize Hybrid-1,Uttarakhand,Uttarakhand,Chamoli,State recommendation mapped to IMD districts
26,Maize,Pusa Biofortified Maize Hybrid-1,Uttarakhand,Uttarakhand,Champawat,State recommendation mapped to IMD districts
26,Maize,Pusa Biofortified Maize Hybrid-1,Uttarakhand,Uttarakhand,Dehradun,State recommendation mapped to IMD districts
26,Maize,Pusa Biofortified Maize Hybrid-1,Uttarakhand,Uttarakhand,Haridwar,State recommendation mapped to IMD districts
26,Maize,Pusa Biofortified Maize Hybrid-1,Uttarakhand,Uttarakhand,Nanital,State recommendation mapped to IMD districts
26,Maize,Pusa Biofortified Maize Hybrid-1,Uttarakhand,Uttarakhand,Pauri Garhwal,State recommendation mapped to IMD districts
26,Maize,Pusa Biofortified Maize Hybrid-1,Uttarakhand,Uttarakhand,Pithoragarh,State recommendation mapped to IMD districts
26,Maize,Pusa Biofortified Maize Hybrid-1,Uttarakhand,Uttarakhand,Rudraprayag,State recommendation mapped to IMD districts
26,Maize,Pusa Biofortified Maize Hybrid-1,Uttarakhand,Uttarakhand,Tehri Garwal,State recommendation mapped to IMD districts
26,Maize,Pusa Biofortified Maize Hybrid-1,Uttarakhand,Uttarakhand,Udham Singh Nagar,State recommendation mapped to IMD districts
26,Maize,Pusa Biofortified Maize Hybrid-1,Uttarakhand,Uttarakhand,Uttarkashi,State recommendation mapped to IMD districts
26,Maize,Pusa Biofortified Maize Hybrid-1,Meghalaya,Meghalaya,East Garo Hills,State recommendation mapped to IMD districts
26,Maize,Pusa Biofortified Maize Hybrid-1,Meghalaya,Meghalaya,East Jaintia Hills,State recommendation mapped to IMD districts
26,Maize,Pusa Biofortified Maize Hybrid-1,Meghalaya,Meghalaya,East Khasi Hills,State recommendation mapped to IMD districts
26,Maize,Pusa Biofortified Maize Hybrid-1,Meghalaya,Meghalaya,North Garo Hills,State recommendation mapped to IMD districts
26,Maize,Pusa Biofortified Maize Hybrid-1,Meghalaya,Meghalaya,Ri Bhoi,State recommendation mapped to IMD districts
26,Maize,Pusa Biofortified Maize Hybrid-1,Meghalaya,Meghalaya,South Garo Hills,State recommendation mapped to IMD districts
26,Maize,Pusa Biofortified Maize Hybrid-1,Meghalaya,Meghalaya,South West Garo Hills,State recommendation mapped to IMD districts
26,Maize,Pusa Biofortified Maize Hybrid-1,Meghalaya,Meghalaya,South West Khasi Hills,State recommendation mapped to IMD districts
26,Maize,Pusa Biofortified Maize Hybrid-1,Meghalaya,Meghalaya,West Garo Hills,State recommendation mapped to IMD districts
26,Maize,Pusa Biofortified Maize Hybrid-1,Meghalaya,Meghalaya,West Jaintia Hills,State recommendation mapped to IMD districts
26,Maize,Pusa Biofortified Maize Hybrid-1,Meghalaya,Meghalaya,West Khasi Hills,State recommendation mapped to IMD districts
26,Maize,Pusa Biofortified Maize Hybrid-1,Sikkim,Sikkim,Pakyong,State recommendation mapped to IMD districts
26,Maize,Pusa Biofortified Maize Hybrid-1,Sikkim,Sikkim,Soreng,State recommendation mapped to IMD districts
26,Maize,Pusa Biofortified Maize Hybrid-1,Assam,Assam,Bajali,State recommendation mapped to IMD districts
26,Maize,Pusa Biofortified Maize Hybrid-1,Assam,Assam,Baksa,State recommendation mapped to IMD districts
26,Maize,Pusa Biofortified Maize Hybrid-1,Assam,Assam,Barpeta,State recommendation mapped to IMD districts
26,Maize,Pusa Biofortified Maize Hybrid-1,Assam,Assam,Biswanath,State recommendation mapped to IMD districts
26,Maize,Pusa Biofortified Maize Hybrid-1,Assam,Assam,Bongaigaon,State recommendation mapped to IMD districts
26,Maize,Pusa Biofortified Maize Hybrid-1,Assam,Assam,Cachar,State recommendation mapped to IMD districts
26,Maize,Pusa Biofortified Maize Hybrid-1,Assam,Assam,Charaideo,State recommendation mapped to IMD districts
26,Maize,Pusa Biofortified Maize Hybrid-1,Assam,Assam,Chirang,State recommendation mapped to IMD districts
26,Maize,Pusa Biofortified Maize Hybrid-1,Assam,Assam,Darrang,State recommendation mapped to IMD districts
26,Maize,Pusa Biofortified Maize Hybrid-1,Assam,Assam,Dhemaji,State recommendation mapped to IMD districts
26,Maize,Pusa Biofortified Maize Hybrid-1,Assam,Assam,Dhubri,State recommendation mapped to IMD districts
26,Maize,Pusa Biofortified Maize Hybrid-1,Assam,Assam,Dibrugarh,State recommendation mapped to IMD districts
26,Maize,Pusa Biofortified Maize Hybrid-1,Assam,Assam,Goalpara,State recommendation mapped to IMD districts
26,Maize,Pusa Biofortified Maize Hybrid-1,Assam,Assam,Golaghat,State recommendation mapped to IMD districts
26,Maize,Pusa Biofortified Maize Hybrid-1,Assam,Assam,Hailakandi,State recommendation mapped to IMD districts
26,Maize,Pusa Biofortified Maize Hybrid-1,Assam,Assam,Hojai,State recommendation mapped to IMD districts
26,Maize,Pusa Biofortified Maize Hybrid-1,Assam,Assam,Jorhat,State recommendation mapped to IMD districts
26,Maize,Pusa Biofortified Maize Hybrid-1,Assam,Assam,Kamrup Metro,State recommendation mapped to IMD districts
26,Maize,Pusa Biofortified Maize Hybrid-1,Assam,Assam,Kamrup Rural,State recommendation mapped to IMD districts
26,Maize,Pusa Biofortified Maize Hybrid-1,Assam,Assam,Karbi Analog,State recommendation mapped to IMD districts
26,Maize,Pusa Biofortified Maize Hybrid-1,Assam,Assam,Kokrajhar,State recommendation mapped to IMD districts
26,Maize,Pusa Biofortified Maize Hybrid-1,Assam,Assam,Lakhimpur,State recommendation mapped to IMD districts
26,Maize,Pusa Biofortified Maize Hybrid-1,Assam,Assam,Majuli,State recommendation mapped to IMD districts
26,Maize,Pusa Biofortified Maize Hybrid-1,Assam,Assam,Morigaon,State recommendation mapped to IMD districts
26,Maize,Pusa Biofortified Maize Hybrid-1,Assam,Assam,Nagaon,State recommendation mapped to IMD districts
26,Maize,Pusa Biofortified Maize Hybrid-1,Assam,Assam,Nalbari,State recommendation mapped to IMD districts
26,Maize,Pusa Biofortified Maize Hybrid-1,Assam,Assam,N.C Hills,State recommendation mapped to IMD districts
26,Maize,Pusa Biofortified Maize Hybrid-1,Assam,Assam,Sibsagar,State recommendation mapped to IMD districts
26,Maize,Pusa Biofortified Maize Hybrid-1,Assam,Assam,Sonitpur,State recommendation mapped to IMD districts
26,Maize,Pusa Biofortified Maize Hybrid-1,Assam,Assam,Tamulpur,State recommendation mapped to IMD districts
26,Maize,Pusa Biofortified Maize Hybrid-1,Assam,Assam,Tinsukia,State recommendation mapped to IMD districts
26,Maize,Pusa Biofortified Maize Hybrid-1,Assam,Assam,Udalguri,State recommendation mapped to IMD districts
26,Maize,Pusa Biofortified Maize Hybrid-1,Assam,Assam,West Karbi Anglong,State recommendation mapped to IMD districts
26,Maize,Pusa Biofortified Maize Hybrid-1,Tripura,Tripura,Dhalai,State recommendation mapped to IMD districts
26,Maize,Pusa Biofortified Maize Hybrid-1,Tripura,Tripura,Gomati,State recommendation mapped to IMD districts
26,Maize,Pusa Biofortified Maize Hybrid-1,Tripura,Tripura,Khowai,State recommendation mapped to IMD districts
26,Maize,Pusa Biofortified Maize Hybrid-1,Tripura,Tripura,North Tripura,State recommendation mapped to IMD districts
26,Maize,Pusa Biofortified Maize Hybrid-1,Tripura,Tripura,Sipahijala,State recommendation mapped to IMD districts
26,Maize,Pusa Biofortified Maize Hybrid-1,Tripura,Tripura,South Tripura,State recommendation mapped to IMD districts
26,Maize,Pusa Biofortified Maize Hybrid-1,Tripura,Tripura,Unakoti,State recommendation mapped to IMD districts
26,Maize,Pusa Biofortified Maize Hybrid-1,Tripura,Tripura,West Tripura,State recommendation mapped to IMD districts
26,Maize,Pusa Biofortified Maize Hybrid-1,Nagaland,Nagaland,Dimapur,State recommendation mapped to IMD districts
26,Maize,Pusa Biofortified Maize Hybrid-1,Nagaland,Nagaland,Kiphire,State recommendation mapped to IMD districts
26,Maize,Pusa Biofortified Maize Hybrid-1,Nagaland,Nagaland,Kohima,State recommendation mapped to IMD districts
26,Maize,Pusa Biofortified Maize Hybrid-1,Nagaland,Nagaland,Longleng,State recommendation mapped to IMD districts
26,Maize,Pusa Biofortified Maize Hybrid-1,Nagaland,Nagaland,Mokokchung,State recommendation mapped to IMD districts
26,Maize,Pusa Biofortified Maize Hybrid-1,Nagaland,Nagaland,Mon,State recommendation mapped to IMD districts
26,Maize,Pusa Biofortified Maize Hybrid-1,Nagaland,Nagaland,Peren,State recommendation mapped to IMD districts
26,Maize,Pusa Biofortified Maize Hybrid-1,Nagaland,Nagaland,Phek,State recommendation mapped to IMD districts
26,Maize,Pusa Biofortified Maize Hybrid-1,Nagaland,Nagaland,Tuensang,State recommendation mapped to IMD districts
26,Maize,Pusa Biofortified Maize Hybrid-1,Nagaland,Nagaland,Wokha,State recommendation mapped to IMD districts
26,Maize,Pusa Biofortified Maize Hybrid-1,Nagaland,Nagaland,Zunheboto,State recommendation mapped to IMD districts
26,Maize,Pusa Biofortified Maize Hybrid-1,Manipur,Manipur,Bishnupur,State recommendation mapped to IMD districts
26,Maize,Pusa Biofortified Maize Hybrid-1,Manipur,Manipur,Chandel,State recommendation mapped to IMD districts
26,Maize,Pusa Biofortified Maize Hybrid-1,Manipur,Manipur,Churachandpur,State recommendation mapped to IMD districts
26,Maize,Pusa Biofortified Maize Hybrid-1,Manipur,Manipur,Imphal East,State recommendation mapped to IMD districts
26,Maize,Pusa Biofortified Maize Hybrid-1,Manipur,Manipur,Imphal West,State recommendation mapped to IMD districts
26,Maize,Pusa Biofortified Maize Hybrid-1,Manipur,Manipur,Senapati,State recommendation mapped to IMD districts
26,Maize,Pusa Biofortified Maize Hybrid-1,Manipur,Manipur,Tamenglong,State recommendation mapped to IMD districts
26,Maize,Pusa Biofortified Maize Hybrid-1,Manipur,Manipur,Thoubal,State recommendation mapped to IMD districts
26,Maize,Pusa Biofortified Maize Hybrid-1,Manipur,Manipur,Ukhrul,State recommendation mapped to IMD districts
26,Maize,Pusa Biofortified Maize Hybrid-1,Arunachal Pradesh,Arunachal Pradesh,Anjaw,State recommendation mapped to IMD districts
26,Maize,Pusa Biofortified Maize Hybrid-1,Arunachal Pradesh,Arunachal Pradesh,Changlang,State recommendation mapped to IMD districts
26,Maize,Pusa Biofortified Maize Hybrid-1,Arunachal Pradesh,Arunachal Pradesh,Dibang Valley,State recommendation mapped to IMD districts
26,Maize,Pusa Biofortified Maize Hybrid-1,Arunachal Pradesh,Arunachal Pradesh,East Kameng,State recommendation mapped to IMD districts
26,Maize,Pusa Biofortified Maize Hybrid-1,Arunachal Pradesh,Arunachal Pradesh,East Siang,State recommendation mapped to IMD districts
26,Maize,Pusa Biofortified Maize Hybrid-1,Arunachal Pradesh,Arunachal Pradesh,Kurung Kumey,State recommendation mapped to IMD districts
26,Maize,Pusa Biofortified Maize Hybrid-1,Arunachal Pradesh,Arunachal Pradesh,Lohit,State recommendation mapped to IMD districts
26,Maize,Pusa Biofortified Maize Hybrid-1,Arunachal Pradesh,Arunachal Pradesh,Lower Dibang Valley,State recommendation mapped to IMD districts
26,Maize,Pusa Biofortified Maize Hybrid-1,Arunachal Pradesh,Arunachal Pradesh,Lower Subansiri,State recommendation mapped to IMD districts
26,Maize,Pusa Biofortified Maize Hybrid-1,Arunachal Pradesh,Arunachal Pradesh,Papum-Pare,State recommendation mapped to IMD districts
26,Maize,Pusa Biofortified Maize Hybrid-1,Arunachal Pradesh,Arunachal Pradesh,Tawang,State recommendation mapped to IMD districts
26,Maize,Pusa Biofortified Maize Hybrid-1,Arunachal Pradesh,Arunachal Pradesh,Tirap,State recommendation mapped to IMD districts
26,Maize,Pusa Biofortified Maize Hybrid-1,Arunachal Pradesh,Arunachal Pradesh,Upper Siang,State recommendation mapped to IMD districts
26,Maize,Pusa Biofortified Maize Hybrid-1,Arunachal Pradesh,Arunachal Pradesh,Upper Subansiri,State recommendation mapped to IMD districts
26,Maize,Pusa Biofortified Maize Hybrid-1,Arunachal Pradesh,Arunachal Pradesh,West Kameng,State recommendation mapped to IMD districts
26,Maize,Pusa Biofortified Maize Hybrid-1,Arunachal Pradesh,Arunachal Pradesh,West Siang,State recommendation mapped to IMD districts
26,Maize,Pusa Biofortified Maize Hybrid-1,Bihar,Bihar,Arariya,State recommendation mapped to IMD districts
26,Maize,Pusa Biofortified Maize Hybrid-1,Bihar,Bihar,Arwal,State recommendation mapped to IMD districts
26,Maize,Pusa Biofortified Maize Hybrid-1,Bihar,Bihar,Aurangabad,State recommendation mapped to IMD districts
26,Maize,Pusa Biofortified Maize Hybrid-1,Bihar,Bihar,Banka,State recommendation mapped to IMD districts
26,Maize,Pusa Biofortified Maize Hybrid-1,Bihar,Bihar,Begusarai,State recommendation mapped to IMD districts
26,Maize,Pusa Biofortified Maize Hybrid-1,Bihar,Bihar,Bhabua,State recommendation mapped to IMD districts
26,Maize,Pusa Biofortified Maize Hybrid-1,Bihar,Bihar,Bhagalpur,State recommendation mapped to IMD districts
26,Maize,Pusa Biofortified Maize Hybrid-1,Bihar,Bihar,Bhojpur,State recommendation mapped to IMD districts
26,Maize,Pusa Biofortified Maize Hybrid-1,Bihar,Bihar,Buxar,State recommendation mapped to IMD districts
26,Maize,Pusa Biofortified Maize Hybrid-1,Bihar,Bihar,Drabhanga,State recommendation mapped to IMD districts
26,Maize,Pusa Biofortified Maize Hybrid-1,Bihar,Bihar,Gaya,State recommendation mapped to IMD districts
26,Maize,Pusa Biofortified Maize Hybrid-1,Bihar,Bihar,Gopalganj,State recommendation mapped to IMD districts
26,Maize,Pusa Biofortified Maize Hybrid-1,Bihar,Bihar,Jahanabad,State recommendation mapped to IMD districts
26,Maize,Pusa Biofortified Maize Hybrid-1,Bihar,Bihar,Jamui,State recommendation mapped to IMD districts
26,Maize,Pusa Biofortified Maize Hybrid-1,Bihar,Bihar,Katihar,State recommendation mapped to IMD districts
26,Maize,Pusa Biofortified Maize Hybrid-1,Bihar,Bihar,Khagaria,State recommendation mapped to IMD districts
26,Maize,Pusa Biofortified Maize Hybrid-1,Bihar,Bihar,Kishanganj,State recommendation mapped to IMD districts
26,Maize,Pusa Biofortified Maize Hybrid-1,Bihar,Bihar,Lakhisarai,State recommendation mapped to IMD districts
26,Maize,Pusa Biofortified Maize Hybrid-1,Bihar,Bihar,Madhepura,State recommendation mapped to IMD districts
26,Maize,Pusa Biofortified Maize Hybrid-1,Bihar,Bihar,Madubani,State recommendation mapped to IMD districts
26,Maize,Pusa Biofortified Maize Hybrid-1,Bihar,Bihar,Munger,State recommendation mapped to IMD districts
26,Maize,Pusa Biofortified Maize Hybrid-1,Bihar,Bihar,Muzaffarpur,State recommendation mapped to IMD districts
26,Maize,Pusa Biofortified Maize Hybrid-1,Bihar,Bihar,Nalanda,State recommendation mapped to IMD districts
26,Maize,Pusa Biofortified Maize Hybrid-1,Bihar,Bihar,Nawada,State recommendation mapped to IMD districts
26,Maize,Pusa Biofortified Maize Hybrid-1,Bihar,Bihar,Pachim Champaran,State recommendation mapped to IMD districts
26,Maize,Pusa Biofortified Maize Hybrid-1,Bihar,Bihar,Patna,State recommendation mapped to IMD districts
26,Maize,Pusa Biofortified Maize Hybrid-1,Bihar,Bihar,Purba Champaran,State recommendation mapped to IMD districts
26,Maize,Pusa Biofortified Maize Hybrid-1,Bihar,Bihar,Purnia,State recommendation mapped to IMD districts
26,Maize,Pusa Biofortified Maize Hybrid-1,Bihar,Bihar,Rohtas,State recommendation mapped to IMD districts
26,Maize,Pusa Biofortified Maize Hybrid-1,Bihar,Bihar,Saharsa,State recommendation mapped to IMD districts
26,Maize,Pusa Biofortified Maize Hybrid-1,Bihar,Bihar,Samastipur,State recommendation mapped to IMD districts
26,Maize,Pusa Biofortified Maize Hybrid-1,Bihar,Bihar,Saran,State recommendation mapped to IMD districts
26,Maize,Pusa Biofortified Maize Hybrid-1,Bihar,Bihar,Sheikhpura,State recommendation mapped to IMD districts
26,Maize,Pusa Biofortified Maize Hybrid-1,Bihar,Bihar,Sheohar,State recommendation mapped to IMD districts
26,Maize,Pusa Biofortified Maize Hybrid-1,Bihar,Bihar,Sitamarhi,State recommendation mapped to IMD districts
26,Maize,Pusa Biofortified Maize Hybrid-1,Bihar,Bihar,Siwan,State recommendation mapped to IMD districts
26,Maize,Pusa Biofortified Maize Hybrid-1,Bihar,Bihar,Supaul,State recommendation mapped to IMD districts
26,Maize,Pusa Biofortified Maize Hybrid-1,Bihar,Bihar,Vaishali,State recommendation mapped to IMD districts
26,Maize,Pusa Biofortified Maize Hybrid-1,Jharkhand,Jharkhand,Bokaro,State recommendation mapped to IMD districts
26,Maize,Pusa Biofortified Maize Hybrid-1,Jharkhand,Jharkhand,Chatra,State recommendation mapped to IMD districts
26,Maize,Pusa Biofortified Maize Hybrid-1,Jharkhand,Jharkhand,Deoghar,State recommendation mapped to IMD districts
26,Maize,Pusa Biofortified Maize Hybrid-1,Jharkhand,Jharkhand,Dhanbad,State recommendation mapped to IMD districts
26,Maize,Pusa Biofortified Maize Hybrid-1,Jharkhand,Jharkhand,Dumka,State recommendation mapped to IMD districts
26,Maize,Pusa Biofortified Maize Hybrid-1,Jharkhand,Jharkhand,East Singhbhum,State recommendation mapped to IMD districts
26,Maize,Pusa Biofortified Maize Hybrid-1,Jharkhand,Jharkhand,Garhwa,State recommendation mapped to IMD districts
26,Maize,Pusa Biofortified Maize Hybrid-1,Jharkhand,Jharkhand,Giridih,State recommendation mapped to IMD districts
26,Maize,Pusa Biofortified Maize Hybrid-1,Jharkhand,Jharkhand,Godda,State recommendation mapped to IMD districts
26,Maize,Pusa Biofortified Maize Hybrid-1,Jharkhand,Jharkhand,Gumla,State recommendation mapped to IMD districts
26,Maize,Pusa Biofortified Maize Hybrid-1,Jharkhand,Jharkhand,Hazaribagh,State recommendation mapped to IMD districts
26,Maize,Pusa Biofortified Maize Hybrid-1,Jharkhand,Jharkhand,Jamtara,State recommendation mapped to IMD districts
26,Maize,Pusa Biofortified Maize Hybrid-1,Jharkhand,Jharkhand,Khunti,State recommendation mapped to IMD districts
26,Maize,Pusa Biofortified Maize Hybrid-1,Jharkhand,Jharkhand,Koderma,State recommendation mapped to IMD districts
26,Maize,Pusa Biofortified Maize Hybrid-1,Jharkhand,Jharkhand,Latehar,State recommendation mapped to IMD districts
26,Maize,Pusa Biofortified Maize Hybrid-1,Jharkhand,Jharkhand,Lohardaga,State recommendation mapped to IMD districts
26,Maize,Pusa Biofortified Maize Hybrid-1,Jharkhand,Jharkhand,Pakur,State recommendation mapped to IMD districts
26,Maize,Pusa Biofortified Maize Hybrid-1,Jharkhand,Jharkhand,Palamu,State recommendation mapped to IMD districts
26,Maize,Pusa Biofortified Maize Hybrid-1,Jharkhand,Jharkhand,Ramgarh,State recommendation mapped to IMD districts
26,Maize,Pusa Biofortified Maize Hybrid-1,Jharkhand,Jharkhand,Ranchi,State recommendation mapped to IMD districts
26,Maize,Pusa Biofortified Maize Hybrid-1,Jharkhand,Jharkhand,Sahebganj,State recommendation mapped to IMD districts
26,Maize,Pusa Biofortified Maize Hybrid-1,Jharkhand,Jharkhand,Saraikela,State recommendation mapped to IMD districts
26,Maize,Pusa Biofortified Maize Hybrid-1,Jharkhand,Jharkhand,Simdega,State recommendation mapped to IMD districts
26,Maize,Pusa Biofortified Maize Hybrid-1,Jharkhand,Jharkhand,West Singhbhum,State recommendation mapped to IMD districts
26,Maize,Pusa Biofortified Maize Hybrid-1,Odisha,Odisha,Anugul,State recommendation mapped to IMD districts
26,Maize,Pusa Biofortified Maize Hybrid-1,Odisha,Odisha,Balangir,State recommendation mapped to IMD districts
26,Maize,Pusa Biofortified Maize Hybrid-1,Odisha,Odisha,Baleshwar,State recommendation mapped to IMD districts
26,Maize,Pusa Biofortified Maize Hybrid-1,Odisha,Odisha,Baragarh,State recommendation mapped to IMD districts
26,Maize,Pusa Biofortified Maize Hybrid-1,Odisha,Odisha,Bauda,State recommendation mapped to IMD districts
26,Maize,Pusa Biofortified Maize Hybrid-1,Odisha,Odisha,Bhadrak,State recommendation mapped to IMD districts
26,Maize,Pusa Biofortified Maize Hybrid-1,Odisha,Odisha,Cuttack,State recommendation mapped to IMD districts
26,Maize,Pusa Biofortified Maize Hybrid-1,Odisha,Odisha,Deogarh,State recommendation mapped to IMD districts
26,Maize,Pusa Biofortified Maize Hybrid-1,Odisha,Odisha,Dhenkanal,State recommendation mapped to IMD districts
26,Maize,Pusa Biofortified Maize Hybrid-1,Odisha,Odisha,Gajapathi,State recommendation mapped to IMD districts
26,Maize,Pusa Biofortified Maize Hybrid-1,Odisha,Odisha,Ganjam,State recommendation mapped to IMD districts
26,Maize,Pusa Biofortified Maize Hybrid-1,Odisha,Odisha,Jagatsinghapur,State recommendation mapped to IMD districts
26,Maize,Pusa Biofortified Maize Hybrid-1,Odisha,Odisha,Jajapur,State recommendation mapped to IMD districts
26,Maize,Pusa Biofortified Maize Hybrid-1,Odisha,Odisha,Jharsuguda,State recommendation mapped to IMD districts
26,Maize,Pusa Biofortified Maize Hybrid-1,Odisha,Odisha,Kalahandi,State recommendation mapped to IMD districts
26,Maize,Pusa Biofortified Maize Hybrid-1,Odisha,Odisha,Kandhamal,State recommendation mapped to IMD districts
26,Maize,Pusa Biofortified Maize Hybrid-1,Odisha,Odisha,Kendraparha,State recommendation mapped to IMD districts
26,Maize,Pusa Biofortified Maize Hybrid-1,Odisha,Odisha,Kendujhar,State recommendation mapped to IMD districts
26,Maize,Pusa Biofortified Maize Hybrid-1,Odisha,Odisha,Khordha,State recommendation mapped to IMD districts
26,Maize,Pusa Biofortified Maize Hybrid-1,Odisha,Odisha,Koraput,State recommendation mapped to IMD districts
26,Maize,Pusa Biofortified Maize Hybrid-1,Odisha,Odisha,Malkangiri,State recommendation mapped to IMD districts
26,Maize,Pusa Biofortified Maize Hybrid-1,Odisha,Odisha,Mayurbhanj,State recommendation mapped to IMD districts
26,Maize,Pusa Biofortified Maize Hybrid-1,Odisha,Odisha,Nabarangapur,State recommendation mapped to IMD districts
26,Maize,Pusa Biofortified Maize Hybrid-1,Odisha,Odisha,Nayagarh,State recommendation mapped to IMD districts
26,Maize,Pusa Biofortified Maize Hybrid-1,Odisha,Odisha,Nuaparha,State recommendation mapped to IMD districts
26,Maize,Pusa Biofortified Maize Hybrid-1,Odisha,Odisha,Puri,State recommendation mapped to IMD districts
26,Maize,Pusa Biofortified Maize Hybrid-1,Odisha,Odisha,Rayagarha,State recommendation mapped to IMD districts
26,Maize,Pusa Biofortified Maize Hybrid-1,Odisha,Odisha,Sambalpur,State recommendation mapped to IMD districts
26,Maize,Pusa Biofortified Maize Hybrid-1,Odisha,Odisha,Subarnapur,State recommendation mapped to IMD districts
26,Maize,Pusa Biofortified Maize Hybrid-1,Odisha,Odisha,Sundargarh,State recommendation mapped to IMD districts
26,Maize,Pusa Biofortified Maize Hybrid-1,Uttar Pradesh,Uttar Pradesh,Agra,State recommendation mapped to IMD districts
26,Maize,Pusa Biofortified Maize Hybrid-1,Uttar Pradesh,Uttar Pradesh,Aligarh,State recommendation mapped to IMD districts
26,Maize,Pusa Biofortified Maize Hybrid-1,Uttar Pradesh,Uttar Pradesh,Ambedkarnagar,State recommendation mapped to IMD districts
26,Maize,Pusa Biofortified Maize Hybrid-1,Uttar Pradesh,Uttar Pradesh,Amethi,State recommendation mapped to IMD districts
26,Maize,Pusa Biofortified Maize Hybrid-1,Uttar Pradesh,Uttar Pradesh,Amroha,State recommendation mapped to IMD districts
26,Maize,Pusa Biofortified Maize Hybrid-1,Uttar Pradesh,Uttar Pradesh,Auraiya,State recommendation mapped to IMD districts
26,Maize,Pusa Biofortified Maize Hybrid-1,Uttar Pradesh,Uttar Pradesh,Ayodhya,State recommendation mapped to IMD districts
26,Maize,Pusa Biofortified Maize Hybrid-1,Uttar Pradesh,Uttar Pradesh,Azamgarh,State recommendation mapped to IMD districts
26,Maize,Pusa Biofortified Maize Hybrid-1,Uttar Pradesh,Uttar Pradesh,Badaun,State recommendation mapped to IMD districts
26,Maize,Pusa Biofortified Maize Hybrid-1,Uttar Pradesh,Uttar Pradesh,Baghpat,State recommendation mapped to IMD districts
26,Maize,Pusa Biofortified Maize Hybrid-1,Uttar Pradesh,Uttar Pradesh,Bahraich,State recommendation mapped to IMD districts
26,Maize,Pusa Biofortified Maize Hybrid-1,Uttar Pradesh,Uttar Pradesh,Balarampur,State recommendation mapped to IMD districts
26,Maize,Pusa Biofortified Maize Hybrid-1,Uttar Pradesh,Uttar Pradesh,Ballia,State recommendation mapped to IMD districts
26,Maize,Pusa Biofortified Maize Hybrid-1,Uttar Pradesh,Uttar Pradesh,Banda,State recommendation mapped to IMD districts
26,Maize,Pusa Biofortified Maize Hybrid-1,Uttar Pradesh,Uttar Pradesh,Barabanki,State recommendation mapped to IMD districts
26,Maize,Pusa Biofortified Maize Hybrid-1,Uttar Pradesh,Uttar Pradesh,Bareilly,State recommendation mapped to IMD districts
26,Maize,Pusa Biofortified Maize Hybrid-1,Uttar Pradesh,Uttar Pradesh,Basti,State recommendation mapped to IMD districts
26,Maize,Pusa Biofortified Maize Hybrid-1,Uttar Pradesh,Uttar Pradesh,Bhadohi,State recommendation mapped to IMD districts
26,Maize,Pusa Biofortified Maize Hybrid-1,Uttar Pradesh,Uttar Pradesh,Bijnor,State recommendation mapped to IMD districts
26,Maize,Pusa Biofortified Maize Hybrid-1,Uttar Pradesh,Uttar Pradesh,Bulandsahar,State recommendation mapped to IMD districts
26,Maize,Pusa Biofortified Maize Hybrid-1,Uttar Pradesh,Uttar Pradesh,Chandauli,State recommendation mapped to IMD districts
26,Maize,Pusa Biofortified Maize Hybrid-1,Uttar Pradesh,Uttar Pradesh,Chitrakoot,State recommendation mapped to IMD districts
26,Maize,Pusa Biofortified Maize Hybrid-1,Uttar Pradesh,Uttar Pradesh,Deoria,State recommendation mapped to IMD districts
26,Maize,Pusa Biofortified Maize Hybrid-1,Uttar Pradesh,Uttar Pradesh,Etah,State recommendation mapped to IMD districts
26,Maize,Pusa Biofortified Maize Hybrid-1,Uttar Pradesh,Uttar Pradesh,Etawah,State recommendation mapped to IMD districts
26,Maize,Pusa Biofortified Maize Hybrid-1,Uttar Pradesh,Uttar Pradesh,Farrukhabad,State recommendation mapped to IMD districts
26,Maize,Pusa Biofortified Maize Hybrid-1,Uttar Pradesh,Uttar Pradesh,Fatehpur,State recommendation mapped to IMD districts
26,Maize,Pusa Biofortified Maize Hybrid-1,Uttar Pradesh,Uttar Pradesh,Firozabad,State recommendation mapped to IMD districts
26,Maize,Pusa Biofortified Maize Hybrid-1,Uttar Pradesh,Uttar Pradesh,Gautambudhnagar,State recommendation mapped to IMD districts
26,Maize,Pusa Biofortified Maize Hybrid-1,Uttar Pradesh,Uttar Pradesh,Gazipur,State recommendation mapped to IMD districts
26,Maize,Pusa Biofortified Maize Hybrid-1,Uttar Pradesh,Uttar Pradesh,Ghaziabad,State recommendation mapped to IMD districts
26,Maize,Pusa Biofortified Maize Hybrid-1,Uttar Pradesh,Uttar Pradesh,Gonda,State recommendation mapped to IMD districts
26,Maize,Pusa Biofortified Maize Hybrid-1,Uttar Pradesh,Uttar Pradesh,Gorakhpur,State recommendation mapped to IMD districts
26,Maize,Pusa Biofortified Maize Hybrid-1,Uttar Pradesh,Uttar Pradesh,Hamirpur,State recommendation mapped to IMD districts
26,Maize,Pusa Biofortified Maize Hybrid-1,Uttar Pradesh,Uttar Pradesh,Hapur,State recommendation mapped to IMD districts
26,Maize,Pusa Biofortified Maize Hybrid-1,Uttar Pradesh,Uttar Pradesh,Hardoi,State recommendation mapped to IMD districts
26,Maize,Pusa Biofortified Maize Hybrid-1,Uttar Pradesh,Uttar Pradesh,Hathras,State recommendation mapped to IMD districts
26,Maize,Pusa Biofortified Maize Hybrid-1,Uttar Pradesh,Uttar Pradesh,Jalaun,State recommendation mapped to IMD districts
26,Maize,Pusa Biofortified Maize Hybrid-1,Uttar Pradesh,Uttar Pradesh,Jaunpur,State recommendation mapped to IMD districts
26,Maize,Pusa Biofortified Maize Hybrid-1,Uttar Pradesh,Uttar Pradesh,Jhansi,State recommendation mapped to IMD districts
26,Maize,Pusa Biofortified Maize Hybrid-1,Uttar Pradesh,Uttar Pradesh,Kannauj,State recommendation mapped to IMD districts
26,Maize,Pusa Biofortified Maize Hybrid-1,Uttar Pradesh,Uttar Pradesh,Kanpur,State recommendation mapped to IMD districts
26,Maize,Pusa Biofortified Maize Hybrid-1,Uttar Pradesh,Uttar Pradesh,Kanpur Dehat,State recommendation mapped to IMD districts
26,Maize,Pusa Biofortified Maize Hybrid-1,Uttar Pradesh,Uttar Pradesh,Kasganj,State recommendation mapped to IMD districts
26,Maize,Pusa Biofortified Maize Hybrid-1,Uttar Pradesh,Uttar Pradesh,Kaushambi,State recommendation mapped to IMD districts
26,Maize,Pusa Biofortified Maize Hybrid-1,Uttar Pradesh,Uttar Pradesh,Kheri,State recommendation mapped to IMD districts
26,Maize,Pusa Biofortified Maize Hybrid-1,Uttar Pradesh,Uttar Pradesh,Kushinagar,State recommendation mapped to IMD districts
26,Maize,Pusa Biofortified Maize Hybrid-1,Uttar Pradesh,Uttar Pradesh,Lalitpur,State recommendation mapped to IMD districts
26,Maize,Pusa Biofortified Maize Hybrid-1,Uttar Pradesh,Uttar Pradesh,Lucknow,State recommendation mapped to IMD districts
26,Maize,Pusa Biofortified Maize Hybrid-1,Uttar Pradesh,Uttar Pradesh,Maharajganj,State recommendation mapped to IMD districts
26,Maize,Pusa Biofortified Maize Hybrid-1,Uttar Pradesh,Uttar Pradesh,Mahoba,State recommendation mapped to IMD districts
26,Maize,Pusa Biofortified Maize Hybrid-1,Uttar Pradesh,Uttar Pradesh,Mainpuri,State recommendation mapped to IMD districts
26,Maize,Pusa Biofortified Maize Hybrid-1,Uttar Pradesh,Uttar Pradesh,Mathura,State recommendation mapped to IMD districts
26,Maize,Pusa Biofortified Maize Hybrid-1,Uttar Pradesh,Uttar Pradesh,Mau,State recommendation mapped to IMD districts
26,Maize,Pusa Biofortified Maize Hybrid-1,Uttar Pradesh,Uttar Pradesh,Meerut,State recommendation mapped to IMD districts
26,Maize,Pusa Biofortified Maize Hybrid-1,Uttar Pradesh,Uttar Pradesh,Mirzapur,State recommendation mapped to IMD districts
26,Maize,Pusa Biofortified Maize Hybrid-1,Uttar Pradesh,Uttar Pradesh,Moradabad,State recommendation mapped to IMD districts
26,Maize,Pusa Biofortified Maize Hybrid-1,Uttar Pradesh,Uttar Pradesh,Muzafarnagar,State recommendation mapped to IMD districts
26,Maize,Pusa Biofortified Maize Hybrid-1,Uttar Pradesh,Uttar Pradesh,Pilhibhit,State recommendation mapped to IMD districts
26,Maize,Pusa Biofortified Maize Hybrid-1,Uttar Pradesh,Uttar Pradesh,Pratapgarh,State recommendation mapped to IMD districts
26,Maize,Pusa Biofortified Maize Hybrid-1,Uttar Pradesh,Uttar Pradesh,Prayagraj,State recommendation mapped to IMD districts
26,Maize,Pusa Biofortified Maize Hybrid-1,Uttar Pradesh,Uttar Pradesh,Raibeareli,State recommendation mapped to IMD districts
26,Maize,Pusa Biofortified Maize Hybrid-1,Uttar Pradesh,Uttar Pradesh,Rampur,State recommendation mapped to IMD districts
26,Maize,Pusa Biofortified Maize Hybrid-1,Uttar Pradesh,Uttar Pradesh,Sambhal,State recommendation mapped to IMD districts
26,Maize,Pusa Biofortified Maize Hybrid-1,Uttar Pradesh,Uttar Pradesh,Santkabirnagar,State recommendation mapped to IMD districts
26,Maize,Pusa Biofortified Maize Hybrid-1,Uttar Pradesh,Uttar Pradesh,Shahjahanpur,State recommendation mapped to IMD districts
26,Maize,Pusa Biofortified Maize Hybrid-1,Uttar Pradesh,Uttar Pradesh,Shamli,State recommendation mapped to IMD districts
26,Maize,Pusa Biofortified Maize Hybrid-1,Uttar Pradesh,Uttar Pradesh,Sharanpur,State recommendation mapped to IMD districts
26,Maize,Pusa Biofortified Maize Hybrid-1,Uttar Pradesh,Uttar Pradesh,Shrawasti,State recommendation mapped to IMD districts
26,Maize,Pusa Biofortified Maize Hybrid-1,Uttar Pradesh,Uttar Pradesh,Siddharthnagar,State recommendation mapped to IMD districts
26,Maize,Pusa Biofortified Maize Hybrid-1,Uttar Pradesh,Uttar Pradesh,Sitapur,State recommendation mapped to IMD districts
26,Maize,Pusa Biofortified Maize Hybrid-1,Uttar Pradesh,Uttar Pradesh,Sonbhadra,State recommendation mapped to IMD districts
26,Maize,Pusa Biofortified Maize Hybrid-1,Uttar Pradesh,Uttar Pradesh,Sultanpur,State recommendation mapped to IMD districts
26,Maize,Pusa Biofortified Maize Hybrid-1,Uttar Pradesh,Uttar Pradesh,Unnao,State recommendation mapped to IMD districts
26,Maize,Pusa Biofortified Maize Hybrid-1,Uttar Pradesh,Uttar Pradesh,Varanasi,State recommendation mapped to IMD districts
26,Maize,Pusa Biofortified Maize Hybrid-1,West Bengal,West Bengal,Alipurduar,State recommendation mapped to IMD districts
26,Maize,Pusa Biofortified Maize Hybrid-1,West Bengal,West Bengal,Bankura,State recommendation mapped to IMD districts
26,Maize,Pusa Biofortified Maize Hybrid-1,West Bengal,West Bengal,Birbhum,State recommendation mapped to IMD districts
26,Maize,Pusa Biofortified Maize Hybrid-1,West Bengal,West Bengal,Dakshin Dinajpur,State recommendation mapped to IMD districts
26,Maize,Pusa Biofortified Maize Hybrid-1,West Bengal,West Bengal,Darjeeling,State recommendation mapped to IMD districts
26,Maize,Pusa Biofortified Maize Hybrid-1,West Bengal,West Bengal,Eastmednipur,State recommendation mapped to IMD districts
26,Maize,Pusa Biofortified Maize Hybrid-1,West Bengal,West Bengal,Haora,State recommendation mapped to IMD districts
26,Maize,Pusa Biofortified Maize Hybrid-1,West Bengal,West Bengal,Hugli,State recommendation mapped to IMD districts
26,Maize,Pusa Biofortified Maize Hybrid-1,West Bengal,West Bengal,Jalpaiguri,State recommendation mapped to IMD districts
26,Maize,Pusa Biofortified Maize Hybrid-1,West Bengal,West Bengal,Jhargram,State recommendation mapped to IMD districts
26,Maize,Pusa Biofortified Maize Hybrid-1,West Bengal,West Bengal,Kalimpong,State recommendation mapped to IMD districts
26,Maize,Pusa Biofortified Maize Hybrid-1,West Bengal,West Bengal,Kolkata,State recommendation mapped to IMD districts
26,Maize,Pusa Biofortified Maize Hybrid-1,West Bengal,West Bengal,Malda,State recommendation mapped to IMD districts
26,Maize,Pusa Biofortified Maize Hybrid-1,West Bengal,West Bengal,Mursidabad,State recommendation mapped to IMD districts
26,Maize,Pusa Biofortified Maize Hybrid-1,West Bengal,West Bengal,Nadia,State recommendation mapped to IMD districts
26,Maize,Pusa Biofortified Maize Hybrid-1,West Bengal,West Bengal,North 24 Pragana,State recommendation mapped to IMD districts
26,Maize,Pusa Biofortified Maize Hybrid-1,West Bengal,West Bengal,Pashchim Medinipur,State recommendation mapped to IMD districts
26,Maize,Pusa Biofortified Maize Hybrid-1,West Bengal,West Bengal,Puruliya,State recommendation mapped to IMD districts
26,Maize,Pusa Biofortified Maize Hybrid-1,West Bengal,West Bengal,South 24 Parganas,State recommendation mapped to IMD districts
26,Maize,Pusa Biofortified Maize Hybrid-1,West Bengal,West Bengal,Uttar_Dinajpur,State recommendation mapped to IMD districts
27,Pearl millet,HHB 67 Improved,Rajasthan,Rajasthan,Ajmer,State recommendation mapped to IMD districts
27,Pearl millet,HHB 67 Improved,Rajasthan,Rajasthan,Alwar,State recommendation mapped to IMD districts
27,Pearl millet,HHB 67 Improved,Rajasthan,Rajasthan,Banswara,State recommendation mapped to IMD districts
27,Pearl millet,HHB 67 Improved,Rajasthan,Rajasthan,Baran,State recommendation mapped to IMD districts
27,Pearl millet,HHB 67 Improved,Rajasthan,Rajasthan,Barmer,State recommendation mapped to IMD districts
27,Pearl millet,HHB 67 Improved,Rajasthan,Rajasthan,Bharatpur,State recommendation mapped to IMD districts
27,Pearl millet,HHB 67 Improved,Rajasthan,Rajasthan,Bhilwara,State recommendation mapped to IMD districts
27,Pearl millet,HHB 67 Improved,Rajasthan,Rajasthan,Bikaner,State recommendation mapped to IMD districts
27,Pearl millet,HHB 67 Improved,Rajasthan,Rajasthan,Bundi,State recommendation mapped to IMD districts
27,Pearl millet,HHB 67 Improved,Rajasthan,Rajasthan,Chittaurgarh,State recommendation mapped to IMD districts
27,Pearl millet,HHB 67 Improved,Rajasthan,Rajasthan,Churu,State recommendation mapped to IMD districts
27,Pearl millet,HHB 67 Improved,Rajasthan,Rajasthan,Dausa,State recommendation mapped to IMD districts
27,Pearl millet,HHB 67 Improved,Rajasthan,Rajasthan,Dholpur,State recommendation mapped to IMD districts
27,Pearl millet,HHB 67 Improved,Rajasthan,Rajasthan,Dungarpur,State recommendation mapped to IMD districts
27,Pearl millet,HHB 67 Improved,Rajasthan,Rajasthan,Ganganagar,State recommendation mapped to IMD districts
27,Pearl millet,HHB 67 Improved,Rajasthan,Rajasthan,Hanumangarh,State recommendation mapped to IMD districts
27,Pearl millet,HHB 67 Improved,Rajasthan,Rajasthan,Jaipur,State recommendation mapped to IMD districts
27,Pearl millet,HHB 67 Improved,Rajasthan,Rajasthan,Jaiselmer,State recommendation mapped to IMD districts
27,Pearl millet,HHB 67 Improved,Rajasthan,Rajasthan,Jalor,State recommendation mapped to IMD districts
27,Pearl millet,HHB 67 Improved,Rajasthan,Rajasthan,Jhalawar,State recommendation mapped to IMD districts
27,Pearl millet,HHB 67 Improved,Rajasthan,Rajasthan,Jhunjhunun,State recommendation mapped to IMD districts
27,Pearl millet,HHB 67 Improved,Rajasthan,Rajasthan,Jodhpur,State recommendation mapped to IMD districts
27,Pearl millet,HHB 67 Improved,Rajasthan,Rajasthan,Karauli,State recommendation mapped to IMD districts
27,Pearl millet,HHB 67 Improved,Rajasthan,Rajasthan,Kota,State recommendation mapped to IMD districts
27,Pearl millet,HHB 67 Improved,Rajasthan,Rajasthan,Nagaur,State recommendation mapped to IMD districts
27,Pearl millet,HHB 67 Improved,Rajasthan,Rajasthan,Pali,State recommendation mapped to IMD districts
27,Pearl millet,HHB 67 Improved,Rajasthan,Rajasthan,Prataapgarh,State recommendation mapped to IMD districts
27,Pearl millet,HHB 67 Improved,Rajasthan,Rajasthan,Rajsmand,State recommendation mapped to IMD districts
27,Pearl millet,HHB 67 Improved,Rajasthan,Rajasthan,Sikar,State recommendation mapped to IMD districts
27,Pearl millet,HHB 67 Improved,Rajasthan,Rajasthan,Sirohi,State recommendation mapped to IMD districts
27,Pearl millet,HHB 67 Improved,Rajasthan,Rajasthan,Swaimadhopur,State recommendation mapped to IMD districts
27,Pearl millet,HHB 67 Improved,Rajasthan,Rajasthan,Tonk,State recommendation mapped to IMD districts
27,Pearl millet,HHB 67 Improved,Rajasthan,Rajasthan,Udaipur,State recommendation mapped to IMD districts
27,Pearl millet,HHB 67 Improved,Gujarat,Gujarat,Ahmadabad,State recommendation mapped to IMD districts
27,Pearl millet,HHB 67 Improved,Gujarat,Gujarat,Amreli,State recommendation mapped to IMD districts
27,Pearl millet,HHB 67 Improved,Gujarat,Gujarat,Anand,State recommendation mapped to IMD districts
27,Pearl millet,HHB 67 Improved,Gujarat,Gujarat,Aravalli,State recommendation mapped to IMD districts
27,Pearl millet,HHB 67 Improved,Gujarat,Gujarat,Banaskantha,State recommendation mapped to IMD districts
27,Pearl millet,HHB 67 Improved,Gujarat,Gujarat,Bharuch,State recommendation mapped to IMD districts
27,Pearl millet,HHB 67 Improved,Gujarat,Gujarat,Bhavnagar,State recommendation mapped to IMD districts
27,Pearl millet,HHB 67 Improved,Gujarat,Gujarat,Botad,State recommendation mapped to IMD districts
27,Pearl millet,HHB 67 Improved,Gujarat,Gujarat,Chhota Udepur,State recommendation mapped to IMD districts
27,Pearl millet,HHB 67 Improved,Gujarat,Gujarat,Dahod,State recommendation mapped to IMD districts
27,Pearl millet,HHB 67 Improved,Gujarat,Gujarat,Dangs,State recommendation mapped to IMD districts
27,Pearl millet,HHB 67 Improved,Gujarat,Gujarat,Devbhoomi Dwarka,State recommendation mapped to IMD districts
27,Pearl millet,HHB 67 Improved,Gujarat,Gujarat,Gandhinagar,State recommendation mapped to IMD districts
27,Pearl millet,HHB 67 Improved,Gujarat,Gujarat,Gir Somnath,State recommendation mapped to IMD districts
27,Pearl millet,HHB 67 Improved,Gujarat,Gujarat,Jamnagar,State recommendation mapped to IMD districts
27,Pearl millet,HHB 67 Improved,Gujarat,Gujarat,Junagarh,State recommendation mapped to IMD districts
27,Pearl millet,HHB 67 Improved,Gujarat,Gujarat,Kachchh,State recommendation mapped to IMD districts
27,Pearl millet,HHB 67 Improved,Gujarat,Gujarat,Khera,State recommendation mapped to IMD districts
27,Pearl millet,HHB 67 Improved,Gujarat,Gujarat,Mahesana,State recommendation mapped to IMD districts
27,Pearl millet,HHB 67 Improved,Gujarat,Gujarat,Mahisagar,State recommendation mapped to IMD districts
27,Pearl millet,HHB 67 Improved,Gujarat,Gujarat,Morbi,State recommendation mapped to IMD districts
27,Pearl millet,HHB 67 Improved,Gujarat,Gujarat,Narmada,State recommendation mapped to IMD districts
27,Pearl millet,HHB 67 Improved,Gujarat,Gujarat,Navsari,State recommendation mapped to IMD districts
27,Pearl millet,HHB 67 Improved,Gujarat,Gujarat,Panchmahal,State recommendation mapped to IMD districts
27,Pearl millet,HHB 67 Improved,Gujarat,Gujarat,Patan,State recommendation mapped to IMD districts
27,Pearl millet,HHB 67 Improved,Gujarat,Gujarat,Porbandar,State recommendation mapped to IMD districts
27,Pearl millet,HHB 67 Improved,Gujarat,Gujarat,Rajkot,State recommendation mapped to IMD districts
27,Pearl millet,HHB 67 Improved,Gujarat,Gujarat,Sabar Kantha,State recommendation mapped to IMD districts
27,Pearl millet,HHB 67 Improved,Gujarat,Gujarat,Surat,State recommendation mapped to IMD districts
27,Pearl millet,HHB 67 Improved,Gujarat,Gujarat,Surendranagar,State recommendation mapped to IMD districts
27,Pearl millet,HHB 67 Improved,Gujarat,Gujarat,Tapi,State recommendation mapped to IMD districts
27,Pearl millet,HHB 67 Improved,Gujarat,Gujarat,Vadodara,State recommendation mapped to IMD districts
27,Pearl millet,HHB 67 Improved,Gujarat,Gujarat,Valsad,State recommendation mapped to IMD districts
27,Pearl millet,HHB 67 Improved,Haryana,Haryana,Ambala,State recommendation mapped to IMD districts
27,Pearl millet,HHB 67 Improved,Haryana,Haryana,Bhiwani,State recommendation mapped to IMD districts
27,Pearl millet,HHB 67 Improved,Haryana,Haryana,Charkhi Dadri,State recommendation mapped to IMD districts
27,Pearl millet,HHB 67 Improved,Haryana,Haryana,Faridabad,State recommendation mapped to IMD districts
27,Pearl millet,HHB 67 Improved,Haryana,Haryana,Fatehabad,State recommendation mapped to IMD districts
27,Pearl millet,HHB 67 Improved,Haryana,Haryana,Gurgaon,State recommendation mapped to IMD districts
27,Pearl millet,HHB 67 Improved,Haryana,Haryana,Hisar,State recommendation mapped to IMD districts
27,Pearl millet,HHB 67 Improved,Haryana,Haryana,Jhajjar,State recommendation mapped to IMD districts
27,Pearl millet,HHB 67 Improved,Haryana,Haryana,Jind,State recommendation mapped to IMD districts
27,Pearl millet,HHB 67 Improved,Haryana,Haryana,Kaithal,State recommendation mapped to IMD districts
27,Pearl millet,HHB 67 Improved,Haryana,Haryana,Karnal,State recommendation mapped to IMD districts
27,Pearl millet,HHB 67 Improved,Haryana,Haryana,Kurukshetra,State recommendation mapped to IMD districts
27,Pearl millet,HHB 67 Improved,Haryana,Haryana,Mahendragarh,State recommendation mapped to IMD districts
27,Pearl millet,HHB 67 Improved,Haryana,Haryana,Nuh,State recommendation mapped to IMD districts
27,Pearl millet,HHB 67 Improved,Haryana,Haryana,Palwal,State recommendation mapped to IMD districts
27,Pearl millet,HHB 67 Improved,Haryana,Haryana,Panchkula,State recommendation mapped to IMD districts
27,Pearl millet,HHB 67 Improved,Haryana,Haryana,Panipat,State recommendation mapped to IMD districts
27,Pearl millet,HHB 67 Improved,Haryana,Haryana,Rewari,State recommendation mapped to IMD districts
27,Pearl millet,HHB 67 Improved,Haryana,Haryana,Rohtak,State recommendation mapped to IMD districts
27,Pearl millet,HHB 67 Improved,Haryana,Haryana,Sirsa,State recommendation mapped to IMD districts
27,Pearl millet,HHB 67 Improved,Haryana,Haryana,Sonipat,State recommendation mapped to IMD districts
27,Pearl millet,HHB 67 Improved,Haryana,Haryana,Yamunanagar,State recommendation mapped to IMD districts
28,Pearl millet,HHB 67 Improved 2,Rajasthan,Rajasthan,Ajmer,State recommendation mapped to IMD districts
28,Pearl millet,HHB 67 Improved 2,Rajasthan,Rajasthan,Alwar,State recommendation mapped to IMD districts
28,Pearl millet,HHB 67 Improved 2,Rajasthan,Rajasthan,Banswara,State recommendation mapped to IMD districts
28,Pearl millet,HHB 67 Improved 2,Rajasthan,Rajasthan,Baran,State recommendation mapped to IMD districts
28,Pearl millet,HHB 67 Improved 2,Rajasthan,Rajasthan,Barmer,State recommendation mapped to IMD districts
28,Pearl millet,HHB 67 Improved 2,Rajasthan,Rajasthan,Bharatpur,State recommendation mapped to IMD districts
28,Pearl millet,HHB 67 Improved 2,Rajasthan,Rajasthan,Bhilwara,State recommendation mapped to IMD districts
28,Pearl millet,HHB 67 Improved 2,Rajasthan,Rajasthan,Bikaner,State recommendation mapped to IMD districts
28,Pearl millet,HHB 67 Improved 2,Rajasthan,Rajasthan,Bundi,State recommendation mapped to IMD districts
28,Pearl millet,HHB 67 Improved 2,Rajasthan,Rajasthan,Chittaurgarh,State recommendation mapped to IMD districts
28,Pearl millet,HHB 67 Improved 2,Rajasthan,Rajasthan,Churu,State recommendation mapped to IMD districts
28,Pearl millet,HHB 67 Improved 2,Rajasthan,Rajasthan,Dausa,State recommendation mapped to IMD districts
28,Pearl millet,HHB 67 Improved 2,Rajasthan,Rajasthan,Dholpur,State recommendation mapped to IMD districts
28,Pearl millet,HHB 67 Improved 2,Rajasthan,Rajasthan,Dungarpur,State recommendation mapped to IMD districts
28,Pearl millet,HHB 67 Improved 2,Rajasthan,Rajasthan,Ganganagar,State recommendation mapped to IMD districts
28,Pearl millet,HHB 67 Improved 2,Rajasthan,Rajasthan,Hanumangarh,State recommendation mapped to IMD districts
28,Pearl millet,HHB 67 Improved 2,Rajasthan,Rajasthan,Jaipur,State recommendation mapped to IMD districts
28,Pearl millet,HHB 67 Improved 2,Rajasthan,Rajasthan,Jaiselmer,State recommendation mapped to IMD districts
28,Pearl millet,HHB 67 Improved 2,Rajasthan,Rajasthan,Jalor,State recommendation mapped to IMD districts
28,Pearl millet,HHB 67 Improved 2,Rajasthan,Rajasthan,Jhalawar,State recommendation mapped to IMD districts
28,Pearl millet,HHB 67 Improved 2,Rajasthan,Rajasthan,Jhunjhunun,State recommendation mapped to IMD districts
28,Pearl millet,HHB 67 Improved 2,Rajasthan,Rajasthan,Jodhpur,State recommendation mapped to IMD districts
28,Pearl millet,HHB 67 Improved 2,Rajasthan,Rajasthan,Karauli,State recommendation mapped to IMD districts
28,Pearl millet,HHB 67 Improved 2,Rajasthan,Rajasthan,Kota,State recommendation mapped to IMD districts
28,Pearl millet,HHB 67 Improved 2,Rajasthan,Rajasthan,Nagaur,State recommendation mapped to IMD districts
28,Pearl millet,HHB 67 Improved 2,Rajasthan,Rajasthan,Pali,State recommendation mapped to IMD districts
28,Pearl millet,HHB 67 Improved 2,Rajasthan,Rajasthan,Prataapgarh,State recommendation mapped to IMD districts
28,Pearl millet,HHB 67 Improved 2,Rajasthan,Rajasthan,Rajsmand,State recommendation mapped to IMD districts
28,Pearl millet,HHB 67 Improved 2,Rajasthan,Rajasthan,Sikar,State recommendation mapped to IMD districts
28,Pearl millet,HHB 67 Improved 2,Rajasthan,Rajasthan,Sirohi,State recommendation mapped to IMD districts
28,Pearl millet,HHB 67 Improved 2,Rajasthan,Rajasthan,Swaimadhopur,State recommendation mapped to IMD districts
28,Pearl millet,HHB 67 Improved 2,Rajasthan,Rajasthan,Tonk,State recommendation mapped to IMD districts
28,Pearl millet,HHB 67 Improved 2,Rajasthan,Rajasthan,Udaipur,State recommendation mapped to IMD districts
28,Pearl millet,HHB 67 Improved 2,Gujarat,Gujarat,Ahmadabad,State recommendation mapped to IMD districts
28,Pearl millet,HHB 67 Improved 2,Gujarat,Gujarat,Amreli,State recommendation mapped to IMD districts
28,Pearl millet,HHB 67 Improved 2,Gujarat,Gujarat,Anand,State recommendation mapped to IMD districts
28,Pearl millet,HHB 67 Improved 2,Gujarat,Gujarat,Aravalli,State recommendation mapped to IMD districts
28,Pearl millet,HHB 67 Improved 2,Gujarat,Gujarat,Banaskantha,State recommendation mapped to IMD districts
28,Pearl millet,HHB 67 Improved 2,Gujarat,Gujarat,Bharuch,State recommendation mapped to IMD districts
28,Pearl millet,HHB 67 Improved 2,Gujarat,Gujarat,Bhavnagar,State recommendation mapped to IMD districts
28,Pearl millet,HHB 67 Improved 2,Gujarat,Gujarat,Botad,State recommendation mapped to IMD districts
28,Pearl millet,HHB 67 Improved 2,Gujarat,Gujarat,Chhota Udepur,State recommendation mapped to IMD districts
28,Pearl millet,HHB 67 Improved 2,Gujarat,Gujarat,Dahod,State recommendation mapped to IMD districts
28,Pearl millet,HHB 67 Improved 2,Gujarat,Gujarat,Dangs,State recommendation mapped to IMD districts
28,Pearl millet,HHB 67 Improved 2,Gujarat,Gujarat,Devbhoomi Dwarka,State recommendation mapped to IMD districts
28,Pearl millet,HHB 67 Improved 2,Gujarat,Gujarat,Gandhinagar,State recommendation mapped to IMD districts
28,Pearl millet,HHB 67 Improved 2,Gujarat,Gujarat,Gir Somnath,State recommendation mapped to IMD districts
28,Pearl millet,HHB 67 Improved 2,Gujarat,Gujarat,Jamnagar,State recommendation mapped to IMD districts
28,Pearl millet,HHB 67 Improved 2,Gujarat,Gujarat,Junagarh,State recommendation mapped to IMD districts
28,Pearl millet,HHB 67 Improved 2,Gujarat,Gujarat,Kachchh,State recommendation mapped to IMD districts
28,Pearl millet,HHB 67 Improved 2,Gujarat,Gujarat,Khera,State recommendation mapped to IMD districts
28,Pearl millet,HHB 67 Improved 2,Gujarat,Gujarat,Mahesana,State recommendation mapped to IMD districts
28,Pearl millet,HHB 67 Improved 2,Gujarat,Gujarat,Mahisagar,State recommendation mapped to IMD districts
28,Pearl millet,HHB 67 Improved 2,Gujarat,Gujarat,Morbi,State recommendation mapped to IMD districts
28,Pearl millet,HHB 67 Improved 2,Gujarat,Gujarat,Narmada,State recommendation mapped to IMD districts
28,Pearl millet,HHB 67 Improved 2,Gujarat,Gujarat,Navsari,State recommendation mapped to IMD districts
28,Pearl millet,HHB 67 Improved 2,Gujarat,Gujarat,Panchmahal,State recommendation mapped to IMD districts
28,Pearl millet,HHB 67 Improved 2,Gujarat,Gujarat,Patan,State recommendation mapped to IMD districts
28,Pearl millet,HHB 67 Improved 2,Gujarat,Gujarat,Porbandar,State recommendation mapped to IMD districts
28,Pearl millet,HHB 67 Improved 2,Gujarat,Gujarat,Rajkot,State recommendation mapped to IMD districts
28,Pearl millet,HHB 67 Improved 2,Gujarat,Gujarat,Sabar Kantha,State recommendation mapped to IMD districts
28,Pearl millet,HHB 67 Improved 2,Gujarat,Gujarat,Surat,State recommendation mapped to IMD districts
28,Pearl millet,HHB 67 Improved 2,Gujarat,Gujarat,Surendranagar,State recommendation mapped to IMD districts
28,Pearl millet,HHB 67 Improved 2,Gujarat,Gujarat,Tapi,State recommendation mapped to IMD districts
28,Pearl millet,HHB 67 Improved 2,Gujarat,Gujarat,Vadodara,State recommendation mapped to IMD districts
28,Pearl millet,HHB 67 Improved 2,Gujarat,Gujarat,Valsad,State recommendation mapped to IMD districts
28,Pearl millet,HHB 67 Improved 2,Haryana,Haryana,Ambala,State recommendation mapped to IMD districts
28,Pearl millet,HHB 67 Improved 2,Haryana,Haryana,Bhiwani,State recommendation mapped to IMD districts
28,Pearl millet,HHB 67 Improved 2,Haryana,Haryana,Charkhi Dadri,State recommendation mapped to IMD districts
28,Pearl millet,HHB 67 Improved 2,Haryana,Haryana,Faridabad,State recommendation mapped to IMD districts
28,Pearl millet,HHB 67 Improved 2,Haryana,Haryana,Fatehabad,State recommendation mapped to IMD districts
28,Pearl millet,HHB 67 Improved 2,Haryana,Haryana,Gurgaon,State recommendation mapped to IMD districts
28,Pearl millet,HHB 67 Improved 2,Haryana,Haryana,Hisar,State recommendation mapped to IMD districts
28,Pearl millet,HHB 67 Improved 2,Haryana,Haryana,Jhajjar,State recommendation mapped to IMD districts
28,Pearl millet,HHB 67 Improved 2,Haryana,Haryana,Jind,State recommendation mapped to IMD districts
28,Pearl millet,HHB 67 Improved 2,Haryana,Haryana,Kaithal,State recommendation mapped to IMD districts
28,Pearl millet,HHB 67 Improved 2,Haryana,Haryana,Karnal,State recommendation mapped to IMD districts
28,Pearl millet,HHB 67 Improved 2,Haryana,Haryana,Kurukshetra,State recommendation mapped to IMD districts
28,Pearl millet,HHB 67 Improved 2,Haryana,Haryana,Mahendragarh,State recommendation mapped to IMD districts
28,Pearl millet,HHB 67 Improved 2,Haryana,Haryana,Nuh,State recommendation mapped to IMD districts
28,Pearl millet,HHB 67 Improved 2,Haryana,Haryana,Palwal,State recommendation mapped to IMD districts
28,Pearl millet,HHB 67 Improved 2,Haryana,Haryana,Panchkula,State recommendation mapped to IMD districts
28,Pearl millet,HHB 67 Improved 2,Haryana,Haryana,Panipat,State recommendation mapped to IMD districts
28,Pearl millet,HHB 67 Improved 2,Haryana,Haryana,Rewari,State recommendation mapped to IMD districts
28,Pearl millet,HHB 67 Improved 2,Haryana,Haryana,Rohtak,State recommendation mapped to IMD districts
28,Pearl millet,HHB 67 Improved 2,Haryana,Haryana,Sirsa,State recommendation mapped to IMD districts
28,Pearl millet,HHB 67 Improved 2,Haryana,Haryana,Sonipat,State recommendation mapped to IMD districts
28,Pearl millet,HHB 67 Improved 2,Haryana,Haryana,Yamunanagar,State recommendation mapped to IMD districts
29,Chickpea,Super Annigeri-1,Andhra Pradesh,Andhra Pradesh,Anakapalli,State recommendation mapped to IMD districts
29,Chickpea,Super Annigeri-1,Andhra Pradesh,Andhra Pradesh,Anantapuramu,State recommendation mapped to IMD districts
29,Chickpea,Super Annigeri-1,Andhra Pradesh,Andhra Pradesh,Annamayya District,State recommendation mapped to IMD districts
29,Chickpea,Super Annigeri-1,Andhra Pradesh,Andhra Pradesh,Bapatla,State recommendation mapped to IMD districts
29,Chickpea,Super Annigeri-1,Andhra Pradesh,Andhra Pradesh,Chittoor,State recommendation mapped to IMD districts
29,Chickpea,Super Annigeri-1,Andhra Pradesh,Andhra Pradesh,Dr B R Ambedkar Konaseema,State recommendation mapped to IMD districts
29,Chickpea,Super Annigeri-1,Andhra Pradesh,Andhra Pradesh,East Godavari,State recommendation mapped to IMD districts
29,Chickpea,Super Annigeri-1,Andhra Pradesh,Andhra Pradesh,Eluru,State recommendation mapped to IMD districts
29,Chickpea,Super Annigeri-1,Andhra Pradesh,Andhra Pradesh,Guntur,State recommendation mapped to IMD districts
29,Chickpea,Super Annigeri-1,Andhra Pradesh,Andhra Pradesh,Kakinada,State recommendation mapped to IMD districts
29,Chickpea,Super Annigeri-1,Andhra Pradesh,Andhra Pradesh,Krishna,State recommendation mapped to IMD districts
29,Chickpea,Super Annigeri-1,Andhra Pradesh,Andhra Pradesh,Kurnool,State recommendation mapped to IMD districts
29,Chickpea,Super Annigeri-1,Andhra Pradesh,Andhra Pradesh,Nandyal,State recommendation mapped to IMD districts
29,Chickpea,Super Annigeri-1,Andhra Pradesh,Andhra Pradesh,Ntr District,State recommendation mapped to IMD districts
29,Chickpea,Super Annigeri-1,Andhra Pradesh,Andhra Pradesh,Palnadu,State recommendation mapped to IMD districts
29,Chickpea,Super Annigeri-1,Andhra Pradesh,Andhra Pradesh,Parvathipuram Manyam,State recommendation mapped to IMD districts
29,Chickpea,Super Annigeri-1,Andhra Pradesh,Andhra Pradesh,Prakasam,State recommendation mapped to IMD districts
29,Chickpea,Super Annigeri-1,Andhra Pradesh,Andhra Pradesh,Spsr Nellore,State recommendation mapped to IMD districts
29,Chickpea,Super Annigeri-1,Andhra Pradesh,Andhra Pradesh,Sri Alluri Sitharamaraju District,State recommendation mapped to IMD districts
29,Chickpea,Super Annigeri-1,Andhra Pradesh,Andhra Pradesh,Srikakulam,State recommendation mapped to IMD districts
29,Chickpea,Super Annigeri-1,Andhra Pradesh,Andhra Pradesh,Sri Sathyasai District,State recommendation mapped to IMD districts
29,Chickpea,Super Annigeri-1,Andhra Pradesh,Andhra Pradesh,Tirupati,State recommendation mapped to IMD districts
29,Chickpea,Super Annigeri-1,Andhra Pradesh,Andhra Pradesh,Vishakhapatnam,State recommendation mapped to IMD districts
29,Chickpea,Super Annigeri-1,Andhra Pradesh,Andhra Pradesh,Vizianagaram,State recommendation mapped to IMD districts
29,Chickpea,Super Annigeri-1,Andhra Pradesh,Andhra Pradesh,West Godavari,State recommendation mapped to IMD districts
29,Chickpea,Super Annigeri-1,Andhra Pradesh,Andhra Pradesh,Ysr District,State recommendation mapped to IMD districts
29,Chickpea,Super Annigeri-1,Karnataka,Karnataka,Bagalkot,State recommendation mapped to IMD districts
29,Chickpea,Super Annigeri-1,Karnataka,Karnataka,Bangalore Rural,State recommendation mapped to IMD districts
29,Chickpea,Super Annigeri-1,Karnataka,Karnataka,Banglore Urban,State recommendation mapped to IMD districts
29,Chickpea,Super Annigeri-1,Karnataka,Karnataka,Belgaum,State recommendation mapped to IMD districts
29,Chickpea,Super Annigeri-1,Karnataka,Karnataka,Bellary,State recommendation mapped to IMD districts
29,Chickpea,Super Annigeri-1,Karnataka,Karnataka,Bidar,State recommendation mapped to IMD districts
29,Chickpea,Super Annigeri-1,Karnataka,Karnataka,Bijaapur,State recommendation mapped to IMD districts
29,Chickpea,Super Annigeri-1,Karnataka,Karnataka,Chamarajanagar,State recommendation mapped to IMD districts
29,Chickpea,Super Annigeri-1,Karnataka,Karnataka,Chikballapur,State recommendation mapped to IMD districts
29,Chickpea,Super Annigeri-1,Karnataka,Karnataka,Chikmagalur,State recommendation mapped to IMD districts
29,Chickpea,Super Annigeri-1,Karnataka,Karnataka,Chitradurga,State recommendation mapped to IMD districts
29,Chickpea,Super Annigeri-1,Karnataka,Karnataka,Dakshin Kannada,State recommendation mapped to IMD districts
29,Chickpea,Super Annigeri-1,Karnataka,Karnataka,Davangere,State recommendation mapped to IMD districts
29,Chickpea,Super Annigeri-1,Karnataka,Karnataka,Dharwad,State recommendation mapped to IMD districts
29,Chickpea,Super Annigeri-1,Karnataka,Karnataka,Gadag,State recommendation mapped to IMD districts
29,Chickpea,Super Annigeri-1,Karnataka,Karnataka,Gulbarga,State recommendation mapped to IMD districts
29,Chickpea,Super Annigeri-1,Karnataka,Karnataka,Hassan,State recommendation mapped to IMD districts
29,Chickpea,Super Annigeri-1,Karnataka,Karnataka,Haveri,State recommendation mapped to IMD districts
29,Chickpea,Super Annigeri-1,Karnataka,Karnataka,Kodagu,State recommendation mapped to IMD districts
29,Chickpea,Super Annigeri-1,Karnataka,Karnataka,Kolar,State recommendation mapped to IMD districts
29,Chickpea,Super Annigeri-1,Karnataka,Karnataka,Koppal,State recommendation mapped to IMD districts
29,Chickpea,Super Annigeri-1,Karnataka,Karnataka,Mandhya,State recommendation mapped to IMD districts
29,Chickpea,Super Annigeri-1,Karnataka,Karnataka,Mysore,State recommendation mapped to IMD districts
29,Chickpea,Super Annigeri-1,Karnataka,Karnataka,Raichur,State recommendation mapped to IMD districts
29,Chickpea,Super Annigeri-1,Karnataka,Karnataka,Ramnagar,State recommendation mapped to IMD districts
29,Chickpea,Super Annigeri-1,Karnataka,Karnataka,Shimoga,State recommendation mapped to IMD districts
29,Chickpea,Super Annigeri-1,Karnataka,Karnataka,Tumkur,State recommendation mapped to IMD districts
29,Chickpea,Super Annigeri-1,Karnataka,Karnataka,Udupi,State recommendation mapped to IMD districts
29,Chickpea,Super Annigeri-1,Karnataka,Karnataka,Uttar Kannada,State recommendation mapped to IMD districts
29,Chickpea,Super Annigeri-1,Karnataka,Karnataka,Vijayanagara,State recommendation mapped to IMD districts
29,Chickpea,Super Annigeri-1,Karnataka,Karnataka,Yadgir,State recommendation mapped to IMD districts
29,Chickpea,Super Annigeri-1,Maharashtra,Maharashtra,Ahmadnagar,State recommendation mapped to IMD districts
29,Chickpea,Super Annigeri-1,Maharashtra,Maharashtra,Akola,State recommendation mapped to IMD districts
29,Chickpea,Super Annigeri-1,Maharashtra,Maharashtra,Amaravati,State recommendation mapped to IMD districts
29,Chickpea,Super Annigeri-1,Maharashtra,Maharashtra,Bhandara,State recommendation mapped to IMD districts
29,Chickpea,Super Annigeri-1,Maharashtra,Maharashtra,Bid,State recommendation mapped to IMD districts
29,Chickpea,Super Annigeri-1,Maharashtra,Maharashtra,Buldhana,State recommendation mapped to IMD districts
29,Chickpea,Super Annigeri-1,Maharashtra,Maharashtra,Chandrapur,State recommendation mapped to IMD districts
29,Chickpea,Super Annigeri-1,Maharashtra,Maharashtra,Chhatrapati Sambhajinagar,State recommendation mapped to IMD districts
29,Chickpea,Super Annigeri-1,Maharashtra,Maharashtra,Dharashiv,State recommendation mapped to IMD districts
29,Chickpea,Super Annigeri-1,Maharashtra,Maharashtra,Dhule,State recommendation mapped to IMD districts
29,Chickpea,Super Annigeri-1,Maharashtra,Maharashtra,Gadchiroli,State recommendation mapped to IMD districts
29,Chickpea,Super Annigeri-1,Maharashtra,Maharashtra,Gondiya,State recommendation mapped to IMD districts
29,Chickpea,Super Annigeri-1,Maharashtra,Maharashtra,Hingoli,State recommendation mapped to IMD districts
29,Chickpea,Super Annigeri-1,Maharashtra,Maharashtra,Jalgaon,State recommendation mapped to IMD districts
29,Chickpea,Super Annigeri-1,Maharashtra,Maharashtra,Jalna,State recommendation mapped to IMD districts
29,Chickpea,Super Annigeri-1,Maharashtra,Maharashtra,Kolhapur,State recommendation mapped to IMD districts
29,Chickpea,Super Annigeri-1,Maharashtra,Maharashtra,Latur,State recommendation mapped to IMD districts
29,Chickpea,Super Annigeri-1,Maharashtra,Maharashtra,Mumbai City,State recommendation mapped to IMD districts
29,Chickpea,Super Annigeri-1,Maharashtra,Maharashtra,Nagpur,State recommendation mapped to IMD districts
29,Chickpea,Super Annigeri-1,Maharashtra,Maharashtra,Nanded,State recommendation mapped to IMD districts
29,Chickpea,Super Annigeri-1,Maharashtra,Maharashtra,Nandurbar,State recommendation mapped to IMD districts
29,Chickpea,Super Annigeri-1,Maharashtra,Maharashtra,Nasik,State recommendation mapped to IMD districts
29,Chickpea,Super Annigeri-1,Maharashtra,Maharashtra,Palghar,State recommendation mapped to IMD districts
29,Chickpea,Super Annigeri-1,Maharashtra,Maharashtra,Parbhani,State recommendation mapped to IMD districts
29,Chickpea,Super Annigeri-1,Maharashtra,Maharashtra,Pune,State recommendation mapped to IMD districts
29,Chickpea,Super Annigeri-1,Maharashtra,Maharashtra,Raigad,State recommendation mapped to IMD districts
29,Chickpea,Super Annigeri-1,Maharashtra,Maharashtra,Ratnagiri,State recommendation mapped to IMD districts
29,Chickpea,Super Annigeri-1,Maharashtra,Maharashtra,Sangli,State recommendation mapped to IMD districts
29,Chickpea,Super Annigeri-1,Maharashtra,Maharashtra,Satara,State recommendation mapped to IMD districts
29,Chickpea,Super Annigeri-1,Maharashtra,Maharashtra,Sindhudurg,State recommendation mapped to IMD districts
29,Chickpea,Super Annigeri-1,Maharashtra,Maharashtra,Solapur,State recommendation mapped to IMD districts
29,Chickpea,Super Annigeri-1,Maharashtra,Maharashtra,Suburban Mumbai,State recommendation mapped to IMD districts
29,Chickpea,Super Annigeri-1,Maharashtra,Maharashtra,Thane,State recommendation mapped to IMD districts
29,Chickpea,Super Annigeri-1,Maharashtra,Maharashtra,Wardha,State recommendation mapped to IMD districts
29,Chickpea,Super Annigeri-1,Maharashtra,Maharashtra,Washim,State recommendation mapped to IMD districts
29,Chickpea,Super Annigeri-1,Maharashtra,Maharashtra,Yavatmal,State recommendation mapped to IMD districts
29,Chickpea,Super Annigeri-1,Gujarat,Gujarat,Ahmadabad,State recommendation mapped to IMD districts
29,Chickpea,Super Annigeri-1,Gujarat,Gujarat,Amreli,State recommendation mapped to IMD districts
29,Chickpea,Super Annigeri-1,Gujarat,Gujarat,Anand,State recommendation mapped to IMD districts
29,Chickpea,Super Annigeri-1,Gujarat,Gujarat,Aravalli,State recommendation mapped to IMD districts
29,Chickpea,Super Annigeri-1,Gujarat,Gujarat,Banaskantha,State recommendation mapped to IMD districts
29,Chickpea,Super Annigeri-1,Gujarat,Gujarat,Bharuch,State recommendation mapped to IMD districts
29,Chickpea,Super Annigeri-1,Gujarat,Gujarat,Bhavnagar,State recommendation mapped to IMD districts
29,Chickpea,Super Annigeri-1,Gujarat,Gujarat,Botad,State recommendation mapped to IMD districts
29,Chickpea,Super Annigeri-1,Gujarat,Gujarat,Chhota Udepur,State recommendation mapped to IMD districts
29,Chickpea,Super Annigeri-1,Gujarat,Gujarat,Dahod,State recommendation mapped to IMD districts
29,Chickpea,Super Annigeri-1,Gujarat,Gujarat,Dangs,State recommendation mapped to IMD districts
29,Chickpea,Super Annigeri-1,Gujarat,Gujarat,Devbhoomi Dwarka,State recommendation mapped to IMD districts
29,Chickpea,Super Annigeri-1,Gujarat,Gujarat,Gandhinagar,State recommendation mapped to IMD districts
29,Chickpea,Super Annigeri-1,Gujarat,Gujarat,Gir Somnath,State recommendation mapped to IMD districts
29,Chickpea,Super Annigeri-1,Gujarat,Gujarat,Jamnagar,State recommendation mapped to IMD districts
29,Chickpea,Super Annigeri-1,Gujarat,Gujarat,Junagarh,State recommendation mapped to IMD districts
29,Chickpea,Super Annigeri-1,Gujarat,Gujarat,Kachchh,State recommendation mapped to IMD districts
29,Chickpea,Super Annigeri-1,Gujarat,Gujarat,Khera,State recommendation mapped to IMD districts
29,Chickpea,Super Annigeri-1,Gujarat,Gujarat,Mahesana,State recommendation mapped to IMD districts
29,Chickpea,Super Annigeri-1,Gujarat,Gujarat,Mahisagar,State recommendation mapped to IMD districts
29,Chickpea,Super Annigeri-1,Gujarat,Gujarat,Morbi,State recommendation mapped to IMD districts
29,Chickpea,Super Annigeri-1,Gujarat,Gujarat,Narmada,State recommendation mapped to IMD districts
29,Chickpea,Super Annigeri-1,Gujarat,Gujarat,Navsari,State recommendation mapped to IMD districts
29,Chickpea,Super Annigeri-1,Gujarat,Gujarat,Panchmahal,State recommendation mapped to IMD districts
29,Chickpea,Super Annigeri-1,Gujarat,Gujarat,Patan,State recommendation mapped to IMD districts
29,Chickpea,Super Annigeri-1,Gujarat,Gujarat,Porbandar,State recommendation mapped to IMD districts
29,Chickpea,Super Annigeri-1,Gujarat,Gujarat,Rajkot,State recommendation mapped to IMD districts
29,Chickpea,Super Annigeri-1,Gujarat,Gujarat,Sabar Kantha,State recommendation mapped to IMD districts
29,Chickpea,Super Annigeri-1,Gujarat,Gujarat,Surat,State recommendation mapped to IMD districts
29,Chickpea,Super Annigeri-1,Gujarat,Gujarat,Surendranagar,State recommendation mapped to IMD districts
29,Chickpea,Super Annigeri-1,Gujarat,Gujarat,Tapi,State recommendation mapped to IMD districts
29,Chickpea,Super Annigeri-1,Gujarat,Gujarat,Vadodara,State recommendation mapped to IMD districts
29,Chickpea,Super Annigeri-1,Gujarat,Gujarat,Valsad,State recommendation mapped to IMD districts
30,Chickpea,Pusa Chickpea 20211,Madhya Pradesh,Madhya Pradesh,Agar-Malwa,State recommendation mapped to IMD districts
30,Chickpea,Pusa Chickpea 20211,Madhya Pradesh,Madhya Pradesh,Alirajpur,State recommendation mapped to IMD districts
30,Chickpea,Pusa Chickpea 20211,Madhya Pradesh,Madhya Pradesh,Anuppur,State recommendation mapped to IMD districts
30,Chickpea,Pusa Chickpea 20211,Madhya Pradesh,Madhya Pradesh,Ashoknagar,State recommendation mapped to IMD districts
30,Chickpea,Pusa Chickpea 20211,Madhya Pradesh,Madhya Pradesh,Balaghat,State recommendation mapped to IMD districts
30,Chickpea,Pusa Chickpea 20211,Madhya Pradesh,Madhya Pradesh,Barwani,State recommendation mapped to IMD districts
30,Chickpea,Pusa Chickpea 20211,Madhya Pradesh,Madhya Pradesh,Betul,State recommendation mapped to IMD districts
30,Chickpea,Pusa Chickpea 20211,Madhya Pradesh,Madhya Pradesh,Bhind,State recommendation mapped to IMD districts
30,Chickpea,Pusa Chickpea 20211,Madhya Pradesh,Madhya Pradesh,Bhopal,State recommendation mapped to IMD districts
30,Chickpea,Pusa Chickpea 20211,Madhya Pradesh,Madhya Pradesh,Burhanpur,State recommendation mapped to IMD districts
30,Chickpea,Pusa Chickpea 20211,Madhya Pradesh,Madhya Pradesh,Chhatarpur,State recommendation mapped to IMD districts
30,Chickpea,Pusa Chickpea 20211,Madhya Pradesh,Madhya Pradesh,Chhindwara,State recommendation mapped to IMD districts
30,Chickpea,Pusa Chickpea 20211,Madhya Pradesh,Madhya Pradesh,Damoh,State recommendation mapped to IMD districts
30,Chickpea,Pusa Chickpea 20211,Madhya Pradesh,Madhya Pradesh,Datia,State recommendation mapped to IMD districts
30,Chickpea,Pusa Chickpea 20211,Madhya Pradesh,Madhya Pradesh,Dewas,State recommendation mapped to IMD districts
30,Chickpea,Pusa Chickpea 20211,Madhya Pradesh,Madhya Pradesh,Dhar,State recommendation mapped to IMD districts
30,Chickpea,Pusa Chickpea 20211,Madhya Pradesh,Madhya Pradesh,Dindori,State recommendation mapped to IMD districts
30,Chickpea,Pusa Chickpea 20211,Madhya Pradesh,Madhya Pradesh,Guna,State recommendation mapped to IMD districts
30,Chickpea,Pusa Chickpea 20211,Madhya Pradesh,Madhya Pradesh,Gwalior,State recommendation mapped to IMD districts
30,Chickpea,Pusa Chickpea 20211,Madhya Pradesh,Madhya Pradesh,Harda,State recommendation mapped to IMD districts
30,Chickpea,Pusa Chickpea 20211,Madhya Pradesh,Madhya Pradesh,Indore,State recommendation mapped to IMD districts
30,Chickpea,Pusa Chickpea 20211,Madhya Pradesh,Madhya Pradesh,Jabalpur,State recommendation mapped to IMD districts
30,Chickpea,Pusa Chickpea 20211,Madhya Pradesh,Madhya Pradesh,Jhabua,State recommendation mapped to IMD districts
30,Chickpea,Pusa Chickpea 20211,Madhya Pradesh,Madhya Pradesh,Katni,State recommendation mapped to IMD districts
30,Chickpea,Pusa Chickpea 20211,Madhya Pradesh,Madhya Pradesh,Khandwa,State recommendation mapped to IMD districts
30,Chickpea,Pusa Chickpea 20211,Madhya Pradesh,Madhya Pradesh,Khargone,State recommendation mapped to IMD districts
30,Chickpea,Pusa Chickpea 20211,Madhya Pradesh,Madhya Pradesh,Mandla,State recommendation mapped to IMD districts
30,Chickpea,Pusa Chickpea 20211,Madhya Pradesh,Madhya Pradesh,Mandsaur,State recommendation mapped to IMD districts
30,Chickpea,Pusa Chickpea 20211,Madhya Pradesh,Madhya Pradesh,Morena,State recommendation mapped to IMD districts
30,Chickpea,Pusa Chickpea 20211,Madhya Pradesh,Madhya Pradesh,Narmadapuram,State recommendation mapped to IMD districts
30,Chickpea,Pusa Chickpea 20211,Madhya Pradesh,Madhya Pradesh,Narshimapura,State recommendation mapped to IMD districts
30,Chickpea,Pusa Chickpea 20211,Madhya Pradesh,Madhya Pradesh,Nimach,State recommendation mapped to IMD districts
30,Chickpea,Pusa Chickpea 20211,Madhya Pradesh,Madhya Pradesh,Niwari,State recommendation mapped to IMD districts
30,Chickpea,Pusa Chickpea 20211,Madhya Pradesh,Madhya Pradesh,Panna,State recommendation mapped to IMD districts
30,Chickpea,Pusa Chickpea 20211,Madhya Pradesh,Madhya Pradesh,Raisen,State recommendation mapped to IMD districts
30,Chickpea,Pusa Chickpea 20211,Madhya Pradesh,Madhya Pradesh,Rajgarh,State recommendation mapped to IMD districts
30,Chickpea,Pusa Chickpea 20211,Madhya Pradesh,Madhya Pradesh,Ratlam,State recommendation mapped to IMD districts
30,Chickpea,Pusa Chickpea 20211,Madhya Pradesh,Madhya Pradesh,Rewa,State recommendation mapped to IMD districts
30,Chickpea,Pusa Chickpea 20211,Madhya Pradesh,Madhya Pradesh,Sagar,State recommendation mapped to IMD districts
30,Chickpea,Pusa Chickpea 20211,Madhya Pradesh,Madhya Pradesh,Satna,State recommendation mapped to IMD districts
30,Chickpea,Pusa Chickpea 20211,Madhya Pradesh,Madhya Pradesh,Sehore,State recommendation mapped to IMD districts
30,Chickpea,Pusa Chickpea 20211,Madhya Pradesh,Madhya Pradesh,Seoni,State recommendation mapped to IMD districts
30,Chickpea,Pusa Chickpea 20211,Madhya Pradesh,Madhya Pradesh,Shahdol,State recommendation mapped to IMD districts
30,Chickpea,Pusa Chickpea 20211,Madhya Pradesh,Madhya Pradesh,Shajapur,State recommendation mapped to IMD districts
30,Chickpea,Pusa Chickpea 20211,Madhya Pradesh,Madhya Pradesh,Sheopur,State recommendation mapped to IMD districts
30,Chickpea,Pusa Chickpea 20211,Madhya Pradesh,Madhya Pradesh,Shivpuri,State recommendation mapped to IMD districts
30,Chickpea,Pusa Chickpea 20211,Madhya Pradesh,Madhya Pradesh,Sidhi,State recommendation mapped to IMD districts
30,Chickpea,Pusa Chickpea 20211,Madhya Pradesh,Madhya Pradesh,Singrauli,State recommendation mapped to IMD districts
30,Chickpea,Pusa Chickpea 20211,Madhya Pradesh,Madhya Pradesh,Tikamgarh,State recommendation mapped to IMD districts
30,Chickpea,Pusa Chickpea 20211,Madhya Pradesh,Madhya Pradesh,Ujjain,State recommendation mapped to IMD districts
30,Chickpea,Pusa Chickpea 20211,Madhya Pradesh,Madhya Pradesh,Umaria,State recommendation mapped to IMD districts
30,Chickpea,Pusa Chickpea 20211,Madhya Pradesh,Madhya Pradesh,Videsha,State recommendation mapped to IMD districts
30,Chickpea,Pusa Chickpea 20211,Maharashtra,Maharashtra,Ahmadnagar,State recommendation mapped to IMD districts
30,Chickpea,Pusa Chickpea 20211,Maharashtra,Maharashtra,Akola,State recommendation mapped to IMD districts
30,Chickpea,Pusa Chickpea 20211,Maharashtra,Maharashtra,Amaravati,State recommendation mapped to IMD districts
30,Chickpea,Pusa Chickpea 20211,Maharashtra,Maharashtra,Bhandara,State recommendation mapped to IMD districts
30,Chickpea,Pusa Chickpea 20211,Maharashtra,Maharashtra,Bid,State recommendation mapped to IMD districts
30,Chickpea,Pusa Chickpea 20211,Maharashtra,Maharashtra,Buldhana,State recommendation mapped to IMD districts
30,Chickpea,Pusa Chickpea 20211,Maharashtra,Maharashtra,Chandrapur,State recommendation mapped to IMD districts
30,Chickpea,Pusa Chickpea 20211,Maharashtra,Maharashtra,Chhatrapati Sambhajinagar,State recommendation mapped to IMD districts
30,Chickpea,Pusa Chickpea 20211,Maharashtra,Maharashtra,Dharashiv,State recommendation mapped to IMD districts
30,Chickpea,Pusa Chickpea 20211,Maharashtra,Maharashtra,Dhule,State recommendation mapped to IMD districts
30,Chickpea,Pusa Chickpea 20211,Maharashtra,Maharashtra,Gadchiroli,State recommendation mapped to IMD districts
30,Chickpea,Pusa Chickpea 20211,Maharashtra,Maharashtra,Gondiya,State recommendation mapped to IMD districts
30,Chickpea,Pusa Chickpea 20211,Maharashtra,Maharashtra,Hingoli,State recommendation mapped to IMD districts
30,Chickpea,Pusa Chickpea 20211,Maharashtra,Maharashtra,Jalgaon,State recommendation mapped to IMD districts
30,Chickpea,Pusa Chickpea 20211,Maharashtra,Maharashtra,Jalna,State recommendation mapped to IMD districts
30,Chickpea,Pusa Chickpea 20211,Maharashtra,Maharashtra,Kolhapur,State recommendation mapped to IMD districts
30,Chickpea,Pusa Chickpea 20211,Maharashtra,Maharashtra,Latur,State recommendation mapped to IMD districts
30,Chickpea,Pusa Chickpea 20211,Maharashtra,Maharashtra,Mumbai City,State recommendation mapped to IMD districts
30,Chickpea,Pusa Chickpea 20211,Maharashtra,Maharashtra,Nagpur,State recommendation mapped to IMD districts
30,Chickpea,Pusa Chickpea 20211,Maharashtra,Maharashtra,Nanded,State recommendation mapped to IMD districts
30,Chickpea,Pusa Chickpea 20211,Maharashtra,Maharashtra,Nandurbar,State recommendation mapped to IMD districts
30,Chickpea,Pusa Chickpea 20211,Maharashtra,Maharashtra,Nasik,State recommendation mapped to IMD districts
30,Chickpea,Pusa Chickpea 20211,Maharashtra,Maharashtra,Palghar,State recommendation mapped to IMD districts
30,Chickpea,Pusa Chickpea 20211,Maharashtra,Maharashtra,Parbhani,State recommendation mapped to IMD districts
30,Chickpea,Pusa Chickpea 20211,Maharashtra,Maharashtra,Pune,State recommendation mapped to IMD districts
30,Chickpea,Pusa Chickpea 20211,Maharashtra,Maharashtra,Raigad,State recommendation mapped to IMD districts
30,Chickpea,Pusa Chickpea 20211,Maharashtra,Maharashtra,Ratnagiri,State recommendation mapped to IMD districts
30,Chickpea,Pusa Chickpea 20211,Maharashtra,Maharashtra,Sangli,State recommendation mapped to IMD districts
30,Chickpea,Pusa Chickpea 20211,Maharashtra,Maharashtra,Satara,State recommendation mapped to IMD districts
30,Chickpea,Pusa Chickpea 20211,Maharashtra,Maharashtra,Sindhudurg,State recommendation mapped to IMD districts
30,Chickpea,Pusa Chickpea 20211,Maharashtra,Maharashtra,Solapur,State recommendation mapped to IMD districts
30,Chickpea,Pusa Chickpea 20211,Maharashtra,Maharashtra,Suburban Mumbai,State recommendation mapped to IMD districts
30,Chickpea,Pusa Chickpea 20211,Maharashtra,Maharashtra,Thane,State recommendation mapped to IMD districts
30,Chickpea,Pusa Chickpea 20211,Maharashtra,Maharashtra,Wardha,State recommendation mapped to IMD districts
30,Chickpea,Pusa Chickpea 20211,Maharashtra,Maharashtra,Washim,State recommendation mapped to IMD districts
30,Chickpea,Pusa Chickpea 20211,Maharashtra,Maharashtra,Yavatmal,State recommendation mapped to IMD districts
30,Chickpea,Pusa Chickpea 20211,Gujarat,Gujarat,Ahmadabad,State recommendation mapped to IMD districts
30,Chickpea,Pusa Chickpea 20211,Gujarat,Gujarat,Amreli,State recommendation mapped to IMD districts
30,Chickpea,Pusa Chickpea 20211,Gujarat,Gujarat,Anand,State recommendation mapped to IMD districts
30,Chickpea,Pusa Chickpea 20211,Gujarat,Gujarat,Aravalli,State recommendation mapped to IMD districts
30,Chickpea,Pusa Chickpea 20211,Gujarat,Gujarat,Banaskantha,State recommendation mapped to IMD districts
30,Chickpea,Pusa Chickpea 20211,Gujarat,Gujarat,Bharuch,State recommendation mapped to IMD districts
30,Chickpea,Pusa Chickpea 20211,Gujarat,Gujarat,Bhavnagar,State recommendation mapped to IMD districts
30,Chickpea,Pusa Chickpea 20211,Gujarat,Gujarat,Botad,State recommendation mapped to IMD districts
30,Chickpea,Pusa Chickpea 20211,Gujarat,Gujarat,Chhota Udepur,State recommendation mapped to IMD districts
30,Chickpea,Pusa Chickpea 20211,Gujarat,Gujarat,Dahod,State recommendation mapped to IMD districts
30,Chickpea,Pusa Chickpea 20211,Gujarat,Gujarat,Dangs,State recommendation mapped to IMD districts
30,Chickpea,Pusa Chickpea 20211,Gujarat,Gujarat,Devbhoomi Dwarka,State recommendation mapped to IMD districts
30,Chickpea,Pusa Chickpea 20211,Gujarat,Gujarat,Gandhinagar,State recommendation mapped to IMD districts
30,Chickpea,Pusa Chickpea 20211,Gujarat,Gujarat,Gir Somnath,State recommendation mapped to IMD districts
30,Chickpea,Pusa Chickpea 20211,Gujarat,Gujarat,Jamnagar,State recommendation mapped to IMD districts
30,Chickpea,Pusa Chickpea 20211,Gujarat,Gujarat,Junagarh,State recommendation mapped to IMD districts
30,Chickpea,Pusa Chickpea 20211,Gujarat,Gujarat,Kachchh,State recommendation mapped to IMD districts
30,Chickpea,Pusa Chickpea 20211,Gujarat,Gujarat,Khera,State recommendation mapped to IMD districts
30,Chickpea,Pusa Chickpea 20211,Gujarat,Gujarat,Mahesana,State recommendation mapped to IMD districts
30,Chickpea,Pusa Chickpea 20211,Gujarat,Gujarat,Mahisagar,State recommendation mapped to IMD districts
30,Chickpea,Pusa Chickpea 20211,Gujarat,Gujarat,Morbi,State recommendation mapped to IMD districts
30,Chickpea,Pusa Chickpea 20211,Gujarat,Gujarat,Narmada,State recommendation mapped to IMD districts
30,Chickpea,Pusa Chickpea 20211,Gujarat,Gujarat,Navsari,State recommendation mapped to IMD districts
30,Chickpea,Pusa Chickpea 20211,Gujarat,Gujarat,Panchmahal,State recommendation mapped to IMD districts
30,Chickpea,Pusa Chickpea 20211,Gujarat,Gujarat,Patan,State recommendation mapped to IMD districts
30,Chickpea,Pusa Chickpea 20211,Gujarat,Gujarat,Porbandar,State recommendation mapped to IMD districts
30,Chickpea,Pusa Chickpea 20211,Gujarat,Gujarat,Rajkot,State recommendation mapped to IMD districts
30,Chickpea,Pusa Chickpea 20211,Gujarat,Gujarat,Sabar Kantha,State recommendation mapped to IMD districts
30,Chickpea,Pusa Chickpea 20211,Gujarat,Gujarat,Surat,State recommendation mapped to IMD districts
30,Chickpea,Pusa Chickpea 20211,Gujarat,Gujarat,Surendranagar,State recommendation mapped to IMD districts
30,Chickpea,Pusa Chickpea 20211,Gujarat,Gujarat,Tapi,State recommendation mapped to IMD districts
30,Chickpea,Pusa Chickpea 20211,Gujarat,Gujarat,Vadodara,State recommendation mapped to IMD districts
30,Chickpea,Pusa Chickpea 20211,Gujarat,Gujarat,Valsad,State recommendation mapped to IMD districts
31,Chickpea,Pusa Chickpea 10216,Madhya Pradesh,Madhya Pradesh,Agar-Malwa,State recommendation mapped to IMD districts
31,Chickpea,Pusa Chickpea 10216,Madhya Pradesh,Madhya Pradesh,Alirajpur,State recommendation mapped to IMD districts
31,Chickpea,Pusa Chickpea 10216,Madhya Pradesh,Madhya Pradesh,Anuppur,State recommendation mapped to IMD districts
31,Chickpea,Pusa Chickpea 10216,Madhya Pradesh,Madhya Pradesh,Ashoknagar,State recommendation mapped to IMD districts
31,Chickpea,Pusa Chickpea 10216,Madhya Pradesh,Madhya Pradesh,Balaghat,State recommendation mapped to IMD districts
31,Chickpea,Pusa Chickpea 10216,Madhya Pradesh,Madhya Pradesh,Barwani,State recommendation mapped to IMD districts
31,Chickpea,Pusa Chickpea 10216,Madhya Pradesh,Madhya Pradesh,Betul,State recommendation mapped to IMD districts
31,Chickpea,Pusa Chickpea 10216,Madhya Pradesh,Madhya Pradesh,Bhind,State recommendation mapped to IMD districts
31,Chickpea,Pusa Chickpea 10216,Madhya Pradesh,Madhya Pradesh,Bhopal,State recommendation mapped to IMD districts
31,Chickpea,Pusa Chickpea 10216,Madhya Pradesh,Madhya Pradesh,Burhanpur,State recommendation mapped to IMD districts
31,Chickpea,Pusa Chickpea 10216,Madhya Pradesh,Madhya Pradesh,Chhatarpur,State recommendation mapped to IMD districts
31,Chickpea,Pusa Chickpea 10216,Madhya Pradesh,Madhya Pradesh,Chhindwara,State recommendation mapped to IMD districts
31,Chickpea,Pusa Chickpea 10216,Madhya Pradesh,Madhya Pradesh,Damoh,State recommendation mapped to IMD districts
31,Chickpea,Pusa Chickpea 10216,Madhya Pradesh,Madhya Pradesh,Datia,State recommendation mapped to IMD districts
31,Chickpea,Pusa Chickpea 10216,Madhya Pradesh,Madhya Pradesh,Dewas,State recommendation mapped to IMD districts
31,Chickpea,Pusa Chickpea 10216,Madhya Pradesh,Madhya Pradesh,Dhar,State recommendation mapped to IMD districts
31,Chickpea,Pusa Chickpea 10216,Madhya Pradesh,Madhya Pradesh,Dindori,State recommendation mapped to IMD districts
31,Chickpea,Pusa Chickpea 10216,Madhya Pradesh,Madhya Pradesh,Guna,State recommendation mapped to IMD districts
31,Chickpea,Pusa Chickpea 10216,Madhya Pradesh,Madhya Pradesh,Gwalior,State recommendation mapped to IMD districts
31,Chickpea,Pusa Chickpea 10216,Madhya Pradesh,Madhya Pradesh,Harda,State recommendation mapped to IMD districts
31,Chickpea,Pusa Chickpea 10216,Madhya Pradesh,Madhya Pradesh,Indore,State recommendation mapped to IMD districts
31,Chickpea,Pusa Chickpea 10216,Madhya Pradesh,Madhya Pradesh,Jabalpur,State recommendation mapped to IMD districts
31,Chickpea,Pusa Chickpea 10216,Madhya Pradesh,Madhya Pradesh,Jhabua,State recommendation mapped to IMD districts
31,Chickpea,Pusa Chickpea 10216,Madhya Pradesh,Madhya Pradesh,Katni,State recommendation mapped to IMD districts
31,Chickpea,Pusa Chickpea 10216,Madhya Pradesh,Madhya Pradesh,Khandwa,State recommendation mapped to IMD districts
31,Chickpea,Pusa Chickpea 10216,Madhya Pradesh,Madhya Pradesh,Khargone,State recommendation mapped to IMD districts
31,Chickpea,Pusa Chickpea 10216,Madhya Pradesh,Madhya Pradesh,Mandla,State recommendation mapped to IMD districts
31,Chickpea,Pusa Chickpea 10216,Madhya Pradesh,Madhya Pradesh,Mandsaur,State recommendation mapped to IMD districts
31,Chickpea,Pusa Chickpea 10216,Madhya Pradesh,Madhya Pradesh,Morena,State recommendation mapped to IMD districts
31,Chickpea,Pusa Chickpea 10216,Madhya Pradesh,Madhya Pradesh,Narmadapuram,State recommendation mapped to IMD districts
31,Chickpea,Pusa Chickpea 10216,Madhya Pradesh,Madhya Pradesh,Narshimapura,State recommendation mapped to IMD districts
31,Chickpea,Pusa Chickpea 10216,Madhya Pradesh,Madhya Pradesh,Nimach,State recommendation mapped to IMD districts
31,Chickpea,Pusa Chickpea 10216,Madhya Pradesh,Madhya Pradesh,Niwari,State recommendation mapped to IMD districts
31,Chickpea,Pusa Chickpea 10216,Madhya Pradesh,Madhya Pradesh,Panna,State recommendation mapped to IMD districts
31,Chickpea,Pusa Chickpea 10216,Madhya Pradesh,Madhya Pradesh,Raisen,State recommendation mapped to IMD districts
31,Chickpea,Pusa Chickpea 10216,Madhya Pradesh,Madhya Pradesh,Rajgarh,State recommendation mapped to IMD districts
31,Chickpea,Pusa Chickpea 10216,Madhya Pradesh,Madhya Pradesh,Ratlam,State recommendation mapped to IMD districts
31,Chickpea,Pusa Chickpea 10216,Madhya Pradesh,Madhya Pradesh,Rewa,State recommendation mapped to IMD districts
31,Chickpea,Pusa Chickpea 10216,Madhya Pradesh,Madhya Pradesh,Sagar,State recommendation mapped to IMD districts
31,Chickpea,Pusa Chickpea 10216,Madhya Pradesh,Madhya Pradesh,Satna,State recommendation mapped to IMD districts
31,Chickpea,Pusa Chickpea 10216,Madhya Pradesh,Madhya Pradesh,Sehore,State recommendation mapped to IMD districts
31,Chickpea,Pusa Chickpea 10216,Madhya Pradesh,Madhya Pradesh,Seoni,State recommendation mapped to IMD districts
31,Chickpea,Pusa Chickpea 10216,Madhya Pradesh,Madhya Pradesh,Shahdol,State recommendation mapped to IMD districts
31,Chickpea,Pusa Chickpea 10216,Madhya Pradesh,Madhya Pradesh,Shajapur,State recommendation mapped to IMD districts
31,Chickpea,Pusa Chickpea 10216,Madhya Pradesh,Madhya Pradesh,Sheopur,State recommendation mapped to IMD districts
31,Chickpea,Pusa Chickpea 10216,Madhya Pradesh,Madhya Pradesh,Shivpuri,State recommendation mapped to IMD districts
31,Chickpea,Pusa Chickpea 10216,Madhya Pradesh,Madhya Pradesh,Sidhi,State recommendation mapped to IMD districts
31,Chickpea,Pusa Chickpea 10216,Madhya Pradesh,Madhya Pradesh,Singrauli,State recommendation mapped to IMD districts
31,Chickpea,Pusa Chickpea 10216,Madhya Pradesh,Madhya Pradesh,Tikamgarh,State recommendation mapped to IMD districts
31,Chickpea,Pusa Chickpea 10216,Madhya Pradesh,Madhya Pradesh,Ujjain,State recommendation mapped to IMD districts
31,Chickpea,Pusa Chickpea 10216,Madhya Pradesh,Madhya Pradesh,Umaria,State recommendation mapped to IMD districts
31,Chickpea,Pusa Chickpea 10216,Madhya Pradesh,Madhya Pradesh,Videsha,State recommendation mapped to IMD districts
31,Chickpea,Pusa Chickpea 10216,Chhattisgarh,Chhattisgarh,Sakti,State recommendation mapped to IMD districts
31,Chickpea,Pusa Chickpea 10216,Maharashtra,Maharashtra,Ahmadnagar,State recommendation mapped to IMD districts
31,Chickpea,Pusa Chickpea 10216,Maharashtra,Maharashtra,Akola,State recommendation mapped to IMD districts
31,Chickpea,Pusa Chickpea 10216,Maharashtra,Maharashtra,Amaravati,State recommendation mapped to IMD districts
31,Chickpea,Pusa Chickpea 10216,Maharashtra,Maharashtra,Bhandara,State recommendation mapped to IMD districts
31,Chickpea,Pusa Chickpea 10216,Maharashtra,Maharashtra,Bid,State recommendation mapped to IMD districts
31,Chickpea,Pusa Chickpea 10216,Maharashtra,Maharashtra,Buldhana,State recommendation mapped to IMD districts
31,Chickpea,Pusa Chickpea 10216,Maharashtra,Maharashtra,Chandrapur,State recommendation mapped to IMD districts
31,Chickpea,Pusa Chickpea 10216,Maharashtra,Maharashtra,Chhatrapati Sambhajinagar,State recommendation mapped to IMD districts
31,Chickpea,Pusa Chickpea 10216,Maharashtra,Maharashtra,Dharashiv,State recommendation mapped to IMD districts
31,Chickpea,Pusa Chickpea 10216,Maharashtra,Maharashtra,Dhule,State recommendation mapped to IMD districts
31,Chickpea,Pusa Chickpea 10216,Maharashtra,Maharashtra,Gadchiroli,State recommendation mapped to IMD districts
31,Chickpea,Pusa Chickpea 10216,Maharashtra,Maharashtra,Gondiya,State recommendation mapped to IMD districts
31,Chickpea,Pusa Chickpea 10216,Maharashtra,Maharashtra,Hingoli,State recommendation mapped to IMD districts
31,Chickpea,Pusa Chickpea 10216,Maharashtra,Maharashtra,Jalgaon,State recommendation mapped to IMD districts
31,Chickpea,Pusa Chickpea 10216,Maharashtra,Maharashtra,Jalna,State recommendation mapped to IMD districts
31,Chickpea,Pusa Chickpea 10216,Maharashtra,Maharashtra,Kolhapur,State recommendation mapped to IMD districts
31,Chickpea,Pusa Chickpea 10216,Maharashtra,Maharashtra,Latur,State recommendation mapped to IMD districts
31,Chickpea,Pusa Chickpea 10216,Maharashtra,Maharashtra,Mumbai City,State recommendation mapped to IMD districts
31,Chickpea,Pusa Chickpea 10216,Maharashtra,Maharashtra,Nagpur,State recommendation mapped to IMD districts
31,Chickpea,Pusa Chickpea 10216,Maharashtra,Maharashtra,Nanded,State recommendation mapped to IMD districts
31,Chickpea,Pusa Chickpea 10216,Maharashtra,Maharashtra,Nandurbar,State recommendation mapped to IMD districts
31,Chickpea,Pusa Chickpea 10216,Maharashtra,Maharashtra,Nasik,State recommendation mapped to IMD districts
31,Chickpea,Pusa Chickpea 10216,Maharashtra,Maharashtra,Palghar,State recommendation mapped to IMD districts
31,Chickpea,Pusa Chickpea 10216,Maharashtra,Maharashtra,Parbhani,State recommendation mapped to IMD districts
31,Chickpea,Pusa Chickpea 10216,Maharashtra,Maharashtra,Pune,State recommendation mapped to IMD districts
31,Chickpea,Pusa Chickpea 10216,Maharashtra,Maharashtra,Raigad,State recommendation mapped to IMD districts
31,Chickpea,Pusa Chickpea 10216,Maharashtra,Maharashtra,Ratnagiri,State recommendation mapped to IMD districts
31,Chickpea,Pusa Chickpea 10216,Maharashtra,Maharashtra,Sangli,State recommendation mapped to IMD districts
31,Chickpea,Pusa Chickpea 10216,Maharashtra,Maharashtra,Satara,State recommendation mapped to IMD districts
31,Chickpea,Pusa Chickpea 10216,Maharashtra,Maharashtra,Sindhudurg,State recommendation mapped to IMD districts
31,Chickpea,Pusa Chickpea 10216,Maharashtra,Maharashtra,Solapur,State recommendation mapped to IMD districts
31,Chickpea,Pusa Chickpea 10216,Maharashtra,Maharashtra,Suburban Mumbai,State recommendation mapped to IMD districts
31,Chickpea,Pusa Chickpea 10216,Maharashtra,Maharashtra,Thane,State recommendation mapped to IMD districts
31,Chickpea,Pusa Chickpea 10216,Maharashtra,Maharashtra,Wardha,State recommendation mapped to IMD districts
31,Chickpea,Pusa Chickpea 10216,Maharashtra,Maharashtra,Washim,State recommendation mapped to IMD districts
31,Chickpea,Pusa Chickpea 10216,Maharashtra,Maharashtra,Yavatmal,State recommendation mapped to IMD districts
31,Chickpea,Pusa Chickpea 10216,Gujarat,Gujarat,Ahmadabad,State recommendation mapped to IMD districts
31,Chickpea,Pusa Chickpea 10216,Gujarat,Gujarat,Amreli,State recommendation mapped to IMD districts
31,Chickpea,Pusa Chickpea 10216,Gujarat,Gujarat,Anand,State recommendation mapped to IMD districts
31,Chickpea,Pusa Chickpea 10216,Gujarat,Gujarat,Aravalli,State recommendation mapped to IMD districts
31,Chickpea,Pusa Chickpea 10216,Gujarat,Gujarat,Banaskantha,State recommendation mapped to IMD districts
31,Chickpea,Pusa Chickpea 10216,Gujarat,Gujarat,Bharuch,State recommendation mapped to IMD districts
31,Chickpea,Pusa Chickpea 10216,Gujarat,Gujarat,Bhavnagar,State recommendation mapped to IMD districts
31,Chickpea,Pusa Chickpea 10216,Gujarat,Gujarat,Botad,State recommendation mapped to IMD districts
31,Chickpea,Pusa Chickpea 10216,Gujarat,Gujarat,Chhota Udepur,State recommendation mapped to IMD districts
31,Chickpea,Pusa Chickpea 10216,Gujarat,Gujarat,Dahod,State recommendation mapped to IMD districts
31,Chickpea,Pusa Chickpea 10216,Gujarat,Gujarat,Dangs,State recommendation mapped to IMD districts
31,Chickpea,Pusa Chickpea 10216,Gujarat,Gujarat,Devbhoomi Dwarka,State recommendation mapped to IMD districts
31,Chickpea,Pusa Chickpea 10216,Gujarat,Gujarat,Gandhinagar,State recommendation mapped to IMD districts
31,Chickpea,Pusa Chickpea 10216,Gujarat,Gujarat,Gir Somnath,State recommendation mapped to IMD districts
31,Chickpea,Pusa Chickpea 10216,Gujarat,Gujarat,Jamnagar,State recommendation mapped to IMD districts
31,Chickpea,Pusa Chickpea 10216,Gujarat,Gujarat,Junagarh,State recommendation mapped to IMD districts
31,Chickpea,Pusa Chickpea 10216,Gujarat,Gujarat,Kachchh,State recommendation mapped to IMD districts
31,Chickpea,Pusa Chickpea 10216,Gujarat,Gujarat,Khera,State recommendation mapped to IMD districts
31,Chickpea,Pusa Chickpea 10216,Gujarat,Gujarat,Mahesana,State recommendation mapped to IMD districts
31,Chickpea,Pusa Chickpea 10216,Gujarat,Gujarat,Mahisagar,State recommendation mapped to IMD districts
31,Chickpea,Pusa Chickpea 10216,Gujarat,Gujarat,Morbi,State recommendation mapped to IMD districts
31,Chickpea,Pusa Chickpea 10216,Gujarat,Gujarat,Narmada,State recommendation mapped to IMD districts
31,Chickpea,Pusa Chickpea 10216,Gujarat,Gujarat,Navsari,State recommendation mapped to IMD districts
31,Chickpea,Pusa Chickpea 10216,Gujarat,Gujarat,Panchmahal,State recommendation mapped to IMD districts
31,Chickpea,Pusa Chickpea 10216,Gujarat,Gujarat,Patan,State recommendation mapped to IMD districts
31,Chickpea,Pusa Chickpea 10216,Gujarat,Gujarat,Porbandar,State recommendation mapped to IMD districts
31,Chickpea,Pusa Chickpea 10216,Gujarat,Gujarat,Rajkot,State recommendation mapped to IMD districts
31,Chickpea,Pusa Chickpea 10216,Gujarat,Gujarat,Sabar Kantha,State recommendation mapped to IMD districts
31,Chickpea,Pusa Chickpea 10216,Gujarat,Gujarat,Surat,State recommendation mapped to IMD districts
31,Chickpea,Pusa Chickpea 10216,Gujarat,Gujarat,Surendranagar,State recommendation mapped to IMD districts
31,Chickpea,Pusa Chickpea 10216,Gujarat,Gujarat,Tapi,State recommendation mapped to IMD districts
31,Chickpea,Pusa Chickpea 10216,Gujarat,Gujarat,Vadodara,State recommendation mapped to IMD districts
31,Chickpea,Pusa Chickpea 10216,Gujarat,Gujarat,Valsad,State recommendation mapped to IMD districts
31,Chickpea,Pusa Chickpea 10216,Bundelkhand Uttar Pradesh,,,Recommended state not found in IMD file
32,Soybean,NRC 127,Madhya Pradesh,Madhya Pradesh,Agar-Malwa,State recommendation mapped to IMD districts
32,Soybean,NRC 127,Madhya Pradesh,Madhya Pradesh,Alirajpur,State recommendation mapped to IMD districts
32,Soybean,NRC 127,Madhya Pradesh,Madhya Pradesh,Anuppur,State recommendation mapped to IMD districts
32,Soybean,NRC 127,Madhya Pradesh,Madhya Pradesh,Ashoknagar,State recommendation mapped to IMD districts
32,Soybean,NRC 127,Madhya Pradesh,Madhya Pradesh,Balaghat,State recommendation mapped to IMD districts
32,Soybean,NRC 127,Madhya Pradesh,Madhya Pradesh,Barwani,State recommendation mapped to IMD districts
32,Soybean,NRC 127,Madhya Pradesh,Madhya Pradesh,Betul,State recommendation mapped to IMD districts
32,Soybean,NRC 127,Madhya Pradesh,Madhya Pradesh,Bhind,State recommendation mapped to IMD districts
32,Soybean,NRC 127,Madhya Pradesh,Madhya Pradesh,Bhopal,State recommendation mapped to IMD districts
32,Soybean,NRC 127,Madhya Pradesh,Madhya Pradesh,Burhanpur,State recommendation mapped to IMD districts
32,Soybean,NRC 127,Madhya Pradesh,Madhya Pradesh,Chhatarpur,State recommendation mapped to IMD districts
32,Soybean,NRC 127,Madhya Pradesh,Madhya Pradesh,Chhindwara,State recommendation mapped to IMD districts
32,Soybean,NRC 127,Madhya Pradesh,Madhya Pradesh,Damoh,State recommendation mapped to IMD districts
32,Soybean,NRC 127,Madhya Pradesh,Madhya Pradesh,Datia,State recommendation mapped to IMD districts
32,Soybean,NRC 127,Madhya Pradesh,Madhya Pradesh,Dewas,State recommendation mapped to IMD districts
32,Soybean,NRC 127,Madhya Pradesh,Madhya Pradesh,Dhar,State recommendation mapped to IMD districts
32,Soybean,NRC 127,Madhya Pradesh,Madhya Pradesh,Dindori,State recommendation mapped to IMD districts
32,Soybean,NRC 127,Madhya Pradesh,Madhya Pradesh,Guna,State recommendation mapped to IMD districts
32,Soybean,NRC 127,Madhya Pradesh,Madhya Pradesh,Gwalior,State recommendation mapped to IMD districts
32,Soybean,NRC 127,Madhya Pradesh,Madhya Pradesh,Harda,State recommendation mapped to IMD districts
32,Soybean,NRC 127,Madhya Pradesh,Madhya Pradesh,Indore,State recommendation mapped to IMD districts
32,Soybean,NRC 127,Madhya Pradesh,Madhya Pradesh,Jabalpur,State recommendation mapped to IMD districts
32,Soybean,NRC 127,Madhya Pradesh,Madhya Pradesh,Jhabua,State recommendation mapped to IMD districts
32,Soybean,NRC 127,Madhya Pradesh,Madhya Pradesh,Katni,State recommendation mapped to IMD districts
32,Soybean,NRC 127,Madhya Pradesh,Madhya Pradesh,Khandwa,State recommendation mapped to IMD districts
32,Soybean,NRC 127,Madhya Pradesh,Madhya Pradesh,Khargone,State recommendation mapped to IMD districts
32,Soybean,NRC 127,Madhya Pradesh,Madhya Pradesh,Mandla,State recommendation mapped to IMD districts
32,Soybean,NRC 127,Madhya Pradesh,Madhya Pradesh,Mandsaur,State recommendation mapped to IMD districts
32,Soybean,NRC 127,Madhya Pradesh,Madhya Pradesh,Morena,State recommendation mapped to IMD districts
32,Soybean,NRC 127,Madhya Pradesh,Madhya Pradesh,Narmadapuram,State recommendation mapped to IMD districts
32,Soybean,NRC 127,Madhya Pradesh,Madhya Pradesh,Narshimapura,State recommendation mapped to IMD districts
32,Soybean,NRC 127,Madhya Pradesh,Madhya Pradesh,Nimach,State recommendation mapped to IMD districts
32,Soybean,NRC 127,Madhya Pradesh,Madhya Pradesh,Niwari,State recommendation mapped to IMD districts
32,Soybean,NRC 127,Madhya Pradesh,Madhya Pradesh,Panna,State recommendation mapped to IMD districts
32,Soybean,NRC 127,Madhya Pradesh,Madhya Pradesh,Raisen,State recommendation mapped to IMD districts
32,Soybean,NRC 127,Madhya Pradesh,Madhya Pradesh,Rajgarh,State recommendation mapped to IMD districts
32,Soybean,NRC 127,Madhya Pradesh,Madhya Pradesh,Ratlam,State recommendation mapped to IMD districts
32,Soybean,NRC 127,Madhya Pradesh,Madhya Pradesh,Rewa,State recommendation mapped to IMD districts
32,Soybean,NRC 127,Madhya Pradesh,Madhya Pradesh,Sagar,State recommendation mapped to IMD districts
32,Soybean,NRC 127,Madhya Pradesh,Madhya Pradesh,Satna,State recommendation mapped to IMD districts
32,Soybean,NRC 127,Madhya Pradesh,Madhya Pradesh,Sehore,State recommendation mapped to IMD districts
32,Soybean,NRC 127,Madhya Pradesh,Madhya Pradesh,Seoni,State recommendation mapped to IMD districts
32,Soybean,NRC 127,Madhya Pradesh,Madhya Pradesh,Shahdol,State recommendation mapped to IMD districts
32,Soybean,NRC 127,Madhya Pradesh,Madhya Pradesh,Shajapur,State recommendation mapped to IMD districts
32,Soybean,NRC 127,Madhya Pradesh,Madhya Pradesh,Sheopur,State recommendation mapped to IMD districts
32,Soybean,NRC 127,Madhya Pradesh,Madhya Pradesh,Shivpuri,State recommendation mapped to IMD districts
32,Soybean,NRC 127,Madhya Pradesh,Madhya Pradesh,Sidhi,State recommendation mapped to IMD districts
32,Soybean,NRC 127,Madhya Pradesh,Madhya Pradesh,Singrauli,State recommendation mapped to IMD districts
32,Soybean,NRC 127,Madhya Pradesh,Madhya Pradesh,Tikamgarh,State recommendation mapped to IMD districts
32,Soybean,NRC 127,Madhya Pradesh,Madhya Pradesh,Ujjain,State recommendation mapped to IMD districts
32,Soybean,NRC 127,Madhya Pradesh,Madhya Pradesh,Umaria,State recommendation mapped to IMD districts
32,Soybean,NRC 127,Madhya Pradesh,Madhya Pradesh,Videsha,State recommendation mapped to IMD districts
32,Soybean,NRC 127,Bundelkhand Uttar Pradesh,,,Recommended state not found in IMD file
32,Soybean,NRC 127,Rajasthan,Rajasthan,Ajmer,State recommendation mapped to IMD districts
32,Soybean,NRC 127,Rajasthan,Rajasthan,Alwar,State recommendation mapped to IMD districts
32,Soybean,NRC 127,Rajasthan,Rajasthan,Banswara,State recommendation mapped to IMD districts
32,Soybean,NRC 127,Rajasthan,Rajasthan,Baran,State recommendation mapped to IMD districts
32,Soybean,NRC 127,Rajasthan,Rajasthan,Barmer,State recommendation mapped to IMD districts
32,Soybean,NRC 127,Rajasthan,Rajasthan,Bharatpur,State recommendation mapped to IMD districts
32,Soybean,NRC 127,Rajasthan,Rajasthan,Bhilwara,State recommendation mapped to IMD districts
32,Soybean,NRC 127,Rajasthan,Rajasthan,Bikaner,State recommendation mapped to IMD districts
32,Soybean,NRC 127,Rajasthan,Rajasthan,Bundi,State recommendation mapped to IMD districts
32,Soybean,NRC 127,Rajasthan,Rajasthan,Chittaurgarh,State recommendation mapped to IMD districts
32,Soybean,NRC 127,Rajasthan,Rajasthan,Churu,State recommendation mapped to IMD districts
32,Soybean,NRC 127,Rajasthan,Rajasthan,Dausa,State recommendation mapped to IMD districts
32,Soybean,NRC 127,Rajasthan,Rajasthan,Dholpur,State recommendation mapped to IMD districts
32,Soybean,NRC 127,Rajasthan,Rajasthan,Dungarpur,State recommendation mapped to IMD districts
32,Soybean,NRC 127,Rajasthan,Rajasthan,Ganganagar,State recommendation mapped to IMD districts
32,Soybean,NRC 127,Rajasthan,Rajasthan,Hanumangarh,State recommendation mapped to IMD districts
32,Soybean,NRC 127,Rajasthan,Rajasthan,Jaipur,State recommendation mapped to IMD districts
32,Soybean,NRC 127,Rajasthan,Rajasthan,Jaiselmer,State recommendation mapped to IMD districts
32,Soybean,NRC 127,Rajasthan,Rajasthan,Jalor,State recommendation mapped to IMD districts
32,Soybean,NRC 127,Rajasthan,Rajasthan,Jhalawar,State recommendation mapped to IMD districts
32,Soybean,NRC 127,Rajasthan,Rajasthan,Jhunjhunun,State recommendation mapped to IMD districts
32,Soybean,NRC 127,Rajasthan,Rajasthan,Jodhpur,State recommendation mapped to IMD districts
32,Soybean,NRC 127,Rajasthan,Rajasthan,Karauli,State recommendation mapped to IMD districts
32,Soybean,NRC 127,Rajasthan,Rajasthan,Kota,State recommendation mapped to IMD districts
32,Soybean,NRC 127,Rajasthan,Rajasthan,Nagaur,State recommendation mapped to IMD districts
32,Soybean,NRC 127,Rajasthan,Rajasthan,Pali,State recommendation mapped to IMD districts
32,Soybean,NRC 127,Rajasthan,Rajasthan,Prataapgarh,State recommendation mapped to IMD districts
32,Soybean,NRC 127,Rajasthan,Rajasthan,Rajsmand,State recommendation mapped to IMD districts
32,Soybean,NRC 127,Rajasthan,Rajasthan,Sikar,State recommendation mapped to IMD districts
32,Soybean,NRC 127,Rajasthan,Rajasthan,Sirohi,State recommendation mapped to IMD districts
32,Soybean,NRC 127,Rajasthan,Rajasthan,Swaimadhopur,State recommendation mapped to IMD districts
32,Soybean,NRC 127,Rajasthan,Rajasthan,Tonk,State recommendation mapped to IMD districts
32,Soybean,NRC 127,Rajasthan,Rajasthan,Udaipur,State recommendation mapped to IMD districts
32,Soybean,NRC 127,Gujarat,Gujarat,Ahmadabad,State recommendation mapped to IMD districts
32,Soybean,NRC 127,Gujarat,Gujarat,Amreli,State recommendation mapped to IMD districts
32,Soybean,NRC 127,Gujarat,Gujarat,Anand,State recommendation mapped to IMD districts
32,Soybean,NRC 127,Gujarat,Gujarat,Aravalli,State recommendation mapped to IMD districts
32,Soybean,NRC 127,Gujarat,Gujarat,Banaskantha,State recommendation mapped to IMD districts
32,Soybean,NRC 127,Gujarat,Gujarat,Bharuch,State recommendation mapped to IMD districts
32,Soybean,NRC 127,Gujarat,Gujarat,Bhavnagar,State recommendation mapped to IMD districts
32,Soybean,NRC 127,Gujarat,Gujarat,Botad,State recommendation mapped to IMD districts
32,Soybean,NRC 127,Gujarat,Gujarat,Chhota Udepur,State recommendation mapped to IMD districts
32,Soybean,NRC 127,Gujarat,Gujarat,Dahod,State recommendation mapped to IMD districts
32,Soybean,NRC 127,Gujarat,Gujarat,Dangs,State recommendation mapped to IMD districts
32,Soybean,NRC 127,Gujarat,Gujarat,Devbhoomi Dwarka,State recommendation mapped to IMD districts
32,Soybean,NRC 127,Gujarat,Gujarat,Gandhinagar,State recommendation mapped to IMD districts
32,Soybean,NRC 127,Gujarat,Gujarat,Gir Somnath,State recommendation mapped to IMD districts
32,Soybean,NRC 127,Gujarat,Gujarat,Jamnagar,State recommendation mapped to IMD districts
32,Soybean,NRC 127,Gujarat,Gujarat,Junagarh,State recommendation mapped to IMD districts
32,Soybean,NRC 127,Gujarat,Gujarat,Kachchh,State recommendation mapped to IMD districts
32,Soybean,NRC 127,Gujarat,Gujarat,Khera,State recommendation mapped to IMD districts
32,Soybean,NRC 127,Gujarat,Gujarat,Mahesana,State recommendation mapped to IMD districts
32,Soybean,NRC 127,Gujarat,Gujarat,Mahisagar,State recommendation mapped to IMD districts
32,Soybean,NRC 127,Gujarat,Gujarat,Morbi,State recommendation mapped to IMD districts
32,Soybean,NRC 127,Gujarat,Gujarat,Narmada,State recommendation mapped to IMD districts
32,Soybean,NRC 127,Gujarat,Gujarat,Navsari,State recommendation mapped to IMD districts
32,Soybean,NRC 127,Gujarat,Gujarat,Panchmahal,State recommendation mapped to IMD districts
32,Soybean,NRC 127,Gujarat,Gujarat,Patan,State recommendation mapped to IMD districts
32,Soybean,NRC 127,Gujarat,Gujarat,Porbandar,State recommendation mapped to IMD districts
32,Soybean,NRC 127,Gujarat,Gujarat,Rajkot,State recommendation mapped to IMD districts
32,Soybean,NRC 127,Gujarat,Gujarat,Sabar Kantha,State recommendation mapped to IMD districts
32,Soybean,NRC 127,Gujarat,Gujarat,Surat,State recommendation mapped to IMD districts
32,Soybean,NRC 127,Gujarat,Gujarat,Surendranagar,State recommendation mapped to IMD districts
32,Soybean,NRC 127,Gujarat,Gujarat,Tapi,State recommendation mapped to IMD districts
32,Soybean,NRC 127,Gujarat,Gujarat,Vadodara,State recommendation mapped to IMD districts
32,Soybean,NRC 127,Gujarat,Gujarat,Valsad,State recommendation mapped to IMD districts
32,Soybean,NRC 127,Marathwada,,,Recommended state not found in IMD file
32,Soybean,NRC 127,Vidarbha,,,Recommended state not found in IMD file
33,Soybean,MACSNRC 1667,Maharashtra,Maharashtra,Ahmadnagar,State recommendation mapped to IMD districts
33,Soybean,MACSNRC 1667,Maharashtra,Maharashtra,Akola,State recommendation mapped to IMD districts
33,Soybean,MACSNRC 1667,Maharashtra,Maharashtra,Amaravati,State recommendation mapped to IMD districts
33,Soybean,MACSNRC 1667,Maharashtra,Maharashtra,Bhandara,State recommendation mapped to IMD districts
33,Soybean,MACSNRC 1667,Maharashtra,Maharashtra,Bid,State recommendation mapped to IMD districts
33,Soybean,MACSNRC 1667,Maharashtra,Maharashtra,Buldhana,State recommendation mapped to IMD districts
33,Soybean,MACSNRC 1667,Maharashtra,Maharashtra,Chandrapur,State recommendation mapped to IMD districts
33,Soybean,MACSNRC 1667,Maharashtra,Maharashtra,Chhatrapati Sambhajinagar,State recommendation mapped to IMD districts
33,Soybean,MACSNRC 1667,Maharashtra,Maharashtra,Dharashiv,State recommendation mapped to IMD districts
33,Soybean,MACSNRC 1667,Maharashtra,Maharashtra,Dhule,State recommendation mapped to IMD districts
33,Soybean,MACSNRC 1667,Maharashtra,Maharashtra,Gadchiroli,State recommendation mapped to IMD districts
33,Soybean,MACSNRC 1667,Maharashtra,Maharashtra,Gondiya,State recommendation mapped to IMD districts
33,Soybean,MACSNRC 1667,Maharashtra,Maharashtra,Hingoli,State recommendation mapped to IMD districts
33,Soybean,MACSNRC 1667,Maharashtra,Maharashtra,Jalgaon,State recommendation mapped to IMD districts
33,Soybean,MACSNRC 1667,Maharashtra,Maharashtra,Jalna,State recommendation mapped to IMD districts
33,Soybean,MACSNRC 1667,Maharashtra,Maharashtra,Kolhapur,State recommendation mapped to IMD districts
33,Soybean,MACSNRC 1667,Maharashtra,Maharashtra,Latur,State recommendation mapped to IMD districts
33,Soybean,MACSNRC 1667,Maharashtra,Maharashtra,Mumbai City,State recommendation mapped to IMD districts
33,Soybean,MACSNRC 1667,Maharashtra,Maharashtra,Nagpur,State recommendation mapped to IMD districts
33,Soybean,MACSNRC 1667,Maharashtra,Maharashtra,Nanded,State recommendation mapped to IMD districts
33,Soybean,MACSNRC 1667,Maharashtra,Maharashtra,Nandurbar,State recommendation mapped to IMD districts
33,Soybean,MACSNRC 1667,Maharashtra,Maharashtra,Nasik,State recommendation mapped to IMD districts
33,Soybean,MACSNRC 1667,Maharashtra,Maharashtra,Palghar,State recommendation mapped to IMD districts
33,Soybean,MACSNRC 1667,Maharashtra,Maharashtra,Parbhani,State recommendation mapped to IMD districts
33,Soybean,MACSNRC 1667,Maharashtra,Maharashtra,Pune,State recommendation mapped to IMD districts
33,Soybean,MACSNRC 1667,Maharashtra,Maharashtra,Raigad,State recommendation mapped to IMD districts
33,Soybean,MACSNRC 1667,Maharashtra,Maharashtra,Ratnagiri,State recommendation mapped to IMD districts
33,Soybean,MACSNRC 1667,Maharashtra,Maharashtra,Sangli,State recommendation mapped to IMD districts
33,Soybean,MACSNRC 1667,Maharashtra,Maharashtra,Satara,State recommendation mapped to IMD districts
33,Soybean,MACSNRC 1667,Maharashtra,Maharashtra,Sindhudurg,State recommendation mapped to IMD districts
33,Soybean,MACSNRC 1667,Maharashtra,Maharashtra,Solapur,State recommendation mapped to IMD districts
33,Soybean,MACSNRC 1667,Maharashtra,Maharashtra,Suburban Mumbai,State recommendation mapped to IMD districts
33,Soybean,MACSNRC 1667,Maharashtra,Maharashtra,Thane,State recommendation mapped to IMD districts
33,Soybean,MACSNRC 1667,Maharashtra,Maharashtra,Wardha,State recommendation mapped to IMD districts
33,Soybean,MACSNRC 1667,Maharashtra,Maharashtra,Washim,State recommendation mapped to IMD districts
33,Soybean,MACSNRC 1667,Maharashtra,Maharashtra,Yavatmal,State recommendation mapped to IMD districts
33,Soybean,MACSNRC 1667,Karnataka,Karnataka,Bagalkot,State recommendation mapped to IMD districts
33,Soybean,MACSNRC 1667,Karnataka,Karnataka,Bangalore Rural,State recommendation mapped to IMD districts
33,Soybean,MACSNRC 1667,Karnataka,Karnataka,Banglore Urban,State recommendation mapped to IMD districts
33,Soybean,MACSNRC 1667,Karnataka,Karnataka,Belgaum,State recommendation mapped to IMD districts
33,Soybean,MACSNRC 1667,Karnataka,Karnataka,Bellary,State recommendation mapped to IMD districts
33,Soybean,MACSNRC 1667,Karnataka,Karnataka,Bidar,State recommendation mapped to IMD districts
33,Soybean,MACSNRC 1667,Karnataka,Karnataka,Bijaapur,State recommendation mapped to IMD districts
33,Soybean,MACSNRC 1667,Karnataka,Karnataka,Chamarajanagar,State recommendation mapped to IMD districts
33,Soybean,MACSNRC 1667,Karnataka,Karnataka,Chikballapur,State recommendation mapped to IMD districts
33,Soybean,MACSNRC 1667,Karnataka,Karnataka,Chikmagalur,State recommendation mapped to IMD districts
33,Soybean,MACSNRC 1667,Karnataka,Karnataka,Chitradurga,State recommendation mapped to IMD districts
33,Soybean,MACSNRC 1667,Karnataka,Karnataka,Dakshin Kannada,State recommendation mapped to IMD districts
33,Soybean,MACSNRC 1667,Karnataka,Karnataka,Davangere,State recommendation mapped to IMD districts
33,Soybean,MACSNRC 1667,Karnataka,Karnataka,Dharwad,State recommendation mapped to IMD districts
33,Soybean,MACSNRC 1667,Karnataka,Karnataka,Gadag,State recommendation mapped to IMD districts
33,Soybean,MACSNRC 1667,Karnataka,Karnataka,Gulbarga,State recommendation mapped to IMD districts
33,Soybean,MACSNRC 1667,Karnataka,Karnataka,Hassan,State recommendation mapped to IMD districts
33,Soybean,MACSNRC 1667,Karnataka,Karnataka,Haveri,State recommendation mapped to IMD districts
33,Soybean,MACSNRC 1667,Karnataka,Karnataka,Kodagu,State recommendation mapped to IMD districts
33,Soybean,MACSNRC 1667,Karnataka,Karnataka,Kolar,State recommendation mapped to IMD districts
33,Soybean,MACSNRC 1667,Karnataka,Karnataka,Koppal,State recommendation mapped to IMD districts
33,Soybean,MACSNRC 1667,Karnataka,Karnataka,Mandhya,State recommendation mapped to IMD districts
33,Soybean,MACSNRC 1667,Karnataka,Karnataka,Mysore,State recommendation mapped to IMD districts
33,Soybean,MACSNRC 1667,Karnataka,Karnataka,Raichur,State recommendation mapped to IMD districts
33,Soybean,MACSNRC 1667,Karnataka,Karnataka,Ramnagar,State recommendation mapped to IMD districts
33,Soybean,MACSNRC 1667,Karnataka,Karnataka,Shimoga,State recommendation mapped to IMD districts
33,Soybean,MACSNRC 1667,Karnataka,Karnataka,Tumkur,State recommendation mapped to IMD districts
33,Soybean,MACSNRC 1667,Karnataka,Karnataka,Udupi,State recommendation mapped to IMD districts
33,Soybean,MACSNRC 1667,Karnataka,Karnataka,Uttar Kannada,State recommendation mapped to IMD districts
33,Soybean,MACSNRC 1667,Karnataka,Karnataka,Vijayanagara,State recommendation mapped to IMD districts
33,Soybean,MACSNRC 1667,Karnataka,Karnataka,Yadgir,State recommendation mapped to IMD districts
33,Soybean,MACSNRC 1667,Telangana,Telangana,Adilabad,State recommendation mapped to IMD districts
33,Soybean,MACSNRC 1667,Telangana,Telangana,B. Kothagudem,State recommendation mapped to IMD districts
33,Soybean,MACSNRC 1667,Telangana,Telangana,Hanumakonda,State recommendation mapped to IMD districts
33,Soybean,MACSNRC 1667,Telangana,Telangana,Hyderabad,State recommendation mapped to IMD districts
33,Soybean,MACSNRC 1667,Telangana,Telangana,Jagtial,State recommendation mapped to IMD districts
33,Soybean,MACSNRC 1667,Telangana,Telangana,Jangaon,State recommendation mapped to IMD districts
33,Soybean,MACSNRC 1667,Telangana,Telangana,J. Bhupalpally,State recommendation mapped to IMD districts
33,Soybean,MACSNRC 1667,Telangana,Telangana,Jogulamba Gadwal,State recommendation mapped to IMD districts
33,Soybean,MACSNRC 1667,Telangana,Telangana,Kamareddy,State recommendation mapped to IMD districts
33,Soybean,MACSNRC 1667,Telangana,Telangana,Karimnagar,State recommendation mapped to IMD districts
33,Soybean,MACSNRC 1667,Telangana,Telangana,Khammam,State recommendation mapped to IMD districts
33,Soybean,MACSNRC 1667,Telangana,Telangana,Kumaram Bheem,State recommendation mapped to IMD districts
33,Soybean,MACSNRC 1667,Telangana,Telangana,Mahabubabad,State recommendation mapped to IMD districts
33,Soybean,MACSNRC 1667,Telangana,Telangana,Mahabubnagar,State recommendation mapped to IMD districts
33,Soybean,MACSNRC 1667,Telangana,Telangana,Mancherial,State recommendation mapped to IMD districts
33,Soybean,MACSNRC 1667,Telangana,Telangana,Medak,State recommendation mapped to IMD districts
33,Soybean,MACSNRC 1667,Telangana,Telangana,M. Malkajgiri,State recommendation mapped to IMD districts
33,Soybean,MACSNRC 1667,Telangana,Telangana,Mulugu,State recommendation mapped to IMD districts
33,Soybean,MACSNRC 1667,Telangana,Telangana,Nagarkurnool,State recommendation mapped to IMD districts
33,Soybean,MACSNRC 1667,Telangana,Telangana,Nalgonda,State recommendation mapped to IMD districts
33,Soybean,MACSNRC 1667,Telangana,Telangana,Narayanpet,State recommendation mapped to IMD districts
33,Soybean,MACSNRC 1667,Telangana,Telangana,Nirmal,State recommendation mapped to IMD districts
33,Soybean,MACSNRC 1667,Telangana,Telangana,Nizamabad,State recommendation mapped to IMD districts
33,Soybean,MACSNRC 1667,Telangana,Telangana,Peddapalle,State recommendation mapped to IMD districts
33,Soybean,MACSNRC 1667,Telangana,Telangana,Rajanna Sircilla,State recommendation mapped to IMD districts
33,Soybean,MACSNRC 1667,Telangana,Telangana,Rangareddy,State recommendation mapped to IMD districts
33,Soybean,MACSNRC 1667,Telangana,Telangana,Sangareddy,State recommendation mapped to IMD districts
33,Soybean,MACSNRC 1667,Telangana,Telangana,Siddipet,State recommendation mapped to IMD districts
33,Soybean,MACSNRC 1667,Telangana,Telangana,Suryapet,State recommendation mapped to IMD districts
33,Soybean,MACSNRC 1667,Telangana,Telangana,Vikarabad,State recommendation mapped to IMD districts
33,Soybean,MACSNRC 1667,Telangana,Telangana,Wanaparthy,State recommendation mapped to IMD districts
33,Soybean,MACSNRC 1667,Telangana,Telangana,Warangal,State recommendation mapped to IMD districts
33,Soybean,MACSNRC 1667,Telangana,Telangana,Y. Bhuvanagiri,State recommendation mapped to IMD districts
33,Soybean,MACSNRC 1667,Andhra Pradesh,Andhra Pradesh,Anakapalli,State recommendation mapped to IMD districts
33,Soybean,MACSNRC 1667,Andhra Pradesh,Andhra Pradesh,Anantapuramu,State recommendation mapped to IMD districts
33,Soybean,MACSNRC 1667,Andhra Pradesh,Andhra Pradesh,Annamayya District,State recommendation mapped to IMD districts
33,Soybean,MACSNRC 1667,Andhra Pradesh,Andhra Pradesh,Bapatla,State recommendation mapped to IMD districts
33,Soybean,MACSNRC 1667,Andhra Pradesh,Andhra Pradesh,Chittoor,State recommendation mapped to IMD districts
33,Soybean,MACSNRC 1667,Andhra Pradesh,Andhra Pradesh,Dr B R Ambedkar Konaseema,State recommendation mapped to IMD districts
33,Soybean,MACSNRC 1667,Andhra Pradesh,Andhra Pradesh,East Godavari,State recommendation mapped to IMD districts
33,Soybean,MACSNRC 1667,Andhra Pradesh,Andhra Pradesh,Eluru,State recommendation mapped to IMD districts
33,Soybean,MACSNRC 1667,Andhra Pradesh,Andhra Pradesh,Guntur,State recommendation mapped to IMD districts
33,Soybean,MACSNRC 1667,Andhra Pradesh,Andhra Pradesh,Kakinada,State recommendation mapped to IMD districts
33,Soybean,MACSNRC 1667,Andhra Pradesh,Andhra Pradesh,Krishna,State recommendation mapped to IMD districts
33,Soybean,MACSNRC 1667,Andhra Pradesh,Andhra Pradesh,Kurnool,State recommendation mapped to IMD districts
33,Soybean,MACSNRC 1667,Andhra Pradesh,Andhra Pradesh,Nandyal,State recommendation mapped to IMD districts
33,Soybean,MACSNRC 1667,Andhra Pradesh,Andhra Pradesh,Ntr District,State recommendation mapped to IMD districts
33,Soybean,MACSNRC 1667,Andhra Pradesh,Andhra Pradesh,Palnadu,State recommendation mapped to IMD districts
33,Soybean,MACSNRC 1667,Andhra Pradesh,Andhra Pradesh,Parvathipuram Manyam,State recommendation mapped to IMD districts
33,Soybean,MACSNRC 1667,Andhra Pradesh,Andhra Pradesh,Prakasam,State recommendation mapped to IMD districts
33,Soybean,MACSNRC 1667,Andhra Pradesh,Andhra Pradesh,Spsr Nellore,State recommendation mapped to IMD districts
33,Soybean,MACSNRC 1667,Andhra Pradesh,Andhra Pradesh,Sri Alluri Sitharamaraju District,State recommendation mapped to IMD districts
33,Soybean,MACSNRC 1667,Andhra Pradesh,Andhra Pradesh,Srikakulam,State recommendation mapped to IMD districts
33,Soybean,MACSNRC 1667,Andhra Pradesh,Andhra Pradesh,Sri Sathyasai District,State recommendation mapped to IMD districts
33,Soybean,MACSNRC 1667,Andhra Pradesh,Andhra Pradesh,Tirupati,State recommendation mapped to IMD districts
33,Soybean,MACSNRC 1667,Andhra Pradesh,Andhra Pradesh,Vishakhapatnam,State recommendation mapped to IMD districts
33,Soybean,MACSNRC 1667,Andhra Pradesh,Andhra Pradesh,Vizianagaram,State recommendation mapped to IMD districts
33,Soybean,MACSNRC 1667,Andhra Pradesh,Andhra Pradesh,West Godavari,State recommendation mapped to IMD districts
33,Soybean,MACSNRC 1667,Andhra Pradesh,Andhra Pradesh,Ysr District,State recommendation mapped to IMD districts
33,Soybean,MACSNRC 1667,Tamil Nadu,Tamil Nadu,Ariyalur,State recommendation mapped to IMD districts
33,Soybean,MACSNRC 1667,Tamil Nadu,Tamil Nadu,Chengalpattu,State recommendation mapped to IMD districts
33,Soybean,MACSNRC 1667,Tamil Nadu,Tamil Nadu,Chennai,State recommendation mapped to IMD districts
33,Soybean,MACSNRC 1667,Tamil Nadu,Tamil Nadu,Coimbatore,State recommendation mapped to IMD districts
33,Soybean,MACSNRC 1667,Tamil Nadu,Tamil Nadu,Cuddalore,State recommendation mapped to IMD districts
33,Soybean,MACSNRC 1667,Tamil Nadu,Tamil Nadu,Dharampuri,State recommendation mapped to IMD districts
33,Soybean,MACSNRC 1667,Tamil Nadu,Tamil Nadu,Dindigul,State recommendation mapped to IMD districts
33,Soybean,MACSNRC 1667,Tamil Nadu,Tamil Nadu,Erode,State recommendation mapped to IMD districts
33,Soybean,MACSNRC 1667,Tamil Nadu,Tamil Nadu,Kallakurichi,State recommendation mapped to IMD districts
33,Soybean,MACSNRC 1667,Tamil Nadu,Tamil Nadu,Kanchipuram,State recommendation mapped to IMD districts
33,Soybean,MACSNRC 1667,Tamil Nadu,Tamil Nadu,Kanyakumari,State recommendation mapped to IMD districts
33,Soybean,MACSNRC 1667,Tamil Nadu,Tamil Nadu,Karur,State recommendation mapped to IMD districts
33,Soybean,MACSNRC 1667,Tamil Nadu,Tamil Nadu,Krishnagiri,State recommendation mapped to IMD districts
33,Soybean,MACSNRC 1667,Tamil Nadu,Tamil Nadu,Madurai,State recommendation mapped to IMD districts
33,Soybean,MACSNRC 1667,Tamil Nadu,Tamil Nadu,Nagapattinam,State recommendation mapped to IMD districts
33,Soybean,MACSNRC 1667,Tamil Nadu,Tamil Nadu,Namakkal,State recommendation mapped to IMD districts
33,Soybean,MACSNRC 1667,Tamil Nadu,Tamil Nadu,Nilgiri,State recommendation mapped to IMD districts
33,Soybean,MACSNRC 1667,Tamil Nadu,Tamil Nadu,Perambalur,State recommendation mapped to IMD districts
33,Soybean,MACSNRC 1667,Tamil Nadu,Tamil Nadu,Pudukkottai,State recommendation mapped to IMD districts
33,Soybean,MACSNRC 1667,Tamil Nadu,Tamil Nadu,Ramanathapuram,State recommendation mapped to IMD districts
33,Soybean,MACSNRC 1667,Tamil Nadu,Tamil Nadu,Ranipet,State recommendation mapped to IMD districts
33,Soybean,MACSNRC 1667,Tamil Nadu,Tamil Nadu,Salem,State recommendation mapped to IMD districts
33,Soybean,MACSNRC 1667,Tamil Nadu,Tamil Nadu,Sivaganga,State recommendation mapped to IMD districts
33,Soybean,MACSNRC 1667,Tamil Nadu,Tamil Nadu,Teni,State recommendation mapped to IMD districts
33,Soybean,MACSNRC 1667,Tamil Nadu,Tamil Nadu,Tenkasi,State recommendation mapped to IMD districts
33,Soybean,MACSNRC 1667,Tamil Nadu,Tamil Nadu,Thanjavur,State recommendation mapped to IMD districts
33,Soybean,MACSNRC 1667,Tamil Nadu,Tamil Nadu,Thiruvarur,State recommendation mapped to IMD districts
33,Soybean,MACSNRC 1667,Tamil Nadu,Tamil Nadu,Tiruchirappalli,State recommendation mapped to IMD districts
33,Soybean,MACSNRC 1667,Tamil Nadu,Tamil Nadu,Tirunelveli,State recommendation mapped to IMD districts
33,Soybean,MACSNRC 1667,Tamil Nadu,Tamil Nadu,Tirupattur,State recommendation mapped to IMD districts
33,Soybean,MACSNRC 1667,Tamil Nadu,Tamil Nadu,Tiruppur,State recommendation mapped to IMD districts
33,Soybean,MACSNRC 1667,Tamil Nadu,Tamil Nadu,Tiruvallur,State recommendation mapped to IMD districts
33,Soybean,MACSNRC 1667,Tamil Nadu,Tamil Nadu,Tiruvannamalai,State recommendation mapped to IMD districts
33,Soybean,MACSNRC 1667,Tamil Nadu,Tamil Nadu,Tuticorin,State recommendation mapped to IMD districts
33,Soybean,MACSNRC 1667,Tamil Nadu,Tamil Nadu,Vellore,State recommendation mapped to IMD districts
33,Soybean,MACSNRC 1667,Tamil Nadu,Tamil Nadu,Villupuram,State recommendation mapped to IMD districts
33,Soybean,MACSNRC 1667,Tamil Nadu,Tamil Nadu,Virudhunagar,State recommendation mapped to IMD districts
34,Soybean,NRC 132,West Bengal,West Bengal,Alipurduar,State recommendation mapped to IMD districts
34,Soybean,NRC 132,West Bengal,West Bengal,Bankura,State recommendation mapped to IMD districts
34,Soybean,NRC 132,West Bengal,West Bengal,Birbhum,State recommendation mapped to IMD districts
34,Soybean,NRC 132,West Bengal,West Bengal,Dakshin Dinajpur,State recommendation mapped to IMD districts
34,Soybean,NRC 132,West Bengal,West Bengal,Darjeeling,State recommendation mapped to IMD districts
34,Soybean,NRC 132,West Bengal,West Bengal,Eastmednipur,State recommendation mapped to IMD districts
34,Soybean,NRC 132,West Bengal,West Bengal,Haora,State recommendation mapped to IMD districts
34,Soybean,NRC 132,West Bengal,West Bengal,Hugli,State recommendation mapped to IMD districts
34,Soybean,NRC 132,West Bengal,West Bengal,Jalpaiguri,State recommendation mapped to IMD districts
34,Soybean,NRC 132,West Bengal,West Bengal,Jhargram,State recommendation mapped to IMD districts
34,Soybean,NRC 132,West Bengal,West Bengal,Kalimpong,State recommendation mapped to IMD districts
34,Soybean,NRC 132,West Bengal,West Bengal,Kolkata,State recommendation mapped to IMD districts
34,Soybean,NRC 132,West Bengal,West Bengal,Malda,State recommendation mapped to IMD districts
34,Soybean,NRC 132,West Bengal,West Bengal,Mursidabad,State recommendation mapped to IMD districts
34,Soybean,NRC 132,West Bengal,West Bengal,Nadia,State recommendation mapped to IMD districts
34,Soybean,NRC 132,West Bengal,West Bengal,North 24 Pragana,State recommendation mapped to IMD districts
34,Soybean,NRC 132,West Bengal,West Bengal,Pashchim Medinipur,State recommendation mapped to IMD districts
34,Soybean,NRC 132,West Bengal,West Bengal,Puruliya,State recommendation mapped to IMD districts
34,Soybean,NRC 132,West Bengal,West Bengal,South 24 Parganas,State recommendation mapped to IMD districts
34,Soybean,NRC 132,West Bengal,West Bengal,Uttar_Dinajpur,State recommendation mapped to IMD districts
34,Soybean,NRC 132,Bihar,Bihar,Arariya,State recommendation mapped to IMD districts
34,Soybean,NRC 132,Bihar,Bihar,Arwal,State recommendation mapped to IMD districts
34,Soybean,NRC 132,Bihar,Bihar,Aurangabad,State recommendation mapped to IMD districts
34,Soybean,NRC 132,Bihar,Bihar,Banka,State recommendation mapped to IMD districts
34,Soybean,NRC 132,Bihar,Bihar,Begusarai,State recommendation mapped to IMD districts
34,Soybean,NRC 132,Bihar,Bihar,Bhabua,State recommendation mapped to IMD districts
34,Soybean,NRC 132,Bihar,Bihar,Bhagalpur,State recommendation mapped to IMD districts
34,Soybean,NRC 132,Bihar,Bihar,Bhojpur,State recommendation mapped to IMD districts
34,Soybean,NRC 132,Bihar,Bihar,Buxar,State recommendation mapped to IMD districts
34,Soybean,NRC 132,Bihar,Bihar,Drabhanga,State recommendation mapped to IMD districts
34,Soybean,NRC 132,Bihar,Bihar,Gaya,State recommendation mapped to IMD districts
34,Soybean,NRC 132,Bihar,Bihar,Gopalganj,State recommendation mapped to IMD districts
34,Soybean,NRC 132,Bihar,Bihar,Jahanabad,State recommendation mapped to IMD districts
34,Soybean,NRC 132,Bihar,Bihar,Jamui,State recommendation mapped to IMD districts
34,Soybean,NRC 132,Bihar,Bihar,Katihar,State recommendation mapped to IMD districts
34,Soybean,NRC 132,Bihar,Bihar,Khagaria,State recommendation mapped to IMD districts
34,Soybean,NRC 132,Bihar,Bihar,Kishanganj,State recommendation mapped to IMD districts
34,Soybean,NRC 132,Bihar,Bihar,Lakhisarai,State recommendation mapped to IMD districts
34,Soybean,NRC 132,Bihar,Bihar,Madhepura,State recommendation mapped to IMD districts
34,Soybean,NRC 132,Bihar,Bihar,Madubani,State recommendation mapped to IMD districts
34,Soybean,NRC 132,Bihar,Bihar,Munger,State recommendation mapped to IMD districts
34,Soybean,NRC 132,Bihar,Bihar,Muzaffarpur,State recommendation mapped to IMD districts
34,Soybean,NRC 132,Bihar,Bihar,Nalanda,State recommendation mapped to IMD districts
34,Soybean,NRC 132,Bihar,Bihar,Nawada,State recommendation mapped to IMD districts
34,Soybean,NRC 132,Bihar,Bihar,Pachim Champaran,State recommendation mapped to IMD districts
34,Soybean,NRC 132,Bihar,Bihar,Patna,State recommendation mapped to IMD districts
34,Soybean,NRC 132,Bihar,Bihar,Purba Champaran,State recommendation mapped to IMD districts
34,Soybean,NRC 132,Bihar,Bihar,Purnia,State recommendation mapped to IMD districts
34,Soybean,NRC 132,Bihar,Bihar,Rohtas,State recommendation mapped to IMD districts
34,Soybean,NRC 132,Bihar,Bihar,Saharsa,State recommendation mapped to IMD districts
34,Soybean,NRC 132,Bihar,Bihar,Samastipur,State recommendation mapped to IMD districts
34,Soybean,NRC 132,Bihar,Bihar,Saran,State recommendation mapped to IMD districts
34,Soybean,NRC 132,Bihar,Bihar,Sheikhpura,State recommendation mapped to IMD districts
34,Soybean,NRC 132,Bihar,Bihar,Sheohar,State recommendation mapped to IMD districts
34,Soybean,NRC 132,Bihar,Bihar,Sitamarhi,State recommendation mapped to IMD districts
34,Soybean,NRC 132,Bihar,Bihar,Siwan,State recommendation mapped to IMD districts
34,Soybean,NRC 132,Bihar,Bihar,Supaul,State recommendation mapped to IMD districts
34,Soybean,NRC 132,Bihar,Bihar,Vaishali,State recommendation mapped to IMD districts
34,Soybean,NRC 132,Jharkhand,Jharkhand,Bokaro,State recommendation mapped to IMD districts
34,Soybean,NRC 132,Jharkhand,Jharkhand,Chatra,State recommendation mapped to IMD districts
34,Soybean,NRC 132,Jharkhand,Jharkhand,Deoghar,State recommendation mapped to IMD districts
34,Soybean,NRC 132,Jharkhand,Jharkhand,Dhanbad,State recommendation mapped to IMD districts
34,Soybean,NRC 132,Jharkhand,Jharkhand,Dumka,State recommendation mapped to IMD districts
34,Soybean,NRC 132,Jharkhand,Jharkhand,East Singhbhum,State recommendation mapped to IMD districts
34,Soybean,NRC 132,Jharkhand,Jharkhand,Garhwa,State recommendation mapped to IMD districts
34,Soybean,NRC 132,Jharkhand,Jharkhand,Giridih,State recommendation mapped to IMD districts
34,Soybean,NRC 132,Jharkhand,Jharkhand,Godda,State recommendation mapped to IMD districts
34,Soybean,NRC 132,Jharkhand,Jharkhand,Gumla,State recommendation mapped to IMD districts
34,Soybean,NRC 132,Jharkhand,Jharkhand,Hazaribagh,State recommendation mapped to IMD districts
34,Soybean,NRC 132,Jharkhand,Jharkhand,Jamtara,State recommendation mapped to IMD districts
34,Soybean,NRC 132,Jharkhand,Jharkhand,Khunti,State recommendation mapped to IMD districts
34,Soybean,NRC 132,Jharkhand,Jharkhand,Koderma,State recommendation mapped to IMD districts
34,Soybean,NRC 132,Jharkhand,Jharkhand,Latehar,State recommendation mapped to IMD districts
34,Soybean,NRC 132,Jharkhand,Jharkhand,Lohardaga,State recommendation mapped to IMD districts
34,Soybean,NRC 132,Jharkhand,Jharkhand,Pakur,State recommendation mapped to IMD districts
34,Soybean,NRC 132,Jharkhand,Jharkhand,Palamu,State recommendation mapped to IMD districts
34,Soybean,NRC 132,Jharkhand,Jharkhand,Ramgarh,State recommendation mapped to IMD districts
34,Soybean,NRC 132,Jharkhand,Jharkhand,Ranchi,State recommendation mapped to IMD districts
34,Soybean,NRC 132,Jharkhand,Jharkhand,Sahebganj,State recommendation mapped to IMD districts
34,Soybean,NRC 132,Jharkhand,Jharkhand,Saraikela,State recommendation mapped to IMD districts
34,Soybean,NRC 132,Jharkhand,Jharkhand,Simdega,State recommendation mapped to IMD districts
34,Soybean,NRC 132,Jharkhand,Jharkhand,West Singhbhum,State recommendation mapped to IMD districts
34,Soybean,NRC 132,Chhattisgarh,Chhattisgarh,Sakti,State recommendation mapped to IMD districts
34,Soybean,NRC 132,Odisha,Odisha,Anugul,State recommendation mapped to IMD districts
34,Soybean,NRC 132,Odisha,Odisha,Balangir,State recommendation mapped to IMD districts
34,Soybean,NRC 132,Odisha,Odisha,Baleshwar,State recommendation mapped to IMD districts
34,Soybean,NRC 132,Odisha,Odisha,Baragarh,State recommendation mapped to IMD districts
34,Soybean,NRC 132,Odisha,Odisha,Bauda,State recommendation mapped to IMD districts
34,Soybean,NRC 132,Odisha,Odisha,Bhadrak,State recommendation mapped to IMD districts
34,Soybean,NRC 132,Odisha,Odisha,Cuttack,State recommendation mapped to IMD districts
34,Soybean,NRC 132,Odisha,Odisha,Deogarh,State recommendation mapped to IMD districts
34,Soybean,NRC 132,Odisha,Odisha,Dhenkanal,State recommendation mapped to IMD districts
34,Soybean,NRC 132,Odisha,Odisha,Gajapathi,State recommendation mapped to IMD districts
34,Soybean,NRC 132,Odisha,Odisha,Ganjam,State recommendation mapped to IMD districts
34,Soybean,NRC 132,Odisha,Odisha,Jagatsinghapur,State recommendation mapped to IMD districts
34,Soybean,NRC 132,Odisha,Odisha,Jajapur,State recommendation mapped to IMD districts
34,Soybean,NRC 132,Odisha,Odisha,Jharsuguda,State recommendation mapped to IMD districts
34,Soybean,NRC 132,Odisha,Odisha,Kalahandi,State recommendation mapped to IMD districts
34,Soybean,NRC 132,Odisha,Odisha,Kandhamal,State recommendation mapped to IMD districts
34,Soybean,NRC 132,Odisha,Odisha,Kendraparha,State recommendation mapped to IMD districts
34,Soybean,NRC 132,Odisha,Odisha,Kendujhar,State recommendation mapped to IMD districts
34,Soybean,NRC 132,Odisha,Odisha,Khordha,State recommendation mapped to IMD districts
34,Soybean,NRC 132,Odisha,Odisha,Koraput,State recommendation mapped to IMD districts
34,Soybean,NRC 132,Odisha,Odisha,Malkangiri,State recommendation mapped to IMD districts
34,Soybean,NRC 132,Odisha,Odisha,Mayurbhanj,State recommendation mapped to IMD districts
34,Soybean,NRC 132,Odisha,Odisha,Nabarangapur,State recommendation mapped to IMD districts
34,Soybean,NRC 132,Odisha,Odisha,Nayagarh,State recommendation mapped to IMD districts
34,Soybean,NRC 132,Odisha,Odisha,Nuaparha,State recommendation mapped to IMD districts
34,Soybean,NRC 132,Odisha,Odisha,Puri,State recommendation mapped to IMD districts
34,Soybean,NRC 132,Odisha,Odisha,Rayagarha,State recommendation mapped to IMD districts
34,Soybean,NRC 132,Odisha,Odisha,Sambalpur,State recommendation mapped to IMD districts
34,Soybean,NRC 132,Odisha,Odisha,Subarnapur,State recommendation mapped to IMD districts
34,Soybean,NRC 132,Odisha,Odisha,Sundargarh,State recommendation mapped to IMD districts
34,Soybean,NRC 132,Maharashtra,Maharashtra,Ahmadnagar,State recommendation mapped to IMD districts
34,Soybean,NRC 132,Maharashtra,Maharashtra,Akola,State recommendation mapped to IMD districts
34,Soybean,NRC 132,Maharashtra,Maharashtra,Amaravati,State recommendation mapped to IMD districts
34,Soybean,NRC 132,Maharashtra,Maharashtra,Bhandara,State recommendation mapped to IMD districts
34,Soybean,NRC 132,Maharashtra,Maharashtra,Bid,State recommendation mapped to IMD districts
34,Soybean,NRC 132,Maharashtra,Maharashtra,Buldhana,State recommendation mapped to IMD districts
34,Soybean,NRC 132,Maharashtra,Maharashtra,Chandrapur,State recommendation mapped to IMD districts
34,Soybean,NRC 132,Maharashtra,Maharashtra,Chhatrapati Sambhajinagar,State recommendation mapped to IMD districts
34,Soybean,NRC 132,Maharashtra,Maharashtra,Dharashiv,State recommendation mapped to IMD districts
34,Soybean,NRC 132,Maharashtra,Maharashtra,Dhule,State recommendation mapped to IMD districts
34,Soybean,NRC 132,Maharashtra,Maharashtra,Gadchiroli,State recommendation mapped to IMD districts
34,Soybean,NRC 132,Maharashtra,Maharashtra,Gondiya,State recommendation mapped to IMD districts
34,Soybean,NRC 132,Maharashtra,Maharashtra,Hingoli,State recommendation mapped to IMD districts
34,Soybean,NRC 132,Maharashtra,Maharashtra,Jalgaon,State recommendation mapped to IMD districts
34,Soybean,NRC 132,Maharashtra,Maharashtra,Jalna,State recommendation mapped to IMD districts
34,Soybean,NRC 132,Maharashtra,Maharashtra,Kolhapur,State recommendation mapped to IMD districts
34,Soybean,NRC 132,Maharashtra,Maharashtra,Latur,State recommendation mapped to IMD districts
34,Soybean,NRC 132,Maharashtra,Maharashtra,Mumbai City,State recommendation mapped to IMD districts
34,Soybean,NRC 132,Maharashtra,Maharashtra,Nagpur,State recommendation mapped to IMD districts
34,Soybean,NRC 132,Maharashtra,Maharashtra,Nanded,State recommendation mapped to IMD districts
34,Soybean,NRC 132,Maharashtra,Maharashtra,Nandurbar,State recommendation mapped to IMD districts
34,Soybean,NRC 132,Maharashtra,Maharashtra,Nasik,State recommendation mapped to IMD districts
34,Soybean,NRC 132,Maharashtra,Maharashtra,Palghar,State recommendation mapped to IMD districts
34,Soybean,NRC 132,Maharashtra,Maharashtra,Parbhani,State recommendation mapped to IMD districts
34,Soybean,NRC 132,Maharashtra,Maharashtra,Pune,State recommendation mapped to IMD districts
34,Soybean,NRC 132,Maharashtra,Maharashtra,Raigad,State recommendation mapped to IMD districts
34,Soybean,NRC 132,Maharashtra,Maharashtra,Ratnagiri,State recommendation mapped to IMD districts
34,Soybean,NRC 132,Maharashtra,Maharashtra,Sangli,State recommendation mapped to IMD districts
34,Soybean,NRC 132,Maharashtra,Maharashtra,Satara,State recommendation mapped to IMD districts
34,Soybean,NRC 132,Maharashtra,Maharashtra,Sindhudurg,State recommendation mapped to IMD districts
34,Soybean,NRC 132,Maharashtra,Maharashtra,Solapur,State recommendation mapped to IMD districts
34,Soybean,NRC 132,Maharashtra,Maharashtra,Suburban Mumbai,State recommendation mapped to IMD districts
34,Soybean,NRC 132,Maharashtra,Maharashtra,Thane,State recommendation mapped to IMD districts
34,Soybean,NRC 132,Maharashtra,Maharashtra,Wardha,State recommendation mapped to IMD districts
34,Soybean,NRC 132,Maharashtra,Maharashtra,Washim,State recommendation mapped to IMD districts
34,Soybean,NRC 132,Maharashtra,Maharashtra,Yavatmal,State recommendation mapped to IMD districts
34,Soybean,NRC 132,Karnataka,Karnataka,Bagalkot,State recommendation mapped to IMD districts
34,Soybean,NRC 132,Karnataka,Karnataka,Bangalore Rural,State recommendation mapped to IMD districts
34,Soybean,NRC 132,Karnataka,Karnataka,Banglore Urban,State recommendation mapped to IMD districts
34,Soybean,NRC 132,Karnataka,Karnataka,Belgaum,State recommendation mapped to IMD districts
34,Soybean,NRC 132,Karnataka,Karnataka,Bellary,State recommendation mapped to IMD districts
34,Soybean,NRC 132,Karnataka,Karnataka,Bidar,State recommendation mapped to IMD districts
34,Soybean,NRC 132,Karnataka,Karnataka,Bijaapur,State recommendation mapped to IMD districts
34,Soybean,NRC 132,Karnataka,Karnataka,Chamarajanagar,State recommendation mapped to IMD districts
34,Soybean,NRC 132,Karnataka,Karnataka,Chikballapur,State recommendation mapped to IMD districts
34,Soybean,NRC 132,Karnataka,Karnataka,Chikmagalur,State recommendation mapped to IMD districts
34,Soybean,NRC 132,Karnataka,Karnataka,Chitradurga,State recommendation mapped to IMD districts
34,Soybean,NRC 132,Karnataka,Karnataka,Dakshin Kannada,State recommendation mapped to IMD districts
34,Soybean,NRC 132,Karnataka,Karnataka,Davangere,State recommendation mapped to IMD districts
34,Soybean,NRC 132,Karnataka,Karnataka,Dharwad,State recommendation mapped to IMD districts
34,Soybean,NRC 132,Karnataka,Karnataka,Gadag,State recommendation mapped to IMD districts
34,Soybean,NRC 132,Karnataka,Karnataka,Gulbarga,State recommendation mapped to IMD districts
34,Soybean,NRC 132,Karnataka,Karnataka,Hassan,State recommendation mapped to IMD districts
34,Soybean,NRC 132,Karnataka,Karnataka,Haveri,State recommendation mapped to IMD districts
34,Soybean,NRC 132,Karnataka,Karnataka,Kodagu,State recommendation mapped to IMD districts
34,Soybean,NRC 132,Karnataka,Karnataka,Kolar,State recommendation mapped to IMD districts
34,Soybean,NRC 132,Karnataka,Karnataka,Koppal,State recommendation mapped to IMD districts
34,Soybean,NRC 132,Karnataka,Karnataka,Mandhya,State recommendation mapped to IMD districts
34,Soybean,NRC 132,Karnataka,Karnataka,Mysore,State recommendation mapped to IMD districts
34,Soybean,NRC 132,Karnataka,Karnataka,Raichur,State recommendation mapped to IMD districts
34,Soybean,NRC 132,Karnataka,Karnataka,Ramnagar,State recommendation mapped to IMD districts
34,Soybean,NRC 132,Karnataka,Karnataka,Shimoga,State recommendation mapped to IMD districts
34,Soybean,NRC 132,Karnataka,Karnataka,Tumkur,State recommendation mapped to IMD districts
34,Soybean,NRC 132,Karnataka,Karnataka,Udupi,State recommendation mapped to IMD districts
34,Soybean,NRC 132,Karnataka,Karnataka,Uttar Kannada,State recommendation mapped to IMD districts
34,Soybean,NRC 132,Karnataka,Karnataka,Vijayanagara,State recommendation mapped to IMD districts
34,Soybean,NRC 132,Karnataka,Karnataka,Yadgir,State recommendation mapped to IMD districts
34,Soybean,NRC 132,Telangana,Telangana,Adilabad,State recommendation mapped to IMD districts
34,Soybean,NRC 132,Telangana,Telangana,B. Kothagudem,State recommendation mapped to IMD districts
34,Soybean,NRC 132,Telangana,Telangana,Hanumakonda,State recommendation mapped to IMD districts
34,Soybean,NRC 132,Telangana,Telangana,Hyderabad,State recommendation mapped to IMD districts
34,Soybean,NRC 132,Telangana,Telangana,Jagtial,State recommendation mapped to IMD districts
34,Soybean,NRC 132,Telangana,Telangana,Jangaon,State recommendation mapped to IMD districts
34,Soybean,NRC 132,Telangana,Telangana,J. Bhupalpally,State recommendation mapped to IMD districts
34,Soybean,NRC 132,Telangana,Telangana,Jogulamba Gadwal,State recommendation mapped to IMD districts
34,Soybean,NRC 132,Telangana,Telangana,Kamareddy,State recommendation mapped to IMD districts
34,Soybean,NRC 132,Telangana,Telangana,Karimnagar,State recommendation mapped to IMD districts
34,Soybean,NRC 132,Telangana,Telangana,Khammam,State recommendation mapped to IMD districts
34,Soybean,NRC 132,Telangana,Telangana,Kumaram Bheem,State recommendation mapped to IMD districts
34,Soybean,NRC 132,Telangana,Telangana,Mahabubabad,State recommendation mapped to IMD districts
34,Soybean,NRC 132,Telangana,Telangana,Mahabubnagar,State recommendation mapped to IMD districts
34,Soybean,NRC 132,Telangana,Telangana,Mancherial,State recommendation mapped to IMD districts
34,Soybean,NRC 132,Telangana,Telangana,Medak,State recommendation mapped to IMD districts
34,Soybean,NRC 132,Telangana,Telangana,M. Malkajgiri,State recommendation mapped to IMD districts
34,Soybean,NRC 132,Telangana,Telangana,Mulugu,State recommendation mapped to IMD districts
34,Soybean,NRC 132,Telangana,Telangana,Nagarkurnool,State recommendation mapped to IMD districts
34,Soybean,NRC 132,Telangana,Telangana,Nalgonda,State recommendation mapped to IMD districts
34,Soybean,NRC 132,Telangana,Telangana,Narayanpet,State recommendation mapped to IMD districts
34,Soybean,NRC 132,Telangana,Telangana,Nirmal,State recommendation mapped to IMD districts
34,Soybean,NRC 132,Telangana,Telangana,Nizamabad,State recommendation mapped to IMD districts
34,Soybean,NRC 132,Telangana,Telangana,Peddapalle,State recommendation mapped to IMD districts
34,Soybean,NRC 132,Telangana,Telangana,Rajanna Sircilla,State recommendation mapped to IMD districts
34,Soybean,NRC 132,Telangana,Telangana,Rangareddy,State recommendation mapped to IMD districts
34,Soybean,NRC 132,Telangana,Telangana,Sangareddy,State recommendation mapped to IMD districts
34,Soybean,NRC 132,Telangana,Telangana,Siddipet,State recommendation mapped to IMD districts
34,Soybean,NRC 132,Telangana,Telangana,Suryapet,State recommendation mapped to IMD districts
34,Soybean,NRC 132,Telangana,Telangana,Vikarabad,State recommendation mapped to IMD districts
34,Soybean,NRC 132,Telangana,Telangana,Wanaparthy,State recommendation mapped to IMD districts
34,Soybean,NRC 132,Telangana,Telangana,Warangal,State recommendation mapped to IMD districts
34,Soybean,NRC 132,Telangana,Telangana,Y. Bhuvanagiri,State recommendation mapped to IMD districts
34,Soybean,NRC 132,Andhra Pradesh,Andhra Pradesh,Anakapalli,State recommendation mapped to IMD districts
34,Soybean,NRC 132,Andhra Pradesh,Andhra Pradesh,Anantapuramu,State recommendation mapped to IMD districts
34,Soybean,NRC 132,Andhra Pradesh,Andhra Pradesh,Annamayya District,State recommendation mapped to IMD districts
34,Soybean,NRC 132,Andhra Pradesh,Andhra Pradesh,Bapatla,State recommendation mapped to IMD districts
34,Soybean,NRC 132,Andhra Pradesh,Andhra Pradesh,Chittoor,State recommendation mapped to IMD districts
34,Soybean,NRC 132,Andhra Pradesh,Andhra Pradesh,Dr B R Ambedkar Konaseema,State recommendation mapped to IMD districts
34,Soybean,NRC 132,Andhra Pradesh,Andhra Pradesh,East Godavari,State recommendation mapped to IMD districts
34,Soybean,NRC 132,Andhra Pradesh,Andhra Pradesh,Eluru,State recommendation mapped to IMD districts
34,Soybean,NRC 132,Andhra Pradesh,Andhra Pradesh,Guntur,State recommendation mapped to IMD districts
34,Soybean,NRC 132,Andhra Pradesh,Andhra Pradesh,Kakinada,State recommendation mapped to IMD districts
34,Soybean,NRC 132,Andhra Pradesh,Andhra Pradesh,Krishna,State recommendation mapped to IMD districts
34,Soybean,NRC 132,Andhra Pradesh,Andhra Pradesh,Kurnool,State recommendation mapped to IMD districts
34,Soybean,NRC 132,Andhra Pradesh,Andhra Pradesh,Nandyal,State recommendation mapped to IMD districts
34,Soybean,NRC 132,Andhra Pradesh,Andhra Pradesh,Ntr District,State recommendation mapped to IMD districts
34,Soybean,NRC 132,Andhra Pradesh,Andhra Pradesh,Palnadu,State recommendation mapped to IMD districts
34,Soybean,NRC 132,Andhra Pradesh,Andhra Pradesh,Parvathipuram Manyam,State recommendation mapped to IMD districts
34,Soybean,NRC 132,Andhra Pradesh,Andhra Pradesh,Prakasam,State recommendation mapped to IMD districts
34,Soybean,NRC 132,Andhra Pradesh,Andhra Pradesh,Spsr Nellore,State recommendation mapped to IMD districts
34,Soybean,NRC 132,Andhra Pradesh,Andhra Pradesh,Sri Alluri Sitharamaraju District,State recommendation mapped to IMD districts
34,Soybean,NRC 132,Andhra Pradesh,Andhra Pradesh,Srikakulam,State recommendation mapped to IMD districts
34,Soybean,NRC 132,Andhra Pradesh,Andhra Pradesh,Sri Sathyasai District,State recommendation mapped to IMD districts
34,Soybean,NRC 132,Andhra Pradesh,Andhra Pradesh,Tirupati,State recommendation mapped to IMD districts
34,Soybean,NRC 132,Andhra Pradesh,Andhra Pradesh,Vishakhapatnam,State recommendation mapped to IMD districts
34,Soybean,NRC 132,Andhra Pradesh,Andhra Pradesh,Vizianagaram,State recommendation mapped to IMD districts
34,Soybean,NRC 132,Andhra Pradesh,Andhra Pradesh,West Godavari,State recommendation mapped to IMD districts
34,Soybean,NRC 132,Andhra Pradesh,Andhra Pradesh,Ysr District,State recommendation mapped to IMD districts
34,Soybean,NRC 132,Tamil Nadu,Tamil Nadu,Ariyalur,State recommendation mapped to IMD districts
34,Soybean,NRC 132,Tamil Nadu,Tamil Nadu,Chengalpattu,State recommendation mapped to IMD districts
34,Soybean,NRC 132,Tamil Nadu,Tamil Nadu,Chennai,State recommendation mapped to IMD districts
34,Soybean,NRC 132,Tamil Nadu,Tamil Nadu,Coimbatore,State recommendation mapped to IMD districts
34,Soybean,NRC 132,Tamil Nadu,Tamil Nadu,Cuddalore,State recommendation mapped to IMD districts
34,Soybean,NRC 132,Tamil Nadu,Tamil Nadu,Dharampuri,State recommendation mapped to IMD districts
34,Soybean,NRC 132,Tamil Nadu,Tamil Nadu,Dindigul,State recommendation mapped to IMD districts
34,Soybean,NRC 132,Tamil Nadu,Tamil Nadu,Erode,State recommendation mapped to IMD districts
34,Soybean,NRC 132,Tamil Nadu,Tamil Nadu,Kallakurichi,State recommendation mapped to IMD districts
34,Soybean,NRC 132,Tamil Nadu,Tamil Nadu,Kanchipuram,State recommendation mapped to IMD districts
34,Soybean,NRC 132,Tamil Nadu,Tamil Nadu,Kanyakumari,State recommendation mapped to IMD districts
34,Soybean,NRC 132,Tamil Nadu,Tamil Nadu,Karur,State recommendation mapped to IMD districts
34,Soybean,NRC 132,Tamil Nadu,Tamil Nadu,Krishnagiri,State recommendation mapped to IMD districts
34,Soybean,NRC 132,Tamil Nadu,Tamil Nadu,Madurai,State recommendation mapped to IMD districts
34,Soybean,NRC 132,Tamil Nadu,Tamil Nadu,Nagapattinam,State recommendation mapped to IMD districts
34,Soybean,NRC 132,Tamil Nadu,Tamil Nadu,Namakkal,State recommendation mapped to IMD districts
34,Soybean,NRC 132,Tamil Nadu,Tamil Nadu,Nilgiri,State recommendation mapped to IMD districts
34,Soybean,NRC 132,Tamil Nadu,Tamil Nadu,Perambalur,State recommendation mapped to IMD districts
34,Soybean,NRC 132,Tamil Nadu,Tamil Nadu,Pudukkottai,State recommendation mapped to IMD districts
34,Soybean,NRC 132,Tamil Nadu,Tamil Nadu,Ramanathapuram,State recommendation mapped to IMD districts
34,Soybean,NRC 132,Tamil Nadu,Tamil Nadu,Ranipet,State recommendation mapped to IMD districts
34,Soybean,NRC 132,Tamil Nadu,Tamil Nadu,Salem,State recommendation mapped to IMD districts
34,Soybean,NRC 132,Tamil Nadu,Tamil Nadu,Sivaganga,State recommendation mapped to IMD districts
34,Soybean,NRC 132,Tamil Nadu,Tamil Nadu,Teni,State recommendation mapped to IMD districts
34,Soybean,NRC 132,Tamil Nadu,Tamil Nadu,Tenkasi,State recommendation mapped to IMD districts
34,Soybean,NRC 132,Tamil Nadu,Tamil Nadu,Thanjavur,State recommendation mapped to IMD districts
34,Soybean,NRC 132,Tamil Nadu,Tamil Nadu,Thiruvarur,State recommendation mapped to IMD districts
34,Soybean,NRC 132,Tamil Nadu,Tamil Nadu,Tiruchirappalli,State recommendation mapped to IMD districts
34,Soybean,NRC 132,Tamil Nadu,Tamil Nadu,Tirunelveli,State recommendation mapped to IMD districts
34,Soybean,NRC 132,Tamil Nadu,Tamil Nadu,Tirupattur,State recommendation mapped to IMD districts
34,Soybean,NRC 132,Tamil Nadu,Tamil Nadu,Tiruppur,State recommendation mapped to IMD districts
34,Soybean,NRC 132,Tamil Nadu,Tamil Nadu,Tiruvallur,State recommendation mapped to IMD districts
34,Soybean,NRC 132,Tamil Nadu,Tamil Nadu,Tiruvannamalai,State recommendation mapped to IMD districts
34,Soybean,NRC 132,Tamil Nadu,Tamil Nadu,Tuticorin,State recommendation mapped to IMD districts
34,Soybean,NRC 132,Tamil Nadu,Tamil Nadu,Vellore,State recommendation mapped to IMD districts
34,Soybean,NRC 132,Tamil Nadu,Tamil Nadu,Villupuram,State recommendation mapped to IMD districts
34,Soybean,NRC 132,Tamil Nadu,Tamil Nadu,Virudhunagar,State recommendation mapped to IMD districts
35,Soybean,NRC 142,Madhya Pradesh,Madhya Pradesh,Agar-Malwa,State recommendation mapped to IMD districts
35,Soybean,NRC 142,Madhya Pradesh,Madhya Pradesh,Alirajpur,State recommendation mapped to IMD districts
35,Soybean,NRC 142,Madhya Pradesh,Madhya Pradesh,Anuppur,State recommendation mapped to IMD districts
35,Soybean,NRC 142,Madhya Pradesh,Madhya Pradesh,Ashoknagar,State recommendation mapped to IMD districts
35,Soybean,NRC 142,Madhya Pradesh,Madhya Pradesh,Balaghat,State recommendation mapped to IMD districts
35,Soybean,NRC 142,Madhya Pradesh,Madhya Pradesh,Barwani,State recommendation mapped to IMD districts
35,Soybean,NRC 142,Madhya Pradesh,Madhya Pradesh,Betul,State recommendation mapped to IMD districts
35,Soybean,NRC 142,Madhya Pradesh,Madhya Pradesh,Bhind,State recommendation mapped to IMD districts
35,Soybean,NRC 142,Madhya Pradesh,Madhya Pradesh,Bhopal,State recommendation mapped to IMD districts
35,Soybean,NRC 142,Madhya Pradesh,Madhya Pradesh,Burhanpur,State recommendation mapped to IMD districts
35,Soybean,NRC 142,Madhya Pradesh,Madhya Pradesh,Chhatarpur,State recommendation mapped to IMD districts
35,Soybean,NRC 142,Madhya Pradesh,Madhya Pradesh,Chhindwara,State recommendation mapped to IMD districts
35,Soybean,NRC 142,Madhya Pradesh,Madhya Pradesh,Damoh,State recommendation mapped to IMD districts
35,Soybean,NRC 142,Madhya Pradesh,Madhya Pradesh,Datia,State recommendation mapped to IMD districts
35,Soybean,NRC 142,Madhya Pradesh,Madhya Pradesh,Dewas,State recommendation mapped to IMD districts
35,Soybean,NRC 142,Madhya Pradesh,Madhya Pradesh,Dhar,State recommendation mapped to IMD districts
35,Soybean,NRC 142,Madhya Pradesh,Madhya Pradesh,Dindori,State recommendation mapped to IMD districts
35,Soybean,NRC 142,Madhya Pradesh,Madhya Pradesh,Guna,State recommendation mapped to IMD districts
35,Soybean,NRC 142,Madhya Pradesh,Madhya Pradesh,Gwalior,State recommendation mapped to IMD districts
35,Soybean,NRC 142,Madhya Pradesh,Madhya Pradesh,Harda,State recommendation mapped to IMD districts
35,Soybean,NRC 142,Madhya Pradesh,Madhya Pradesh,Indore,State recommendation mapped to IMD districts
35,Soybean,NRC 142,Madhya Pradesh,Madhya Pradesh,Jabalpur,State recommendation mapped to IMD districts
35,Soybean,NRC 142,Madhya Pradesh,Madhya Pradesh,Jhabua,State recommendation mapped to IMD districts
35,Soybean,NRC 142,Madhya Pradesh,Madhya Pradesh,Katni,State recommendation mapped to IMD districts
35,Soybean,NRC 142,Madhya Pradesh,Madhya Pradesh,Khandwa,State recommendation mapped to IMD districts
35,Soybean,NRC 142,Madhya Pradesh,Madhya Pradesh,Khargone,State recommendation mapped to IMD districts
35,Soybean,NRC 142,Madhya Pradesh,Madhya Pradesh,Mandla,State recommendation mapped to IMD districts
35,Soybean,NRC 142,Madhya Pradesh,Madhya Pradesh,Mandsaur,State recommendation mapped to IMD districts
35,Soybean,NRC 142,Madhya Pradesh,Madhya Pradesh,Morena,State recommendation mapped to IMD districts
35,Soybean,NRC 142,Madhya Pradesh,Madhya Pradesh,Narmadapuram,State recommendation mapped to IMD districts
35,Soybean,NRC 142,Madhya Pradesh,Madhya Pradesh,Narshimapura,State recommendation mapped to IMD districts
35,Soybean,NRC 142,Madhya Pradesh,Madhya Pradesh,Nimach,State recommendation mapped to IMD districts
35,Soybean,NRC 142,Madhya Pradesh,Madhya Pradesh,Niwari,State recommendation mapped to IMD districts
35,Soybean,NRC 142,Madhya Pradesh,Madhya Pradesh,Panna,State recommendation mapped to IMD districts
35,Soybean,NRC 142,Madhya Pradesh,Madhya Pradesh,Raisen,State recommendation mapped to IMD districts
35,Soybean,NRC 142,Madhya Pradesh,Madhya Pradesh,Rajgarh,State recommendation mapped to IMD districts
35,Soybean,NRC 142,Madhya Pradesh,Madhya Pradesh,Ratlam,State recommendation mapped to IMD districts
35,Soybean,NRC 142,Madhya Pradesh,Madhya Pradesh,Rewa,State recommendation mapped to IMD districts
35,Soybean,NRC 142,Madhya Pradesh,Madhya Pradesh,Sagar,State recommendation mapped to IMD districts
35,Soybean,NRC 142,Madhya Pradesh,Madhya Pradesh,Satna,State recommendation mapped to IMD districts
35,Soybean,NRC 142,Madhya Pradesh,Madhya Pradesh,Sehore,State recommendation mapped to IMD districts
35,Soybean,NRC 142,Madhya Pradesh,Madhya Pradesh,Seoni,State recommendation mapped to IMD districts
35,Soybean,NRC 142,Madhya Pradesh,Madhya Pradesh,Shahdol,State recommendation mapped to IMD districts
35,Soybean,NRC 142,Madhya Pradesh,Madhya Pradesh,Shajapur,State recommendation mapped to IMD districts
35,Soybean,NRC 142,Madhya Pradesh,Madhya Pradesh,Sheopur,State recommendation mapped to IMD districts
35,Soybean,NRC 142,Madhya Pradesh,Madhya Pradesh,Shivpuri,State recommendation mapped to IMD districts
35,Soybean,NRC 142,Madhya Pradesh,Madhya Pradesh,Sidhi,State recommendation mapped to IMD districts
35,Soybean,NRC 142,Madhya Pradesh,Madhya Pradesh,Singrauli,State recommendation mapped to IMD districts
35,Soybean,NRC 142,Madhya Pradesh,Madhya Pradesh,Tikamgarh,State recommendation mapped to IMD districts
35,Soybean,NRC 142,Madhya Pradesh,Madhya Pradesh,Ujjain,State recommendation mapped to IMD districts
35,Soybean,NRC 142,Madhya Pradesh,Madhya Pradesh,Umaria,State recommendation mapped to IMD districts
35,Soybean,NRC 142,Madhya Pradesh,Madhya Pradesh,Videsha,State recommendation mapped to IMD districts
35,Soybean,NRC 142,Uttar Pradesh,Uttar Pradesh,Agra,State recommendation mapped to IMD districts
35,Soybean,NRC 142,Uttar Pradesh,Uttar Pradesh,Aligarh,State recommendation mapped to IMD districts
35,Soybean,NRC 142,Uttar Pradesh,Uttar Pradesh,Ambedkarnagar,State recommendation mapped to IMD districts
35,Soybean,NRC 142,Uttar Pradesh,Uttar Pradesh,Amethi,State recommendation mapped to IMD districts
35,Soybean,NRC 142,Uttar Pradesh,Uttar Pradesh,Amroha,State recommendation mapped to IMD districts
35,Soybean,NRC 142,Uttar Pradesh,Uttar Pradesh,Auraiya,State recommendation mapped to IMD districts
35,Soybean,NRC 142,Uttar Pradesh,Uttar Pradesh,Ayodhya,State recommendation mapped to IMD districts
35,Soybean,NRC 142,Uttar Pradesh,Uttar Pradesh,Azamgarh,State recommendation mapped to IMD districts
35,Soybean,NRC 142,Uttar Pradesh,Uttar Pradesh,Badaun,State recommendation mapped to IMD districts
35,Soybean,NRC 142,Uttar Pradesh,Uttar Pradesh,Baghpat,State recommendation mapped to IMD districts
35,Soybean,NRC 142,Uttar Pradesh,Uttar Pradesh,Bahraich,State recommendation mapped to IMD districts
35,Soybean,NRC 142,Uttar Pradesh,Uttar Pradesh,Balarampur,State recommendation mapped to IMD districts
35,Soybean,NRC 142,Uttar Pradesh,Uttar Pradesh,Ballia,State recommendation mapped to IMD districts
35,Soybean,NRC 142,Uttar Pradesh,Uttar Pradesh,Banda,State recommendation mapped to IMD districts
35,Soybean,NRC 142,Uttar Pradesh,Uttar Pradesh,Barabanki,State recommendation mapped to IMD districts
35,Soybean,NRC 142,Uttar Pradesh,Uttar Pradesh,Bareilly,State recommendation mapped to IMD districts
35,Soybean,NRC 142,Uttar Pradesh,Uttar Pradesh,Basti,State recommendation mapped to IMD districts
35,Soybean,NRC 142,Uttar Pradesh,Uttar Pradesh,Bhadohi,State recommendation mapped to IMD districts
35,Soybean,NRC 142,Uttar Pradesh,Uttar Pradesh,Bijnor,State recommendation mapped to IMD districts
35,Soybean,NRC 142,Uttar Pradesh,Uttar Pradesh,Bulandsahar,State recommendation mapped to IMD districts
35,Soybean,NRC 142,Uttar Pradesh,Uttar Pradesh,Chandauli,State recommendation mapped to IMD districts
35,Soybean,NRC 142,Uttar Pradesh,Uttar Pradesh,Chitrakoot,State recommendation mapped to IMD districts
35,Soybean,NRC 142,Uttar Pradesh,Uttar Pradesh,Deoria,State recommendation mapped to IMD districts
35,Soybean,NRC 142,Uttar Pradesh,Uttar Pradesh,Etah,State recommendation mapped to IMD districts
35,Soybean,NRC 142,Uttar Pradesh,Uttar Pradesh,Etawah,State recommendation mapped to IMD districts
35,Soybean,NRC 142,Uttar Pradesh,Uttar Pradesh,Farrukhabad,State recommendation mapped to IMD districts
35,Soybean,NRC 142,Uttar Pradesh,Uttar Pradesh,Fatehpur,State recommendation mapped to IMD districts
35,Soybean,NRC 142,Uttar Pradesh,Uttar Pradesh,Firozabad,State recommendation mapped to IMD districts
35,Soybean,NRC 142,Uttar Pradesh,Uttar Pradesh,Gautambudhnagar,State recommendation mapped to IMD districts
35,Soybean,NRC 142,Uttar Pradesh,Uttar Pradesh,Gazipur,State recommendation mapped to IMD districts
35,Soybean,NRC 142,Uttar Pradesh,Uttar Pradesh,Ghaziabad,State recommendation mapped to IMD districts
35,Soybean,NRC 142,Uttar Pradesh,Uttar Pradesh,Gonda,State recommendation mapped to IMD districts
35,Soybean,NRC 142,Uttar Pradesh,Uttar Pradesh,Gorakhpur,State recommendation mapped to IMD districts
35,Soybean,NRC 142,Uttar Pradesh,Uttar Pradesh,Hamirpur,State recommendation mapped to IMD districts
35,Soybean,NRC 142,Uttar Pradesh,Uttar Pradesh,Hapur,State recommendation mapped to IMD districts
35,Soybean,NRC 142,Uttar Pradesh,Uttar Pradesh,Hardoi,State recommendation mapped to IMD districts
35,Soybean,NRC 142,Uttar Pradesh,Uttar Pradesh,Hathras,State recommendation mapped to IMD districts
35,Soybean,NRC 142,Uttar Pradesh,Uttar Pradesh,Jalaun,State recommendation mapped to IMD districts
35,Soybean,NRC 142,Uttar Pradesh,Uttar Pradesh,Jaunpur,State recommendation mapped to IMD districts
35,Soybean,NRC 142,Uttar Pradesh,Uttar Pradesh,Jhansi,State recommendation mapped to IMD districts
35,Soybean,NRC 142,Uttar Pradesh,Uttar Pradesh,Kannauj,State recommendation mapped to IMD districts
35,Soybean,NRC 142,Uttar Pradesh,Uttar Pradesh,Kanpur,State recommendation mapped to IMD districts
35,Soybean,NRC 142,Uttar Pradesh,Uttar Pradesh,Kanpur Dehat,State recommendation mapped to IMD districts
35,Soybean,NRC 142,Uttar Pradesh,Uttar Pradesh,Kasganj,State recommendation mapped to IMD districts
35,Soybean,NRC 142,Uttar Pradesh,Uttar Pradesh,Kaushambi,State recommendation mapped to IMD districts
35,Soybean,NRC 142,Uttar Pradesh,Uttar Pradesh,Kheri,State recommendation mapped to IMD districts
35,Soybean,NRC 142,Uttar Pradesh,Uttar Pradesh,Kushinagar,State recommendation mapped to IMD districts
35,Soybean,NRC 142,Uttar Pradesh,Uttar Pradesh,Lalitpur,State recommendation mapped to IMD districts
35,Soybean,NRC 142,Uttar Pradesh,Uttar Pradesh,Lucknow,State recommendation mapped to IMD districts
35,Soybean,NRC 142,Uttar Pradesh,Uttar Pradesh,Maharajganj,State recommendation mapped to IMD districts
35,Soybean,NRC 142,Uttar Pradesh,Uttar Pradesh,Mahoba,State recommendation mapped to IMD districts
35,Soybean,NRC 142,Uttar Pradesh,Uttar Pradesh,Mainpuri,State recommendation mapped to IMD districts
35,Soybean,NRC 142,Uttar Pradesh,Uttar Pradesh,Mathura,State recommendation mapped to IMD districts
35,Soybean,NRC 142,Uttar Pradesh,Uttar Pradesh,Mau,State recommendation mapped to IMD districts
35,Soybean,NRC 142,Uttar Pradesh,Uttar Pradesh,Meerut,State recommendation mapped to IMD districts
35,Soybean,NRC 142,Uttar Pradesh,Uttar Pradesh,Mirzapur,State recommendation mapped to IMD districts
35,Soybean,NRC 142,Uttar Pradesh,Uttar Pradesh,Moradabad,State recommendation mapped to IMD districts
35,Soybean,NRC 142,Uttar Pradesh,Uttar Pradesh,Muzafarnagar,State recommendation mapped to IMD districts
35,Soybean,NRC 142,Uttar Pradesh,Uttar Pradesh,Pilhibhit,State recommendation mapped to IMD districts
35,Soybean,NRC 142,Uttar Pradesh,Uttar Pradesh,Pratapgarh,State recommendation mapped to IMD districts
35,Soybean,NRC 142,Uttar Pradesh,Uttar Pradesh,Prayagraj,State recommendation mapped to IMD districts
35,Soybean,NRC 142,Uttar Pradesh,Uttar Pradesh,Raibeareli,State recommendation mapped to IMD districts
35,Soybean,NRC 142,Uttar Pradesh,Uttar Pradesh,Rampur,State recommendation mapped to IMD districts
35,Soybean,NRC 142,Uttar Pradesh,Uttar Pradesh,Sambhal,State recommendation mapped to IMD districts
35,Soybean,NRC 142,Uttar Pradesh,Uttar Pradesh,Santkabirnagar,State recommendation mapped to IMD districts
35,Soybean,NRC 142,Uttar Pradesh,Uttar Pradesh,Shahjahanpur,State recommendation mapped to IMD districts
35,Soybean,NRC 142,Uttar Pradesh,Uttar Pradesh,Shamli,State recommendation mapped to IMD districts
35,Soybean,NRC 142,Uttar Pradesh,Uttar Pradesh,Sharanpur,State recommendation mapped to IMD districts
35,Soybean,NRC 142,Uttar Pradesh,Uttar Pradesh,Shrawasti,State recommendation mapped to IMD districts
35,Soybean,NRC 142,Uttar Pradesh,Uttar Pradesh,Siddharthnagar,State recommendation mapped to IMD districts
35,Soybean,NRC 142,Uttar Pradesh,Uttar Pradesh,Sitapur,State recommendation mapped to IMD districts
35,Soybean,NRC 142,Uttar Pradesh,Uttar Pradesh,Sonbhadra,State recommendation mapped to IMD districts
35,Soybean,NRC 142,Uttar Pradesh,Uttar Pradesh,Sultanpur,State recommendation mapped to IMD districts
35,Soybean,NRC 142,Uttar Pradesh,Uttar Pradesh,Unnao,State recommendation mapped to IMD districts
35,Soybean,NRC 142,Uttar Pradesh,Uttar Pradesh,Varanasi,State recommendation mapped to IMD districts
35,Soybean,NRC 142,Rajasthan,Rajasthan,Ajmer,State recommendation mapped to IMD districts
35,Soybean,NRC 142,Rajasthan,Rajasthan,Alwar,State recommendation mapped to IMD districts
35,Soybean,NRC 142,Rajasthan,Rajasthan,Banswara,State recommendation mapped to IMD districts
35,Soybean,NRC 142,Rajasthan,Rajasthan,Baran,State recommendation mapped to IMD districts
35,Soybean,NRC 142,Rajasthan,Rajasthan,Barmer,State recommendation mapped to IMD districts
35,Soybean,NRC 142,Rajasthan,Rajasthan,Bharatpur,State recommendation mapped to IMD districts
35,Soybean,NRC 142,Rajasthan,Rajasthan,Bhilwara,State recommendation mapped to IMD districts
35,Soybean,NRC 142,Rajasthan,Rajasthan,Bikaner,State recommendation mapped to IMD districts
35,Soybean,NRC 142,Rajasthan,Rajasthan,Bundi,State recommendation mapped to IMD districts
35,Soybean,NRC 142,Rajasthan,Rajasthan,Chittaurgarh,State recommendation mapped to IMD districts
35,Soybean,NRC 142,Rajasthan,Rajasthan,Churu,State recommendation mapped to IMD districts
35,Soybean,NRC 142,Rajasthan,Rajasthan,Dausa,State recommendation mapped to IMD districts
35,Soybean,NRC 142,Rajasthan,Rajasthan,Dholpur,State recommendation mapped to IMD districts
35,Soybean,NRC 142,Rajasthan,Rajasthan,Dungarpur,State recommendation mapped to IMD districts
35,Soybean,NRC 142,Rajasthan,Rajasthan,Ganganagar,State recommendation mapped to IMD districts
35,Soybean,NRC 142,Rajasthan,Rajasthan,Hanumangarh,State recommendation mapped to IMD districts
35,Soybean,NRC 142,Rajasthan,Rajasthan,Jaipur,State recommendation mapped to IMD districts
35,Soybean,NRC 142,Rajasthan,Rajasthan,Jaiselmer,State recommendation mapped to IMD districts
35,Soybean,NRC 142,Rajasthan,Rajasthan,Jalor,State recommendation mapped to IMD districts
35,Soybean,NRC 142,Rajasthan,Rajasthan,Jhalawar,State recommendation mapped to IMD districts
35,Soybean,NRC 142,Rajasthan,Rajasthan,Jhunjhunun,State recommendation mapped to IMD districts
35,Soybean,NRC 142,Rajasthan,Rajasthan,Jodhpur,State recommendation mapped to IMD districts
35,Soybean,NRC 142,Rajasthan,Rajasthan,Karauli,State recommendation mapped to IMD districts
35,Soybean,NRC 142,Rajasthan,Rajasthan,Kota,State recommendation mapped to IMD districts
35,Soybean,NRC 142,Rajasthan,Rajasthan,Nagaur,State recommendation mapped to IMD districts
35,Soybean,NRC 142,Rajasthan,Rajasthan,Pali,State recommendation mapped to IMD districts
35,Soybean,NRC 142,Rajasthan,Rajasthan,Prataapgarh,State recommendation mapped to IMD districts
35,Soybean,NRC 142,Rajasthan,Rajasthan,Rajsmand,State recommendation mapped to IMD districts
35,Soybean,NRC 142,Rajasthan,Rajasthan,Sikar,State recommendation mapped to IMD districts
35,Soybean,NRC 142,Rajasthan,Rajasthan,Sirohi,State recommendation mapped to IMD districts
35,Soybean,NRC 142,Rajasthan,Rajasthan,Swaimadhopur,State recommendation mapped to IMD districts
35,Soybean,NRC 142,Rajasthan,Rajasthan,Tonk,State recommendation mapped to IMD districts
35,Soybean,NRC 142,Rajasthan,Rajasthan,Udaipur,State recommendation mapped to IMD districts
35,Soybean,NRC 142,Gujarat,Gujarat,Ahmadabad,State recommendation mapped to IMD districts
35,Soybean,NRC 142,Gujarat,Gujarat,Amreli,State recommendation mapped to IMD districts
35,Soybean,NRC 142,Gujarat,Gujarat,Anand,State recommendation mapped to IMD districts
35,Soybean,NRC 142,Gujarat,Gujarat,Aravalli,State recommendation mapped to IMD districts
35,Soybean,NRC 142,Gujarat,Gujarat,Banaskantha,State recommendation mapped to IMD districts
35,Soybean,NRC 142,Gujarat,Gujarat,Bharuch,State recommendation mapped to IMD districts
35,Soybean,NRC 142,Gujarat,Gujarat,Bhavnagar,State recommendation mapped to IMD districts
35,Soybean,NRC 142,Gujarat,Gujarat,Botad,State recommendation mapped to IMD districts
35,Soybean,NRC 142,Gujarat,Gujarat,Chhota Udepur,State recommendation mapped to IMD districts
35,Soybean,NRC 142,Gujarat,Gujarat,Dahod,State recommendation mapped to IMD districts
35,Soybean,NRC 142,Gujarat,Gujarat,Dangs,State recommendation mapped to IMD districts
35,Soybean,NRC 142,Gujarat,Gujarat,Devbhoomi Dwarka,State recommendation mapped to IMD districts
35,Soybean,NRC 142,Gujarat,Gujarat,Gandhinagar,State recommendation mapped to IMD districts
35,Soybean,NRC 142,Gujarat,Gujarat,Gir Somnath,State recommendation mapped to IMD districts
35,Soybean,NRC 142,Gujarat,Gujarat,Jamnagar,State recommendation mapped to IMD districts
35,Soybean,NRC 142,Gujarat,Gujarat,Junagarh,State recommendation mapped to IMD districts
35,Soybean,NRC 142,Gujarat,Gujarat,Kachchh,State recommendation mapped to IMD districts
35,Soybean,NRC 142,Gujarat,Gujarat,Khera,State recommendation mapped to IMD districts
35,Soybean,NRC 142,Gujarat,Gujarat,Mahesana,State recommendation mapped to IMD districts
35,Soybean,NRC 142,Gujarat,Gujarat,Mahisagar,State recommendation mapped to IMD districts
35,Soybean,NRC 142,Gujarat,Gujarat,Morbi,State recommendation mapped to IMD districts
35,Soybean,NRC 142,Gujarat,Gujarat,Narmada,State recommendation mapped to IMD districts
35,Soybean,NRC 142,Gujarat,Gujarat,Navsari,State recommendation mapped to IMD districts
35,Soybean,NRC 142,Gujarat,Gujarat,Panchmahal,State recommendation mapped to IMD districts
35,Soybean,NRC 142,Gujarat,Gujarat,Patan,State recommendation mapped to IMD districts
35,Soybean,NRC 142,Gujarat,Gujarat,Porbandar,State recommendation mapped to IMD districts
35,Soybean,NRC 142,Gujarat,Gujarat,Rajkot,State recommendation mapped to IMD districts
35,Soybean,NRC 142,Gujarat,Gujarat,Sabar Kantha,State recommendation mapped to IMD districts
35,Soybean,NRC 142,Gujarat,Gujarat,Surat,State recommendation mapped to IMD districts
35,Soybean,NRC 142,Gujarat,Gujarat,Surendranagar,State recommendation mapped to IMD districts
35,Soybean,NRC 142,Gujarat,Gujarat,Tapi,State recommendation mapped to IMD districts
35,Soybean,NRC 142,Gujarat,Gujarat,Vadodara,State recommendation mapped to IMD districts
35,Soybean,NRC 142,Gujarat,Gujarat,Valsad,State recommendation mapped to IMD districts
35,Soybean,NRC 142,Maharashtra,Maharashtra,Ahmadnagar,State recommendation mapped to IMD districts
35,Soybean,NRC 142,Maharashtra,Maharashtra,Akola,State recommendation mapped to IMD districts
35,Soybean,NRC 142,Maharashtra,Maharashtra,Amaravati,State recommendation mapped to IMD districts
35,Soybean,NRC 142,Maharashtra,Maharashtra,Bhandara,State recommendation mapped to IMD districts
35,Soybean,NRC 142,Maharashtra,Maharashtra,Bid,State recommendation mapped to IMD districts
35,Soybean,NRC 142,Maharashtra,Maharashtra,Buldhana,State recommendation mapped to IMD districts
35,Soybean,NRC 142,Maharashtra,Maharashtra,Chandrapur,State recommendation mapped to IMD districts
35,Soybean,NRC 142,Maharashtra,Maharashtra,Chhatrapati Sambhajinagar,State recommendation mapped to IMD districts
35,Soybean,NRC 142,Maharashtra,Maharashtra,Dharashiv,State recommendation mapped to IMD districts
35,Soybean,NRC 142,Maharashtra,Maharashtra,Dhule,State recommendation mapped to IMD districts
35,Soybean,NRC 142,Maharashtra,Maharashtra,Gadchiroli,State recommendation mapped to IMD districts
35,Soybean,NRC 142,Maharashtra,Maharashtra,Gondiya,State recommendation mapped to IMD districts
35,Soybean,NRC 142,Maharashtra,Maharashtra,Hingoli,State recommendation mapped to IMD districts
35,Soybean,NRC 142,Maharashtra,Maharashtra,Jalgaon,State recommendation mapped to IMD districts
35,Soybean,NRC 142,Maharashtra,Maharashtra,Jalna,State recommendation mapped to IMD districts
35,Soybean,NRC 142,Maharashtra,Maharashtra,Kolhapur,State recommendation mapped to IMD districts
35,Soybean,NRC 142,Maharashtra,Maharashtra,Latur,State recommendation mapped to IMD districts
35,Soybean,NRC 142,Maharashtra,Maharashtra,Mumbai City,State recommendation mapped to IMD districts
35,Soybean,NRC 142,Maharashtra,Maharashtra,Nagpur,State recommendation mapped to IMD districts
35,Soybean,NRC 142,Maharashtra,Maharashtra,Nanded,State recommendation mapped to IMD districts
35,Soybean,NRC 142,Maharashtra,Maharashtra,Nandurbar,State recommendation mapped to IMD districts
35,Soybean,NRC 142,Maharashtra,Maharashtra,Nasik,State recommendation mapped to IMD districts
35,Soybean,NRC 142,Maharashtra,Maharashtra,Palghar,State recommendation mapped to IMD districts
35,Soybean,NRC 142,Maharashtra,Maharashtra,Parbhani,State recommendation mapped to IMD districts
35,Soybean,NRC 142,Maharashtra,Maharashtra,Pune,State recommendation mapped to IMD districts
35,Soybean,NRC 142,Maharashtra,Maharashtra,Raigad,State recommendation mapped to IMD districts
35,Soybean,NRC 142,Maharashtra,Maharashtra,Ratnagiri,State recommendation mapped to IMD districts
35,Soybean,NRC 142,Maharashtra,Maharashtra,Sangli,State recommendation mapped to IMD districts
35,Soybean,NRC 142,Maharashtra,Maharashtra,Satara,State recommendation mapped to IMD districts
35,Soybean,NRC 142,Maharashtra,Maharashtra,Sindhudurg,State recommendation mapped to IMD districts
35,Soybean,NRC 142,Maharashtra,Maharashtra,Solapur,State recommendation mapped to IMD districts
35,Soybean,NRC 142,Maharashtra,Maharashtra,Suburban Mumbai,State recommendation mapped to IMD districts
35,Soybean,NRC 142,Maharashtra,Maharashtra,Thane,State recommendation mapped to IMD districts
35,Soybean,NRC 142,Maharashtra,Maharashtra,Wardha,State recommendation mapped to IMD districts
35,Soybean,NRC 142,Maharashtra,Maharashtra,Washim,State recommendation mapped to IMD districts
35,Soybean,NRC 142,Maharashtra,Maharashtra,Yavatmal,State recommendation mapped to IMD districts
35,Soybean,NRC 142,Karnataka,Karnataka,Bagalkot,State recommendation mapped to IMD districts
35,Soybean,NRC 142,Karnataka,Karnataka,Bangalore Rural,State recommendation mapped to IMD districts
35,Soybean,NRC 142,Karnataka,Karnataka,Banglore Urban,State recommendation mapped to IMD districts
35,Soybean,NRC 142,Karnataka,Karnataka,Belgaum,State recommendation mapped to IMD districts
35,Soybean,NRC 142,Karnataka,Karnataka,Bellary,State recommendation mapped to IMD districts
35,Soybean,NRC 142,Karnataka,Karnataka,Bidar,State recommendation mapped to IMD districts
35,Soybean,NRC 142,Karnataka,Karnataka,Bijaapur,State recommendation mapped to IMD districts
35,Soybean,NRC 142,Karnataka,Karnataka,Chamarajanagar,State recommendation mapped to IMD districts
35,Soybean,NRC 142,Karnataka,Karnataka,Chikballapur,State recommendation mapped to IMD districts
35,Soybean,NRC 142,Karnataka,Karnataka,Chikmagalur,State recommendation mapped to IMD districts
35,Soybean,NRC 142,Karnataka,Karnataka,Chitradurga,State recommendation mapped to IMD districts
35,Soybean,NRC 142,Karnataka,Karnataka,Dakshin Kannada,State recommendation mapped to IMD districts
35,Soybean,NRC 142,Karnataka,Karnataka,Davangere,State recommendation mapped to IMD districts
35,Soybean,NRC 142,Karnataka,Karnataka,Dharwad,State recommendation mapped to IMD districts
35,Soybean,NRC 142,Karnataka,Karnataka,Gadag,State recommendation mapped to IMD districts
35,Soybean,NRC 142,Karnataka,Karnataka,Gulbarga,State recommendation mapped to IMD districts
35,Soybean,NRC 142,Karnataka,Karnataka,Hassan,State recommendation mapped to IMD districts
35,Soybean,NRC 142,Karnataka,Karnataka,Haveri,State recommendation mapped to IMD districts
35,Soybean,NRC 142,Karnataka,Karnataka,Kodagu,State recommendation mapped to IMD districts
35,Soybean,NRC 142,Karnataka,Karnataka,Kolar,State recommendation mapped to IMD districts
35,Soybean,NRC 142,Karnataka,Karnataka,Koppal,State recommendation mapped to IMD districts
35,Soybean,NRC 142,Karnataka,Karnataka,Mandhya,State recommendation mapped to IMD districts
35,Soybean,NRC 142,Karnataka,Karnataka,Mysore,State recommendation mapped to IMD districts
35,Soybean,NRC 142,Karnataka,Karnataka,Raichur,State recommendation mapped to IMD districts
35,Soybean,NRC 142,Karnataka,Karnataka,Ramnagar,State recommendation mapped to IMD districts
35,Soybean,NRC 142,Karnataka,Karnataka,Shimoga,State recommendation mapped to IMD districts
35,Soybean,NRC 142,Karnataka,Karnataka,Tumkur,State recommendation mapped to IMD districts
35,Soybean,NRC 142,Karnataka,Karnataka,Udupi,State recommendation mapped to IMD districts
35,Soybean,NRC 142,Karnataka,Karnataka,Uttar Kannada,State recommendation mapped to IMD districts
35,Soybean,NRC 142,Karnataka,Karnataka,Vijayanagara,State recommendation mapped to IMD districts
35,Soybean,NRC 142,Karnataka,Karnataka,Yadgir,State recommendation mapped to IMD districts
35,Soybean,NRC 142,Telangana,Telangana,Adilabad,State recommendation mapped to IMD districts
35,Soybean,NRC 142,Telangana,Telangana,B. Kothagudem,State recommendation mapped to IMD districts
35,Soybean,NRC 142,Telangana,Telangana,Hanumakonda,State recommendation mapped to IMD districts
35,Soybean,NRC 142,Telangana,Telangana,Hyderabad,State recommendation mapped to IMD districts
35,Soybean,NRC 142,Telangana,Telangana,Jagtial,State recommendation mapped to IMD districts
35,Soybean,NRC 142,Telangana,Telangana,Jangaon,State recommendation mapped to IMD districts
35,Soybean,NRC 142,Telangana,Telangana,J. Bhupalpally,State recommendation mapped to IMD districts
35,Soybean,NRC 142,Telangana,Telangana,Jogulamba Gadwal,State recommendation mapped to IMD districts
35,Soybean,NRC 142,Telangana,Telangana,Kamareddy,State recommendation mapped to IMD districts
35,Soybean,NRC 142,Telangana,Telangana,Karimnagar,State recommendation mapped to IMD districts
35,Soybean,NRC 142,Telangana,Telangana,Khammam,State recommendation mapped to IMD districts
35,Soybean,NRC 142,Telangana,Telangana,Kumaram Bheem,State recommendation mapped to IMD districts
35,Soybean,NRC 142,Telangana,Telangana,Mahabubabad,State recommendation mapped to IMD districts
35,Soybean,NRC 142,Telangana,Telangana,Mahabubnagar,State recommendation mapped to IMD districts
35,Soybean,NRC 142,Telangana,Telangana,Mancherial,State recommendation mapped to IMD districts
35,Soybean,NRC 142,Telangana,Telangana,Medak,State recommendation mapped to IMD districts
35,Soybean,NRC 142,Telangana,Telangana,M. Malkajgiri,State recommendation mapped to IMD districts
35,Soybean,NRC 142,Telangana,Telangana,Mulugu,State recommendation mapped to IMD districts
35,Soybean,NRC 142,Telangana,Telangana,Nagarkurnool,State recommendation mapped to IMD districts
35,Soybean,NRC 142,Telangana,Telangana,Nalgonda,State recommendation mapped to IMD districts
35,Soybean,NRC 142,Telangana,Telangana,Narayanpet,State recommendation mapped to IMD districts
35,Soybean,NRC 142,Telangana,Telangana,Nirmal,State recommendation mapped to IMD districts
35,Soybean,NRC 142,Telangana,Telangana,Nizamabad,State recommendation mapped to IMD districts
35,Soybean,NRC 142,Telangana,Telangana,Peddapalle,State recommendation mapped to IMD districts
35,Soybean,NRC 142,Telangana,Telangana,Rajanna Sircilla,State recommendation mapped to IMD districts
35,Soybean,NRC 142,Telangana,Telangana,Rangareddy,State recommendation mapped to IMD districts
35,Soybean,NRC 142,Telangana,Telangana,Sangareddy,State recommendation mapped to IMD districts
35,Soybean,NRC 142,Telangana,Telangana,Siddipet,State recommendation mapped to IMD districts
35,Soybean,NRC 142,Telangana,Telangana,Suryapet,State recommendation mapped to IMD districts
35,Soybean,NRC 142,Telangana,Telangana,Vikarabad,State recommendation mapped to IMD districts
35,Soybean,NRC 142,Telangana,Telangana,Wanaparthy,State recommendation mapped to IMD districts
35,Soybean,NRC 142,Telangana,Telangana,Warangal,State recommendation mapped to IMD districts
35,Soybean,NRC 142,Telangana,Telangana,Y. Bhuvanagiri,State recommendation mapped to IMD districts
35,Soybean,NRC 142,Andhra Pradesh,Andhra Pradesh,Anakapalli,State recommendation mapped to IMD districts
35,Soybean,NRC 142,Andhra Pradesh,Andhra Pradesh,Anantapuramu,State recommendation mapped to IMD districts
35,Soybean,NRC 142,Andhra Pradesh,Andhra Pradesh,Annamayya District,State recommendation mapped to IMD districts
35,Soybean,NRC 142,Andhra Pradesh,Andhra Pradesh,Bapatla,State recommendation mapped to IMD districts
35,Soybean,NRC 142,Andhra Pradesh,Andhra Pradesh,Chittoor,State recommendation mapped to IMD districts
35,Soybean,NRC 142,Andhra Pradesh,Andhra Pradesh,Dr B R Ambedkar Konaseema,State recommendation mapped to IMD districts
35,Soybean,NRC 142,Andhra Pradesh,Andhra Pradesh,East Godavari,State recommendation mapped to IMD districts
35,Soybean,NRC 142,Andhra Pradesh,Andhra Pradesh,Eluru,State recommendation mapped to IMD districts
35,Soybean,NRC 142,Andhra Pradesh,Andhra Pradesh,Guntur,State recommendation mapped to IMD districts
35,Soybean,NRC 142,Andhra Pradesh,Andhra Pradesh,Kakinada,State recommendation mapped to IMD districts
35,Soybean,NRC 142,Andhra Pradesh,Andhra Pradesh,Krishna,State recommendation mapped to IMD districts
35,Soybean,NRC 142,Andhra Pradesh,Andhra Pradesh,Kurnool,State recommendation mapped to IMD districts
35,Soybean,NRC 142,Andhra Pradesh,Andhra Pradesh,Nandyal,State recommendation mapped to IMD districts
35,Soybean,NRC 142,Andhra Pradesh,Andhra Pradesh,Ntr District,State recommendation mapped to IMD districts
35,Soybean,NRC 142,Andhra Pradesh,Andhra Pradesh,Palnadu,State recommendation mapped to IMD districts
35,Soybean,NRC 142,Andhra Pradesh,Andhra Pradesh,Parvathipuram Manyam,State recommendation mapped to IMD districts
35,Soybean,NRC 142,Andhra Pradesh,Andhra Pradesh,Prakasam,State recommendation mapped to IMD districts
35,Soybean,NRC 142,Andhra Pradesh,Andhra Pradesh,Spsr Nellore,State recommendation mapped to IMD districts
35,Soybean,NRC 142,Andhra Pradesh,Andhra Pradesh,Sri Alluri Sitharamaraju District,State recommendation mapped to IMD districts
35,Soybean,NRC 142,Andhra Pradesh,Andhra Pradesh,Srikakulam,State recommendation mapped to IMD districts
35,Soybean,NRC 142,Andhra Pradesh,Andhra Pradesh,Sri Sathyasai District,State recommendation mapped to IMD districts
35,Soybean,NRC 142,Andhra Pradesh,Andhra Pradesh,Tirupati,State recommendation mapped to IMD districts
35,Soybean,NRC 142,Andhra Pradesh,Andhra Pradesh,Vishakhapatnam,State recommendation mapped to IMD districts
35,Soybean,NRC 142,Andhra Pradesh,Andhra Pradesh,Vizianagaram,State recommendation mapped to IMD districts
35,Soybean,NRC 142,Andhra Pradesh,Andhra Pradesh,West Godavari,State recommendation mapped to IMD districts
35,Soybean,NRC 142,Andhra Pradesh,Andhra Pradesh,Ysr District,State recommendation mapped to IMD districts
35,Soybean,NRC 142,Tamil Nadu,Tamil Nadu,Ariyalur,State recommendation mapped to IMD districts
35,Soybean,NRC 142,Tamil Nadu,Tamil Nadu,Chengalpattu,State recommendation mapped to IMD districts
35,Soybean,NRC 142,Tamil Nadu,Tamil Nadu,Chennai,State recommendation mapped to IMD districts
35,Soybean,NRC 142,Tamil Nadu,Tamil Nadu,Coimbatore,State recommendation mapped to IMD districts
35,Soybean,NRC 142,Tamil Nadu,Tamil Nadu,Cuddalore,State recommendation mapped to IMD districts
35,Soybean,NRC 142,Tamil Nadu,Tamil Nadu,Dharampuri,State recommendation mapped to IMD districts
35,Soybean,NRC 142,Tamil Nadu,Tamil Nadu,Dindigul,State recommendation mapped to IMD districts
35,Soybean,NRC 142,Tamil Nadu,Tamil Nadu,Erode,State recommendation mapped to IMD districts
35,Soybean,NRC 142,Tamil Nadu,Tamil Nadu,Kallakurichi,State recommendation mapped to IMD districts
35,Soybean,NRC 142,Tamil Nadu,Tamil Nadu,Kanchipuram,State recommendation mapped to IMD districts
35,Soybean,NRC 142,Tamil Nadu,Tamil Nadu,Kanyakumari,State recommendation mapped to IMD districts
35,Soybean,NRC 142,Tamil Nadu,Tamil Nadu,Karur,State recommendation mapped to IMD districts
35,Soybean,NRC 142,Tamil Nadu,Tamil Nadu,Krishnagiri,State recommendation mapped to IMD districts
35,Soybean,NRC 142,Tamil Nadu,Tamil Nadu,Madurai,State recommendation mapped to IMD districts
35,Soybean,NRC 142,Tamil Nadu,Tamil Nadu,Nagapattinam,State recommendation mapped to IMD districts
35,Soybean,NRC 142,Tamil Nadu,Tamil Nadu,Namakkal,State recommendation mapped to IMD districts
35,Soybean,NRC 142,Tamil Nadu,Tamil Nadu,Nilgiri,State recommendation mapped to IMD districts
35,Soybean,NRC 142,Tamil Nadu,Tamil Nadu,Perambalur,State recommendation mapped to IMD districts
35,Soybean,NRC 142,Tamil Nadu,Tamil Nadu,Pudukkottai,State recommendation mapped to IMD districts
35,Soybean,NRC 142,Tamil Nadu,Tamil Nadu,Ramanathapuram,State recommendation mapped to IMD districts
35,Soybean,NRC 142,Tamil Nadu,Tamil Nadu,Ranipet,State recommendation mapped to IMD districts
35,Soybean,NRC 142,Tamil Nadu,Tamil Nadu,Salem,State recommendation mapped to IMD districts
35,Soybean,NRC 142,Tamil Nadu,Tamil Nadu,Sivaganga,State recommendation mapped to IMD districts
35,Soybean,NRC 142,Tamil Nadu,Tamil Nadu,Teni,State recommendation mapped to IMD districts
35,Soybean,NRC 142,Tamil Nadu,Tamil Nadu,Tenkasi,State recommendation mapped to IMD districts
35,Soybean,NRC 142,Tamil Nadu,Tamil Nadu,Thanjavur,State recommendation mapped to IMD districts
35,Soybean,NRC 142,Tamil Nadu,Tamil Nadu,Thiruvarur,State recommendation mapped to IMD districts
35,Soybean,NRC 142,Tamil Nadu,Tamil Nadu,Tiruchirappalli,State recommendation mapped to IMD districts
35,Soybean,NRC 142,Tamil Nadu,Tamil Nadu,Tirunelveli,State recommendation mapped to IMD districts
35,Soybean,NRC 142,Tamil Nadu,Tamil Nadu,Tirupattur,State recommendation mapped to IMD districts
35,Soybean,NRC 142,Tamil Nadu,Tamil Nadu,Tiruppur,State recommendation mapped to IMD districts
35,Soybean,NRC 142,Tamil Nadu,Tamil Nadu,Tiruvallur,State recommendation mapped to IMD districts
35,Soybean,NRC 142,Tamil Nadu,Tamil Nadu,Tiruvannamalai,State recommendation mapped to IMD districts
35,Soybean,NRC 142,Tamil Nadu,Tamil Nadu,Tuticorin,State recommendation mapped to IMD districts
35,Soybean,NRC 142,Tamil Nadu,Tamil Nadu,Vellore,State recommendation mapped to IMD districts
35,Soybean,NRC 142,Tamil Nadu,Tamil Nadu,Villupuram,State recommendation mapped to IMD districts
35,Soybean,NRC 142,Tamil Nadu,Tamil Nadu,Virudhunagar,State recommendation mapped to IMD districts
36,Soybean,NRCSL 1,West Bengal,West Bengal,Alipurduar,State recommendation mapped to IMD districts
36,Soybean,NRCSL 1,West Bengal,West Bengal,Bankura,State recommendation mapped to IMD districts
36,Soybean,NRCSL 1,West Bengal,West Bengal,Birbhum,State recommendation mapped to IMD districts
36,Soybean,NRCSL 1,West Bengal,West Bengal,Dakshin Dinajpur,State recommendation mapped to IMD districts
36,Soybean,NRCSL 1,West Bengal,West Bengal,Darjeeling,State recommendation mapped to IMD districts
36,Soybean,NRCSL 1,West Bengal,West Bengal,Eastmednipur,State recommendation mapped to IMD districts
36,Soybean,NRCSL 1,West Bengal,West Bengal,Haora,State recommendation mapped to IMD districts
36,Soybean,NRCSL 1,West Bengal,West Bengal,Hugli,State recommendation mapped to IMD districts
36,Soybean,NRCSL 1,West Bengal,West Bengal,Jalpaiguri,State recommendation mapped to IMD districts
36,Soybean,NRCSL 1,West Bengal,West Bengal,Jhargram,State recommendation mapped to IMD districts
36,Soybean,NRCSL 1,West Bengal,West Bengal,Kalimpong,State recommendation mapped to IMD districts
36,Soybean,NRCSL 1,West Bengal,West Bengal,Kolkata,State recommendation mapped to IMD districts
36,Soybean,NRCSL 1,West Bengal,West Bengal,Malda,State recommendation mapped to IMD districts
36,Soybean,NRCSL 1,West Bengal,West Bengal,Mursidabad,State recommendation mapped to IMD districts
36,Soybean,NRCSL 1,West Bengal,West Bengal,Nadia,State recommendation mapped to IMD districts
36,Soybean,NRCSL 1,West Bengal,West Bengal,North 24 Pragana,State recommendation mapped to IMD districts
36,Soybean,NRCSL 1,West Bengal,West Bengal,Pashchim Medinipur,State recommendation mapped to IMD districts
36,Soybean,NRCSL 1,West Bengal,West Bengal,Puruliya,State recommendation mapped to IMD districts
36,Soybean,NRCSL 1,West Bengal,West Bengal,South 24 Parganas,State recommendation mapped to IMD districts
36,Soybean,NRCSL 1,West Bengal,West Bengal,Uttar_Dinajpur,State recommendation mapped to IMD districts
36,Soybean,NRCSL 1,Bihar,Bihar,Arariya,State recommendation mapped to IMD districts
36,Soybean,NRCSL 1,Bihar,Bihar,Arwal,State recommendation mapped to IMD districts
36,Soybean,NRCSL 1,Bihar,Bihar,Aurangabad,State recommendation mapped to IMD districts
36,Soybean,NRCSL 1,Bihar,Bihar,Banka,State recommendation mapped to IMD districts
36,Soybean,NRCSL 1,Bihar,Bihar,Begusarai,State recommendation mapped to IMD districts
36,Soybean,NRCSL 1,Bihar,Bihar,Bhabua,State recommendation mapped to IMD districts
36,Soybean,NRCSL 1,Bihar,Bihar,Bhagalpur,State recommendation mapped to IMD districts
36,Soybean,NRCSL 1,Bihar,Bihar,Bhojpur,State recommendation mapped to IMD districts
36,Soybean,NRCSL 1,Bihar,Bihar,Buxar,State recommendation mapped to IMD districts
36,Soybean,NRCSL 1,Bihar,Bihar,Drabhanga,State recommendation mapped to IMD districts
36,Soybean,NRCSL 1,Bihar,Bihar,Gaya,State recommendation mapped to IMD districts
36,Soybean,NRCSL 1,Bihar,Bihar,Gopalganj,State recommendation mapped to IMD districts
36,Soybean,NRCSL 1,Bihar,Bihar,Jahanabad,State recommendation mapped to IMD districts
36,Soybean,NRCSL 1,Bihar,Bihar,Jamui,State recommendation mapped to IMD districts
36,Soybean,NRCSL 1,Bihar,Bihar,Katihar,State recommendation mapped to IMD districts
36,Soybean,NRCSL 1,Bihar,Bihar,Khagaria,State recommendation mapped to IMD districts
36,Soybean,NRCSL 1,Bihar,Bihar,Kishanganj,State recommendation mapped to IMD districts
36,Soybean,NRCSL 1,Bihar,Bihar,Lakhisarai,State recommendation mapped to IMD districts
36,Soybean,NRCSL 1,Bihar,Bihar,Madhepura,State recommendation mapped to IMD districts
36,Soybean,NRCSL 1,Bihar,Bihar,Madubani,State recommendation mapped to IMD districts
36,Soybean,NRCSL 1,Bihar,Bihar,Munger,State recommendation mapped to IMD districts
36,Soybean,NRCSL 1,Bihar,Bihar,Muzaffarpur,State recommendation mapped to IMD districts
36,Soybean,NRCSL 1,Bihar,Bihar,Nalanda,State recommendation mapped to IMD districts
36,Soybean,NRCSL 1,Bihar,Bihar,Nawada,State recommendation mapped to IMD districts
36,Soybean,NRCSL 1,Bihar,Bihar,Pachim Champaran,State recommendation mapped to IMD districts
36,Soybean,NRCSL 1,Bihar,Bihar,Patna,State recommendation mapped to IMD districts
36,Soybean,NRCSL 1,Bihar,Bihar,Purba Champaran,State recommendation mapped to IMD districts
36,Soybean,NRCSL 1,Bihar,Bihar,Purnia,State recommendation mapped to IMD districts
36,Soybean,NRCSL 1,Bihar,Bihar,Rohtas,State recommendation mapped to IMD districts
36,Soybean,NRCSL 1,Bihar,Bihar,Saharsa,State recommendation mapped to IMD districts
36,Soybean,NRCSL 1,Bihar,Bihar,Samastipur,State recommendation mapped to IMD districts
36,Soybean,NRCSL 1,Bihar,Bihar,Saran,State recommendation mapped to IMD districts
36,Soybean,NRCSL 1,Bihar,Bihar,Sheikhpura,State recommendation mapped to IMD districts
36,Soybean,NRCSL 1,Bihar,Bihar,Sheohar,State recommendation mapped to IMD districts
36,Soybean,NRCSL 1,Bihar,Bihar,Sitamarhi,State recommendation mapped to IMD districts
36,Soybean,NRCSL 1,Bihar,Bihar,Siwan,State recommendation mapped to IMD districts
36,Soybean,NRCSL 1,Bihar,Bihar,Supaul,State recommendation mapped to IMD districts
36,Soybean,NRCSL 1,Bihar,Bihar,Vaishali,State recommendation mapped to IMD districts
36,Soybean,NRCSL 1,Jharkhand,Jharkhand,Bokaro,State recommendation mapped to IMD districts
36,Soybean,NRCSL 1,Jharkhand,Jharkhand,Chatra,State recommendation mapped to IMD districts
36,Soybean,NRCSL 1,Jharkhand,Jharkhand,Deoghar,State recommendation mapped to IMD districts
36,Soybean,NRCSL 1,Jharkhand,Jharkhand,Dhanbad,State recommendation mapped to IMD districts
36,Soybean,NRCSL 1,Jharkhand,Jharkhand,Dumka,State recommendation mapped to IMD districts
36,Soybean,NRCSL 1,Jharkhand,Jharkhand,East Singhbhum,State recommendation mapped to IMD districts
36,Soybean,NRCSL 1,Jharkhand,Jharkhand,Garhwa,State recommendation mapped to IMD districts
36,Soybean,NRCSL 1,Jharkhand,Jharkhand,Giridih,State recommendation mapped to IMD districts
36,Soybean,NRCSL 1,Jharkhand,Jharkhand,Godda,State recommendation mapped to IMD districts
36,Soybean,NRCSL 1,Jharkhand,Jharkhand,Gumla,State recommendation mapped to IMD districts
36,Soybean,NRCSL 1,Jharkhand,Jharkhand,Hazaribagh,State recommendation mapped to IMD districts
36,Soybean,NRCSL 1,Jharkhand,Jharkhand,Jamtara,State recommendation mapped to IMD districts
36,Soybean,NRCSL 1,Jharkhand,Jharkhand,Khunti,State recommendation mapped to IMD districts
36,Soybean,NRCSL 1,Jharkhand,Jharkhand,Koderma,State recommendation mapped to IMD districts
36,Soybean,NRCSL 1,Jharkhand,Jharkhand,Latehar,State recommendation mapped to IMD districts
36,Soybean,NRCSL 1,Jharkhand,Jharkhand,Lohardaga,State recommendation mapped to IMD districts
36,Soybean,NRCSL 1,Jharkhand,Jharkhand,Pakur,State recommendation mapped to IMD districts
36,Soybean,NRCSL 1,Jharkhand,Jharkhand,Palamu,State recommendation mapped to IMD districts
36,Soybean,NRCSL 1,Jharkhand,Jharkhand,Ramgarh,State recommendation mapped to IMD districts
36,Soybean,NRCSL 1,Jharkhand,Jharkhand,Ranchi,State recommendation mapped to IMD districts
36,Soybean,NRCSL 1,Jharkhand,Jharkhand,Sahebganj,State recommendation mapped to IMD districts
36,Soybean,NRCSL 1,Jharkhand,Jharkhand,Saraikela,State recommendation mapped to IMD districts
36,Soybean,NRCSL 1,Jharkhand,Jharkhand,Simdega,State recommendation mapped to IMD districts
36,Soybean,NRCSL 1,Jharkhand,Jharkhand,West Singhbhum,State recommendation mapped to IMD districts
36,Soybean,NRCSL 1,Chhattisgarh,Chhattisgarh,Sakti,State recommendation mapped to IMD districts
36,Soybean,NRCSL 1,Odisha,Odisha,Anugul,State recommendation mapped to IMD districts
36,Soybean,NRCSL 1,Odisha,Odisha,Balangir,State recommendation mapped to IMD districts
36,Soybean,NRCSL 1,Odisha,Odisha,Baleshwar,State recommendation mapped to IMD districts
36,Soybean,NRCSL 1,Odisha,Odisha,Baragarh,State recommendation mapped to IMD districts
36,Soybean,NRCSL 1,Odisha,Odisha,Bauda,State recommendation mapped to IMD districts
36,Soybean,NRCSL 1,Odisha,Odisha,Bhadrak,State recommendation mapped to IMD districts
36,Soybean,NRCSL 1,Odisha,Odisha,Cuttack,State recommendation mapped to IMD districts
36,Soybean,NRCSL 1,Odisha,Odisha,Deogarh,State recommendation mapped to IMD districts
36,Soybean,NRCSL 1,Odisha,Odisha,Dhenkanal,State recommendation mapped to IMD districts
36,Soybean,NRCSL 1,Odisha,Odisha,Gajapathi,State recommendation mapped to IMD districts
36,Soybean,NRCSL 1,Odisha,Odisha,Ganjam,State recommendation mapped to IMD districts
36,Soybean,NRCSL 1,Odisha,Odisha,Jagatsinghapur,State recommendation mapped to IMD districts
36,Soybean,NRCSL 1,Odisha,Odisha,Jajapur,State recommendation mapped to IMD districts
36,Soybean,NRCSL 1,Odisha,Odisha,Jharsuguda,State recommendation mapped to IMD districts
36,Soybean,NRCSL 1,Odisha,Odisha,Kalahandi,State recommendation mapped to IMD districts
36,Soybean,NRCSL 1,Odisha,Odisha,Kandhamal,State recommendation mapped to IMD districts
36,Soybean,NRCSL 1,Odisha,Odisha,Kendraparha,State recommendation mapped to IMD districts
36,Soybean,NRCSL 1,Odisha,Odisha,Kendujhar,State recommendation mapped to IMD districts
36,Soybean,NRCSL 1,Odisha,Odisha,Khordha,State recommendation mapped to IMD districts
36,Soybean,NRCSL 1,Odisha,Odisha,Koraput,State recommendation mapped to IMD districts
36,Soybean,NRCSL 1,Odisha,Odisha,Malkangiri,State recommendation mapped to IMD districts
36,Soybean,NRCSL 1,Odisha,Odisha,Mayurbhanj,State recommendation mapped to IMD districts
36,Soybean,NRCSL 1,Odisha,Odisha,Nabarangapur,State recommendation mapped to IMD districts
36,Soybean,NRCSL 1,Odisha,Odisha,Nayagarh,State recommendation mapped to IMD districts
36,Soybean,NRCSL 1,Odisha,Odisha,Nuaparha,State recommendation mapped to IMD districts
36,Soybean,NRCSL 1,Odisha,Odisha,Puri,State recommendation mapped to IMD districts
36,Soybean,NRCSL 1,Odisha,Odisha,Rayagarha,State recommendation mapped to IMD districts
36,Soybean,NRCSL 1,Odisha,Odisha,Sambalpur,State recommendation mapped to IMD districts
36,Soybean,NRCSL 1,Odisha,Odisha,Subarnapur,State recommendation mapped to IMD districts
36,Soybean,NRCSL 1,Odisha,Odisha,Sundargarh,State recommendation mapped to IMD districts
37,Soybean,NRC 138,Madhya Pradesh,Madhya Pradesh,Agar-Malwa,State recommendation mapped to IMD districts
37,Soybean,NRC 138,Madhya Pradesh,Madhya Pradesh,Alirajpur,State recommendation mapped to IMD districts
37,Soybean,NRC 138,Madhya Pradesh,Madhya Pradesh,Anuppur,State recommendation mapped to IMD districts
37,Soybean,NRC 138,Madhya Pradesh,Madhya Pradesh,Ashoknagar,State recommendation mapped to IMD districts
37,Soybean,NRC 138,Madhya Pradesh,Madhya Pradesh,Balaghat,State recommendation mapped to IMD districts
37,Soybean,NRC 138,Madhya Pradesh,Madhya Pradesh,Barwani,State recommendation mapped to IMD districts
37,Soybean,NRC 138,Madhya Pradesh,Madhya Pradesh,Betul,State recommendation mapped to IMD districts
37,Soybean,NRC 138,Madhya Pradesh,Madhya Pradesh,Bhind,State recommendation mapped to IMD districts
37,Soybean,NRC 138,Madhya Pradesh,Madhya Pradesh,Bhopal,State recommendation mapped to IMD districts
37,Soybean,NRC 138,Madhya Pradesh,Madhya Pradesh,Burhanpur,State recommendation mapped to IMD districts
37,Soybean,NRC 138,Madhya Pradesh,Madhya Pradesh,Chhatarpur,State recommendation mapped to IMD districts
37,Soybean,NRC 138,Madhya Pradesh,Madhya Pradesh,Chhindwara,State recommendation mapped to IMD districts
37,Soybean,NRC 138,Madhya Pradesh,Madhya Pradesh,Damoh,State recommendation mapped to IMD districts
37,Soybean,NRC 138,Madhya Pradesh,Madhya Pradesh,Datia,State recommendation mapped to IMD districts
37,Soybean,NRC 138,Madhya Pradesh,Madhya Pradesh,Dewas,State recommendation mapped to IMD districts
37,Soybean,NRC 138,Madhya Pradesh,Madhya Pradesh,Dhar,State recommendation mapped to IMD districts
37,Soybean,NRC 138,Madhya Pradesh,Madhya Pradesh,Dindori,State recommendation mapped to IMD districts
37,Soybean,NRC 138,Madhya Pradesh,Madhya Pradesh,Guna,State recommendation mapped to IMD districts
37,Soybean,NRC 138,Madhya Pradesh,Madhya Pradesh,Gwalior,State recommendation mapped to IMD districts
37,Soybean,NRC 138,Madhya Pradesh,Madhya Pradesh,Harda,State recommendation mapped to IMD districts
37,Soybean,NRC 138,Madhya Pradesh,Madhya Pradesh,Indore,State recommendation mapped to IMD districts
37,Soybean,NRC 138,Madhya Pradesh,Madhya Pradesh,Jabalpur,State recommendation mapped to IMD districts
37,Soybean,NRC 138,Madhya Pradesh,Madhya Pradesh,Jhabua,State recommendation mapped to IMD districts
37,Soybean,NRC 138,Madhya Pradesh,Madhya Pradesh,Katni,State recommendation mapped to IMD districts
37,Soybean,NRC 138,Madhya Pradesh,Madhya Pradesh,Khandwa,State recommendation mapped to IMD districts
37,Soybean,NRC 138,Madhya Pradesh,Madhya Pradesh,Khargone,State recommendation mapped to IMD districts
37,Soybean,NRC 138,Madhya Pradesh,Madhya Pradesh,Mandla,State recommendation mapped to IMD districts
37,Soybean,NRC 138,Madhya Pradesh,Madhya Pradesh,Mandsaur,State recommendation mapped to IMD districts
37,Soybean,NRC 138,Madhya Pradesh,Madhya Pradesh,Morena,State recommendation mapped to IMD districts
37,Soybean,NRC 138,Madhya Pradesh,Madhya Pradesh,Narmadapuram,State recommendation mapped to IMD districts
37,Soybean,NRC 138,Madhya Pradesh,Madhya Pradesh,Narshimapura,State recommendation mapped to IMD districts
37,Soybean,NRC 138,Madhya Pradesh,Madhya Pradesh,Nimach,State recommendation mapped to IMD districts
37,Soybean,NRC 138,Madhya Pradesh,Madhya Pradesh,Niwari,State recommendation mapped to IMD districts
37,Soybean,NRC 138,Madhya Pradesh,Madhya Pradesh,Panna,State recommendation mapped to IMD districts
37,Soybean,NRC 138,Madhya Pradesh,Madhya Pradesh,Raisen,State recommendation mapped to IMD districts
37,Soybean,NRC 138,Madhya Pradesh,Madhya Pradesh,Rajgarh,State recommendation mapped to IMD districts
37,Soybean,NRC 138,Madhya Pradesh,Madhya Pradesh,Ratlam,State recommendation mapped to IMD districts
37,Soybean,NRC 138,Madhya Pradesh,Madhya Pradesh,Rewa,State recommendation mapped to IMD districts
37,Soybean,NRC 138,Madhya Pradesh,Madhya Pradesh,Sagar,State recommendation mapped to IMD districts
37,Soybean,NRC 138,Madhya Pradesh,Madhya Pradesh,Satna,State recommendation mapped to IMD districts
37,Soybean,NRC 138,Madhya Pradesh,Madhya Pradesh,Sehore,State recommendation mapped to IMD districts
37,Soybean,NRC 138,Madhya Pradesh,Madhya Pradesh,Seoni,State recommendation mapped to IMD districts
37,Soybean,NRC 138,Madhya Pradesh,Madhya Pradesh,Shahdol,State recommendation mapped to IMD districts
37,Soybean,NRC 138,Madhya Pradesh,Madhya Pradesh,Shajapur,State recommendation mapped to IMD districts
37,Soybean,NRC 138,Madhya Pradesh,Madhya Pradesh,Sheopur,State recommendation mapped to IMD districts
37,Soybean,NRC 138,Madhya Pradesh,Madhya Pradesh,Shivpuri,State recommendation mapped to IMD districts
37,Soybean,NRC 138,Madhya Pradesh,Madhya Pradesh,Sidhi,State recommendation mapped to IMD districts
37,Soybean,NRC 138,Madhya Pradesh,Madhya Pradesh,Singrauli,State recommendation mapped to IMD districts
37,Soybean,NRC 138,Madhya Pradesh,Madhya Pradesh,Tikamgarh,State recommendation mapped to IMD districts
37,Soybean,NRC 138,Madhya Pradesh,Madhya Pradesh,Ujjain,State recommendation mapped to IMD districts
37,Soybean,NRC 138,Madhya Pradesh,Madhya Pradesh,Umaria,State recommendation mapped to IMD districts
37,Soybean,NRC 138,Madhya Pradesh,Madhya Pradesh,Videsha,State recommendation mapped to IMD districts
37,Soybean,NRC 138,Uttar Pradesh,Uttar Pradesh,Agra,State recommendation mapped to IMD districts
37,Soybean,NRC 138,Uttar Pradesh,Uttar Pradesh,Aligarh,State recommendation mapped to IMD districts
37,Soybean,NRC 138,Uttar Pradesh,Uttar Pradesh,Ambedkarnagar,State recommendation mapped to IMD districts
37,Soybean,NRC 138,Uttar Pradesh,Uttar Pradesh,Amethi,State recommendation mapped to IMD districts
37,Soybean,NRC 138,Uttar Pradesh,Uttar Pradesh,Amroha,State recommendation mapped to IMD districts
37,Soybean,NRC 138,Uttar Pradesh,Uttar Pradesh,Auraiya,State recommendation mapped to IMD districts
37,Soybean,NRC 138,Uttar Pradesh,Uttar Pradesh,Ayodhya,State recommendation mapped to IMD districts
37,Soybean,NRC 138,Uttar Pradesh,Uttar Pradesh,Azamgarh,State recommendation mapped to IMD districts
37,Soybean,NRC 138,Uttar Pradesh,Uttar Pradesh,Badaun,State recommendation mapped to IMD districts
37,Soybean,NRC 138,Uttar Pradesh,Uttar Pradesh,Baghpat,State recommendation mapped to IMD districts
37,Soybean,NRC 138,Uttar Pradesh,Uttar Pradesh,Bahraich,State recommendation mapped to IMD districts
37,Soybean,NRC 138,Uttar Pradesh,Uttar Pradesh,Balarampur,State recommendation mapped to IMD districts
37,Soybean,NRC 138,Uttar Pradesh,Uttar Pradesh,Ballia,State recommendation mapped to IMD districts
37,Soybean,NRC 138,Uttar Pradesh,Uttar Pradesh,Banda,State recommendation mapped to IMD districts
37,Soybean,NRC 138,Uttar Pradesh,Uttar Pradesh,Barabanki,State recommendation mapped to IMD districts
37,Soybean,NRC 138,Uttar Pradesh,Uttar Pradesh,Bareilly,State recommendation mapped to IMD districts
37,Soybean,NRC 138,Uttar Pradesh,Uttar Pradesh,Basti,State recommendation mapped to IMD districts
37,Soybean,NRC 138,Uttar Pradesh,Uttar Pradesh,Bhadohi,State recommendation mapped to IMD districts
37,Soybean,NRC 138,Uttar Pradesh,Uttar Pradesh,Bijnor,State recommendation mapped to IMD districts
37,Soybean,NRC 138,Uttar Pradesh,Uttar Pradesh,Bulandsahar,State recommendation mapped to IMD districts
37,Soybean,NRC 138,Uttar Pradesh,Uttar Pradesh,Chandauli,State recommendation mapped to IMD districts
37,Soybean,NRC 138,Uttar Pradesh,Uttar Pradesh,Chitrakoot,State recommendation mapped to IMD districts
37,Soybean,NRC 138,Uttar Pradesh,Uttar Pradesh,Deoria,State recommendation mapped to IMD districts
37,Soybean,NRC 138,Uttar Pradesh,Uttar Pradesh,Etah,State recommendation mapped to IMD districts
37,Soybean,NRC 138,Uttar Pradesh,Uttar Pradesh,Etawah,State recommendation mapped to IMD districts
37,Soybean,NRC 138,Uttar Pradesh,Uttar Pradesh,Farrukhabad,State recommendation mapped to IMD districts
37,Soybean,NRC 138,Uttar Pradesh,Uttar Pradesh,Fatehpur,State recommendation mapped to IMD districts
37,Soybean,NRC 138,Uttar Pradesh,Uttar Pradesh,Firozabad,State recommendation mapped to IMD districts
37,Soybean,NRC 138,Uttar Pradesh,Uttar Pradesh,Gautambudhnagar,State recommendation mapped to IMD districts
37,Soybean,NRC 138,Uttar Pradesh,Uttar Pradesh,Gazipur,State recommendation mapped to IMD districts
37,Soybean,NRC 138,Uttar Pradesh,Uttar Pradesh,Ghaziabad,State recommendation mapped to IMD districts
37,Soybean,NRC 138,Uttar Pradesh,Uttar Pradesh,Gonda,State recommendation mapped to IMD districts
37,Soybean,NRC 138,Uttar Pradesh,Uttar Pradesh,Gorakhpur,State recommendation mapped to IMD districts
37,Soybean,NRC 138,Uttar Pradesh,Uttar Pradesh,Hamirpur,State recommendation mapped to IMD districts
37,Soybean,NRC 138,Uttar Pradesh,Uttar Pradesh,Hapur,State recommendation mapped to IMD districts
37,Soybean,NRC 138,Uttar Pradesh,Uttar Pradesh,Hardoi,State recommendation mapped to IMD districts
37,Soybean,NRC 138,Uttar Pradesh,Uttar Pradesh,Hathras,State recommendation mapped to IMD districts
37,Soybean,NRC 138,Uttar Pradesh,Uttar Pradesh,Jalaun,State recommendation mapped to IMD districts
37,Soybean,NRC 138,Uttar Pradesh,Uttar Pradesh,Jaunpur,State recommendation mapped to IMD districts
37,Soybean,NRC 138,Uttar Pradesh,Uttar Pradesh,Jhansi,State recommendation mapped to IMD districts
37,Soybean,NRC 138,Uttar Pradesh,Uttar Pradesh,Kannauj,State recommendation mapped to IMD districts
37,Soybean,NRC 138,Uttar Pradesh,Uttar Pradesh,Kanpur,State recommendation mapped to IMD districts
37,Soybean,NRC 138,Uttar Pradesh,Uttar Pradesh,Kanpur Dehat,State recommendation mapped to IMD districts
37,Soybean,NRC 138,Uttar Pradesh,Uttar Pradesh,Kasganj,State recommendation mapped to IMD districts
37,Soybean,NRC 138,Uttar Pradesh,Uttar Pradesh,Kaushambi,State recommendation mapped to IMD districts
37,Soybean,NRC 138,Uttar Pradesh,Uttar Pradesh,Kheri,State recommendation mapped to IMD districts
37,Soybean,NRC 138,Uttar Pradesh,Uttar Pradesh,Kushinagar,State recommendation mapped to IMD districts
37,Soybean,NRC 138,Uttar Pradesh,Uttar Pradesh,Lalitpur,State recommendation mapped to IMD districts
37,Soybean,NRC 138,Uttar Pradesh,Uttar Pradesh,Lucknow,State recommendation mapped to IMD districts
37,Soybean,NRC 138,Uttar Pradesh,Uttar Pradesh,Maharajganj,State recommendation mapped to IMD districts
37,Soybean,NRC 138,Uttar Pradesh,Uttar Pradesh,Mahoba,State recommendation mapped to IMD districts
37,Soybean,NRC 138,Uttar Pradesh,Uttar Pradesh,Mainpuri,State recommendation mapped to IMD districts
37,Soybean,NRC 138,Uttar Pradesh,Uttar Pradesh,Mathura,State recommendation mapped to IMD districts
37,Soybean,NRC 138,Uttar Pradesh,Uttar Pradesh,Mau,State recommendation mapped to IMD districts
37,Soybean,NRC 138,Uttar Pradesh,Uttar Pradesh,Meerut,State recommendation mapped to IMD districts
37,Soybean,NRC 138,Uttar Pradesh,Uttar Pradesh,Mirzapur,State recommendation mapped to IMD districts
37,Soybean,NRC 138,Uttar Pradesh,Uttar Pradesh,Moradabad,State recommendation mapped to IMD districts
37,Soybean,NRC 138,Uttar Pradesh,Uttar Pradesh,Muzafarnagar,State recommendation mapped to IMD districts
37,Soybean,NRC 138,Uttar Pradesh,Uttar Pradesh,Pilhibhit,State recommendation mapped to IMD districts
37,Soybean,NRC 138,Uttar Pradesh,Uttar Pradesh,Pratapgarh,State recommendation mapped to IMD districts
37,Soybean,NRC 138,Uttar Pradesh,Uttar Pradesh,Prayagraj,State recommendation mapped to IMD districts
37,Soybean,NRC 138,Uttar Pradesh,Uttar Pradesh,Raibeareli,State recommendation mapped to IMD districts
37,Soybean,NRC 138,Uttar Pradesh,Uttar Pradesh,Rampur,State recommendation mapped to IMD districts
37,Soybean,NRC 138,Uttar Pradesh,Uttar Pradesh,Sambhal,State recommendation mapped to IMD districts
37,Soybean,NRC 138,Uttar Pradesh,Uttar Pradesh,Santkabirnagar,State recommendation mapped to IMD districts
37,Soybean,NRC 138,Uttar Pradesh,Uttar Pradesh,Shahjahanpur,State recommendation mapped to IMD districts
37,Soybean,NRC 138,Uttar Pradesh,Uttar Pradesh,Shamli,State recommendation mapped to IMD districts
37,Soybean,NRC 138,Uttar Pradesh,Uttar Pradesh,Sharanpur,State recommendation mapped to IMD districts
37,Soybean,NRC 138,Uttar Pradesh,Uttar Pradesh,Shrawasti,State recommendation mapped to IMD districts
37,Soybean,NRC 138,Uttar Pradesh,Uttar Pradesh,Siddharthnagar,State recommendation mapped to IMD districts
37,Soybean,NRC 138,Uttar Pradesh,Uttar Pradesh,Sitapur,State recommendation mapped to IMD districts
37,Soybean,NRC 138,Uttar Pradesh,Uttar Pradesh,Sonbhadra,State recommendation mapped to IMD districts
37,Soybean,NRC 138,Uttar Pradesh,Uttar Pradesh,Sultanpur,State recommendation mapped to IMD districts
37,Soybean,NRC 138,Uttar Pradesh,Uttar Pradesh,Unnao,State recommendation mapped to IMD districts
37,Soybean,NRC 138,Uttar Pradesh,Uttar Pradesh,Varanasi,State recommendation mapped to IMD districts
37,Soybean,NRC 138,Rajasthan,Rajasthan,Ajmer,State recommendation mapped to IMD districts
37,Soybean,NRC 138,Rajasthan,Rajasthan,Alwar,State recommendation mapped to IMD districts
37,Soybean,NRC 138,Rajasthan,Rajasthan,Banswara,State recommendation mapped to IMD districts
37,Soybean,NRC 138,Rajasthan,Rajasthan,Baran,State recommendation mapped to IMD districts
37,Soybean,NRC 138,Rajasthan,Rajasthan,Barmer,State recommendation mapped to IMD districts
37,Soybean,NRC 138,Rajasthan,Rajasthan,Bharatpur,State recommendation mapped to IMD districts
37,Soybean,NRC 138,Rajasthan,Rajasthan,Bhilwara,State recommendation mapped to IMD districts
37,Soybean,NRC 138,Rajasthan,Rajasthan,Bikaner,State recommendation mapped to IMD districts
37,Soybean,NRC 138,Rajasthan,Rajasthan,Bundi,State recommendation mapped to IMD districts
37,Soybean,NRC 138,Rajasthan,Rajasthan,Chittaurgarh,State recommendation mapped to IMD districts
37,Soybean,NRC 138,Rajasthan,Rajasthan,Churu,State recommendation mapped to IMD districts
37,Soybean,NRC 138,Rajasthan,Rajasthan,Dausa,State recommendation mapped to IMD districts
37,Soybean,NRC 138,Rajasthan,Rajasthan,Dholpur,State recommendation mapped to IMD districts
37,Soybean,NRC 138,Rajasthan,Rajasthan,Dungarpur,State recommendation mapped to IMD districts
37,Soybean,NRC 138,Rajasthan,Rajasthan,Ganganagar,State recommendation mapped to IMD districts
37,Soybean,NRC 138,Rajasthan,Rajasthan,Hanumangarh,State recommendation mapped to IMD districts
37,Soybean,NRC 138,Rajasthan,Rajasthan,Jaipur,State recommendation mapped to IMD districts
37,Soybean,NRC 138,Rajasthan,Rajasthan,Jaiselmer,State recommendation mapped to IMD districts
37,Soybean,NRC 138,Rajasthan,Rajasthan,Jalor,State recommendation mapped to IMD districts
37,Soybean,NRC 138,Rajasthan,Rajasthan,Jhalawar,State recommendation mapped to IMD districts
37,Soybean,NRC 138,Rajasthan,Rajasthan,Jhunjhunun,State recommendation mapped to IMD districts
37,Soybean,NRC 138,Rajasthan,Rajasthan,Jodhpur,State recommendation mapped to IMD districts
37,Soybean,NRC 138,Rajasthan,Rajasthan,Karauli,State recommendation mapped to IMD districts
37,Soybean,NRC 138,Rajasthan,Rajasthan,Kota,State recommendation mapped to IMD districts
37,Soybean,NRC 138,Rajasthan,Rajasthan,Nagaur,State recommendation mapped to IMD districts
37,Soybean,NRC 138,Rajasthan,Rajasthan,Pali,State recommendation mapped to IMD districts
37,Soybean,NRC 138,Rajasthan,Rajasthan,Prataapgarh,State recommendation mapped to IMD districts
37,Soybean,NRC 138,Rajasthan,Rajasthan,Rajsmand,State recommendation mapped to IMD districts
37,Soybean,NRC 138,Rajasthan,Rajasthan,Sikar,State recommendation mapped to IMD districts
37,Soybean,NRC 138,Rajasthan,Rajasthan,Sirohi,State recommendation mapped to IMD districts
37,Soybean,NRC 138,Rajasthan,Rajasthan,Swaimadhopur,State recommendation mapped to IMD districts
37,Soybean,NRC 138,Rajasthan,Rajasthan,Tonk,State recommendation mapped to IMD districts
37,Soybean,NRC 138,Rajasthan,Rajasthan,Udaipur,State recommendation mapped to IMD districts
37,Soybean,NRC 138,Gujarat,Gujarat,Ahmadabad,State recommendation mapped to IMD districts
37,Soybean,NRC 138,Gujarat,Gujarat,Amreli,State recommendation mapped to IMD districts
37,Soybean,NRC 138,Gujarat,Gujarat,Anand,State recommendation mapped to IMD districts
37,Soybean,NRC 138,Gujarat,Gujarat,Aravalli,State recommendation mapped to IMD districts
37,Soybean,NRC 138,Gujarat,Gujarat,Banaskantha,State recommendation mapped to IMD districts
37,Soybean,NRC 138,Gujarat,Gujarat,Bharuch,State recommendation mapped to IMD districts
37,Soybean,NRC 138,Gujarat,Gujarat,Bhavnagar,State recommendation mapped to IMD districts
37,Soybean,NRC 138,Gujarat,Gujarat,Botad,State recommendation mapped to IMD districts
37,Soybean,NRC 138,Gujarat,Gujarat,Chhota Udepur,State recommendation mapped to IMD districts
37,Soybean,NRC 138,Gujarat,Gujarat,Dahod,State recommendation mapped to IMD districts
37,Soybean,NRC 138,Gujarat,Gujarat,Dangs,State recommendation mapped to IMD districts
37,Soybean,NRC 138,Gujarat,Gujarat,Devbhoomi Dwarka,State recommendation mapped to IMD districts
37,Soybean,NRC 138,Gujarat,Gujarat,Gandhinagar,State recommendation mapped to IMD districts
37,Soybean,NRC 138,Gujarat,Gujarat,Gir Somnath,State recommendation mapped to IMD districts
37,Soybean,NRC 138,Gujarat,Gujarat,Jamnagar,State recommendation mapped to IMD districts
37,Soybean,NRC 138,Gujarat,Gujarat,Junagarh,State recommendation mapped to IMD districts
37,Soybean,NRC 138,Gujarat,Gujarat,Kachchh,State recommendation mapped to IMD districts
37,Soybean,NRC 138,Gujarat,Gujarat,Khera,State recommendation mapped to IMD districts
37,Soybean,NRC 138,Gujarat,Gujarat,Mahesana,State recommendation mapped to IMD districts
37,Soybean,NRC 138,Gujarat,Gujarat,Mahisagar,State recommendation mapped to IMD districts
37,Soybean,NRC 138,Gujarat,Gujarat,Morbi,State recommendation mapped to IMD districts
37,Soybean,NRC 138,Gujarat,Gujarat,Narmada,State recommendation mapped to IMD districts
37,Soybean,NRC 138,Gujarat,Gujarat,Navsari,State recommendation mapped to IMD districts
37,Soybean,NRC 138,Gujarat,Gujarat,Panchmahal,State recommendation mapped to IMD districts
37,Soybean,NRC 138,Gujarat,Gujarat,Patan,State recommendation mapped to IMD districts
37,Soybean,NRC 138,Gujarat,Gujarat,Porbandar,State recommendation mapped to IMD districts
37,Soybean,NRC 138,Gujarat,Gujarat,Rajkot,State recommendation mapped to IMD districts
37,Soybean,NRC 138,Gujarat,Gujarat,Sabar Kantha,State recommendation mapped to IMD districts
37,Soybean,NRC 138,Gujarat,Gujarat,Surat,State recommendation mapped to IMD districts
37,Soybean,NRC 138,Gujarat,Gujarat,Surendranagar,State recommendation mapped to IMD districts
37,Soybean,NRC 138,Gujarat,Gujarat,Tapi,State recommendation mapped to IMD districts
37,Soybean,NRC 138,Gujarat,Gujarat,Vadodara,State recommendation mapped to IMD districts
37,Soybean,NRC 138,Gujarat,Gujarat,Valsad,State recommendation mapped to IMD districts
37,Soybean,NRC 138,Maharashtra,Maharashtra,Ahmadnagar,State recommendation mapped to IMD districts
37,Soybean,NRC 138,Maharashtra,Maharashtra,Akola,State recommendation mapped to IMD districts
37,Soybean,NRC 138,Maharashtra,Maharashtra,Amaravati,State recommendation mapped to IMD districts
37,Soybean,NRC 138,Maharashtra,Maharashtra,Bhandara,State recommendation mapped to IMD districts
37,Soybean,NRC 138,Maharashtra,Maharashtra,Bid,State recommendation mapped to IMD districts
37,Soybean,NRC 138,Maharashtra,Maharashtra,Buldhana,State recommendation mapped to IMD districts
37,Soybean,NRC 138,Maharashtra,Maharashtra,Chandrapur,State recommendation mapped to IMD districts
37,Soybean,NRC 138,Maharashtra,Maharashtra,Chhatrapati Sambhajinagar,State recommendation mapped to IMD districts
37,Soybean,NRC 138,Maharashtra,Maharashtra,Dharashiv,State recommendation mapped to IMD districts
37,Soybean,NRC 138,Maharashtra,Maharashtra,Dhule,State recommendation mapped to IMD districts
37,Soybean,NRC 138,Maharashtra,Maharashtra,Gadchiroli,State recommendation mapped to IMD districts
37,Soybean,NRC 138,Maharashtra,Maharashtra,Gondiya,State recommendation mapped to IMD districts
37,Soybean,NRC 138,Maharashtra,Maharashtra,Hingoli,State recommendation mapped to IMD districts
37,Soybean,NRC 138,Maharashtra,Maharashtra,Jalgaon,State recommendation mapped to IMD districts
37,Soybean,NRC 138,Maharashtra,Maharashtra,Jalna,State recommendation mapped to IMD districts
37,Soybean,NRC 138,Maharashtra,Maharashtra,Kolhapur,State recommendation mapped to IMD districts
37,Soybean,NRC 138,Maharashtra,Maharashtra,Latur,State recommendation mapped to IMD districts
37,Soybean,NRC 138,Maharashtra,Maharashtra,Mumbai City,State recommendation mapped to IMD districts
37,Soybean,NRC 138,Maharashtra,Maharashtra,Nagpur,State recommendation mapped to IMD districts
37,Soybean,NRC 138,Maharashtra,Maharashtra,Nanded,State recommendation mapped to IMD districts
37,Soybean,NRC 138,Maharashtra,Maharashtra,Nandurbar,State recommendation mapped to IMD districts
37,Soybean,NRC 138,Maharashtra,Maharashtra,Nasik,State recommendation mapped to IMD districts
37,Soybean,NRC 138,Maharashtra,Maharashtra,Palghar,State recommendation mapped to IMD districts
37,Soybean,NRC 138,Maharashtra,Maharashtra,Parbhani,State recommendation mapped to IMD districts
37,Soybean,NRC 138,Maharashtra,Maharashtra,Pune,State recommendation mapped to IMD districts
37,Soybean,NRC 138,Maharashtra,Maharashtra,Raigad,State recommendation mapped to IMD districts
37,Soybean,NRC 138,Maharashtra,Maharashtra,Ratnagiri,State recommendation mapped to IMD districts
37,Soybean,NRC 138,Maharashtra,Maharashtra,Sangli,State recommendation mapped to IMD districts
37,Soybean,NRC 138,Maharashtra,Maharashtra,Satara,State recommendation mapped to IMD districts
37,Soybean,NRC 138,Maharashtra,Maharashtra,Sindhudurg,State recommendation mapped to IMD districts
37,Soybean,NRC 138,Maharashtra,Maharashtra,Solapur,State recommendation mapped to IMD districts
37,Soybean,NRC 138,Maharashtra,Maharashtra,Suburban Mumbai,State recommendation mapped to IMD districts
37,Soybean,NRC 138,Maharashtra,Maharashtra,Thane,State recommendation mapped to IMD districts
37,Soybean,NRC 138,Maharashtra,Maharashtra,Wardha,State recommendation mapped to IMD districts
37,Soybean,NRC 138,Maharashtra,Maharashtra,Washim,State recommendation mapped to IMD districts
37,Soybean,NRC 138,Maharashtra,Maharashtra,Yavatmal,State recommendation mapped to IMD districts
38,Groundnut,Girnar 4,Rajasthan,Rajasthan,Ajmer,State recommendation mapped to IMD districts
38,Groundnut,Girnar 4,Rajasthan,Rajasthan,Alwar,State recommendation mapped to IMD districts
38,Groundnut,Girnar 4,Rajasthan,Rajasthan,Banswara,State recommendation mapped to IMD districts
38,Groundnut,Girnar 4,Rajasthan,Rajasthan,Baran,State recommendation mapped to IMD districts
38,Groundnut,Girnar 4,Rajasthan,Rajasthan,Barmer,State recommendation mapped to IMD districts
38,Groundnut,Girnar 4,Rajasthan,Rajasthan,Bharatpur,State recommendation mapped to IMD districts
38,Groundnut,Girnar 4,Rajasthan,Rajasthan,Bhilwara,State recommendation mapped to IMD districts
38,Groundnut,Girnar 4,Rajasthan,Rajasthan,Bikaner,State recommendation mapped to IMD districts
38,Groundnut,Girnar 4,Rajasthan,Rajasthan,Bundi,State recommendation mapped to IMD districts
38,Groundnut,Girnar 4,Rajasthan,Rajasthan,Chittaurgarh,State recommendation mapped to IMD districts
38,Groundnut,Girnar 4,Rajasthan,Rajasthan,Churu,State recommendation mapped to IMD districts
38,Groundnut,Girnar 4,Rajasthan,Rajasthan,Dausa,State recommendation mapped to IMD districts
38,Groundnut,Girnar 4,Rajasthan,Rajasthan,Dholpur,State recommendation mapped to IMD districts
38,Groundnut,Girnar 4,Rajasthan,Rajasthan,Dungarpur,State recommendation mapped to IMD districts
38,Groundnut,Girnar 4,Rajasthan,Rajasthan,Ganganagar,State recommendation mapped to IMD districts
38,Groundnut,Girnar 4,Rajasthan,Rajasthan,Hanumangarh,State recommendation mapped to IMD districts
38,Groundnut,Girnar 4,Rajasthan,Rajasthan,Jaipur,State recommendation mapped to IMD districts
38,Groundnut,Girnar 4,Rajasthan,Rajasthan,Jaiselmer,State recommendation mapped to IMD districts
38,Groundnut,Girnar 4,Rajasthan,Rajasthan,Jalor,State recommendation mapped to IMD districts
38,Groundnut,Girnar 4,Rajasthan,Rajasthan,Jhalawar,State recommendation mapped to IMD districts
38,Groundnut,Girnar 4,Rajasthan,Rajasthan,Jhunjhunun,State recommendation mapped to IMD districts
38,Groundnut,Girnar 4,Rajasthan,Rajasthan,Jodhpur,State recommendation mapped to IMD districts
38,Groundnut,Girnar 4,Rajasthan,Rajasthan,Karauli,State recommendation mapped to IMD districts
38,Groundnut,Girnar 4,Rajasthan,Rajasthan,Kota,State recommendation mapped to IMD districts
38,Groundnut,Girnar 4,Rajasthan,Rajasthan,Nagaur,State recommendation mapped to IMD districts
38,Groundnut,Girnar 4,Rajasthan,Rajasthan,Pali,State recommendation mapped to IMD districts
38,Groundnut,Girnar 4,Rajasthan,Rajasthan,Prataapgarh,State recommendation mapped to IMD districts
38,Groundnut,Girnar 4,Rajasthan,Rajasthan,Rajsmand,State recommendation mapped to IMD districts
38,Groundnut,Girnar 4,Rajasthan,Rajasthan,Sikar,State recommendation mapped to IMD districts
38,Groundnut,Girnar 4,Rajasthan,Rajasthan,Sirohi,State recommendation mapped to IMD districts
38,Groundnut,Girnar 4,Rajasthan,Rajasthan,Swaimadhopur,State recommendation mapped to IMD districts
38,Groundnut,Girnar 4,Rajasthan,Rajasthan,Tonk,State recommendation mapped to IMD districts
38,Groundnut,Girnar 4,Rajasthan,Rajasthan,Udaipur,State recommendation mapped to IMD districts
38,Groundnut,Girnar 4,Karnataka,Karnataka,Bagalkot,State recommendation mapped to IMD districts
38,Groundnut,Girnar 4,Karnataka,Karnataka,Bangalore Rural,State recommendation mapped to IMD districts
38,Groundnut,Girnar 4,Karnataka,Karnataka,Banglore Urban,State recommendation mapped to IMD districts
38,Groundnut,Girnar 4,Karnataka,Karnataka,Belgaum,State recommendation mapped to IMD districts
38,Groundnut,Girnar 4,Karnataka,Karnataka,Bellary,State recommendation mapped to IMD districts
38,Groundnut,Girnar 4,Karnataka,Karnataka,Bidar,State recommendation mapped to IMD districts
38,Groundnut,Girnar 4,Karnataka,Karnataka,Bijaapur,State recommendation mapped to IMD districts
38,Groundnut,Girnar 4,Karnataka,Karnataka,Chamarajanagar,State recommendation mapped to IMD districts
38,Groundnut,Girnar 4,Karnataka,Karnataka,Chikballapur,State recommendation mapped to IMD districts
38,Groundnut,Girnar 4,Karnataka,Karnataka,Chikmagalur,State recommendation mapped to IMD districts
38,Groundnut,Girnar 4,Karnataka,Karnataka,Chitradurga,State recommendation mapped to IMD districts
38,Groundnut,Girnar 4,Karnataka,Karnataka,Dakshin Kannada,State recommendation mapped to IMD districts
38,Groundnut,Girnar 4,Karnataka,Karnataka,Davangere,State recommendation mapped to IMD districts
38,Groundnut,Girnar 4,Karnataka,Karnataka,Dharwad,State recommendation mapped to IMD districts
38,Groundnut,Girnar 4,Karnataka,Karnataka,Gadag,State recommendation mapped to IMD districts
38,Groundnut,Girnar 4,Karnataka,Karnataka,Gulbarga,State recommendation mapped to IMD districts
38,Groundnut,Girnar 4,Karnataka,Karnataka,Hassan,State recommendation mapped to IMD districts
38,Groundnut,Girnar 4,Karnataka,Karnataka,Haveri,State recommendation mapped to IMD districts
38,Groundnut,Girnar 4,Karnataka,Karnataka,Kodagu,State recommendation mapped to IMD districts
38,Groundnut,Girnar 4,Karnataka,Karnataka,Kolar,State recommendation mapped to IMD districts
38,Groundnut,Girnar 4,Karnataka,Karnataka,Koppal,State recommendation mapped to IMD districts
38,Groundnut,Girnar 4,Karnataka,Karnataka,Mandhya,State recommendation mapped to IMD districts
38,Groundnut,Girnar 4,Karnataka,Karnataka,Mysore,State recommendation mapped to IMD districts
38,Groundnut,Girnar 4,Karnataka,Karnataka,Raichur,State recommendation mapped to IMD districts
38,Groundnut,Girnar 4,Karnataka,Karnataka,Ramnagar,State recommendation mapped to IMD districts
38,Groundnut,Girnar 4,Karnataka,Karnataka,Shimoga,State recommendation mapped to IMD districts
38,Groundnut,Girnar 4,Karnataka,Karnataka,Tumkur,State recommendation mapped to IMD districts
38,Groundnut,Girnar 4,Karnataka,Karnataka,Udupi,State recommendation mapped to IMD districts
38,Groundnut,Girnar 4,Karnataka,Karnataka,Uttar Kannada,State recommendation mapped to IMD districts
38,Groundnut,Girnar 4,Karnataka,Karnataka,Vijayanagara,State recommendation mapped to IMD districts
38,Groundnut,Girnar 4,Karnataka,Karnataka,Yadgir,State recommendation mapped to IMD districts
38,Groundnut,Girnar 4,Gujarat,Gujarat,Ahmadabad,State recommendation mapped to IMD districts
38,Groundnut,Girnar 4,Gujarat,Gujarat,Amreli,State recommendation mapped to IMD districts
38,Groundnut,Girnar 4,Gujarat,Gujarat,Anand,State recommendation mapped to IMD districts
38,Groundnut,Girnar 4,Gujarat,Gujarat,Aravalli,State recommendation mapped to IMD districts
38,Groundnut,Girnar 4,Gujarat,Gujarat,Banaskantha,State recommendation mapped to IMD districts
38,Groundnut,Girnar 4,Gujarat,Gujarat,Bharuch,State recommendation mapped to IMD districts
38,Groundnut,Girnar 4,Gujarat,Gujarat,Bhavnagar,State recommendation mapped to IMD districts
38,Groundnut,Girnar 4,Gujarat,Gujarat,Botad,State recommendation mapped to IMD districts
38,Groundnut,Girnar 4,Gujarat,Gujarat,Chhota Udepur,State recommendation mapped to IMD districts
38,Groundnut,Girnar 4,Gujarat,Gujarat,Dahod,State recommendation mapped to IMD districts
38,Groundnut,Girnar 4,Gujarat,Gujarat,Dangs,State recommendation mapped to IMD districts
38,Groundnut,Girnar 4,Gujarat,Gujarat,Devbhoomi Dwarka,State recommendation mapped to IMD districts
38,Groundnut,Girnar 4,Gujarat,Gujarat,Gandhinagar,State recommendation mapped to IMD districts
38,Groundnut,Girnar 4,Gujarat,Gujarat,Gir Somnath,State recommendation mapped to IMD districts
38,Groundnut,Girnar 4,Gujarat,Gujarat,Jamnagar,State recommendation mapped to IMD districts
38,Groundnut,Girnar 4,Gujarat,Gujarat,Junagarh,State recommendation mapped to IMD districts
38,Groundnut,Girnar 4,Gujarat,Gujarat,Kachchh,State recommendation mapped to IMD districts
38,Groundnut,Girnar 4,Gujarat,Gujarat,Khera,State recommendation mapped to IMD districts
38,Groundnut,Girnar 4,Gujarat,Gujarat,Mahesana,State recommendation mapped to IMD districts
38,Groundnut,Girnar 4,Gujarat,Gujarat,Mahisagar,State recommendation mapped to IMD districts
38,Groundnut,Girnar 4,Gujarat,Gujarat,Morbi,State recommendation mapped to IMD districts
38,Groundnut,Girnar 4,Gujarat,Gujarat,Narmada,State recommendation mapped to IMD districts
38,Groundnut,Girnar 4,Gujarat,Gujarat,Navsari,State recommendation mapped to IMD districts
38,Groundnut,Girnar 4,Gujarat,Gujarat,Panchmahal,State recommendation mapped to IMD districts
38,Groundnut,Girnar 4,Gujarat,Gujarat,Patan,State recommendation mapped to IMD districts
38,Groundnut,Girnar 4,Gujarat,Gujarat,Porbandar,State recommendation mapped to IMD districts
38,Groundnut,Girnar 4,Gujarat,Gujarat,Rajkot,State recommendation mapped to IMD districts
38,Groundnut,Girnar 4,Gujarat,Gujarat,Sabar Kantha,State recommendation mapped to IMD districts
38,Groundnut,Girnar 4,Gujarat,Gujarat,Surat,State recommendation mapped to IMD districts
38,Groundnut,Girnar 4,Gujarat,Gujarat,Surendranagar,State recommendation mapped to IMD districts
38,Groundnut,Girnar 4,Gujarat,Gujarat,Tapi,State recommendation mapped to IMD districts
38,Groundnut,Girnar 4,Gujarat,Gujarat,Vadodara,State recommendation mapped to IMD districts
38,Groundnut,Girnar 4,Gujarat,Gujarat,Valsad,State recommendation mapped to IMD districts
38,Groundnut,Girnar 4,Tamil Nadu,Tamil Nadu,Ariyalur,State recommendation mapped to IMD districts
38,Groundnut,Girnar 4,Tamil Nadu,Tamil Nadu,Chengalpattu,State recommendation mapped to IMD districts
38,Groundnut,Girnar 4,Tamil Nadu,Tamil Nadu,Chennai,State recommendation mapped to IMD districts
38,Groundnut,Girnar 4,Tamil Nadu,Tamil Nadu,Coimbatore,State recommendation mapped to IMD districts
38,Groundnut,Girnar 4,Tamil Nadu,Tamil Nadu,Cuddalore,State recommendation mapped to IMD districts
38,Groundnut,Girnar 4,Tamil Nadu,Tamil Nadu,Dharampuri,State recommendation mapped to IMD districts
38,Groundnut,Girnar 4,Tamil Nadu,Tamil Nadu,Dindigul,State recommendation mapped to IMD districts
38,Groundnut,Girnar 4,Tamil Nadu,Tamil Nadu,Erode,State recommendation mapped to IMD districts
38,Groundnut,Girnar 4,Tamil Nadu,Tamil Nadu,Kallakurichi,State recommendation mapped to IMD districts
38,Groundnut,Girnar 4,Tamil Nadu,Tamil Nadu,Kanchipuram,State recommendation mapped to IMD districts
38,Groundnut,Girnar 4,Tamil Nadu,Tamil Nadu,Kanyakumari,State recommendation mapped to IMD districts
38,Groundnut,Girnar 4,Tamil Nadu,Tamil Nadu,Karur,State recommendation mapped to IMD districts
38,Groundnut,Girnar 4,Tamil Nadu,Tamil Nadu,Krishnagiri,State recommendation mapped to IMD districts
38,Groundnut,Girnar 4,Tamil Nadu,Tamil Nadu,Madurai,State recommendation mapped to IMD districts
38,Groundnut,Girnar 4,Tamil Nadu,Tamil Nadu,Nagapattinam,State recommendation mapped to IMD districts
38,Groundnut,Girnar 4,Tamil Nadu,Tamil Nadu,Namakkal,State recommendation mapped to IMD districts
38,Groundnut,Girnar 4,Tamil Nadu,Tamil Nadu,Nilgiri,State recommendation mapped to IMD districts
38,Groundnut,Girnar 4,Tamil Nadu,Tamil Nadu,Perambalur,State recommendation mapped to IMD districts
38,Groundnut,Girnar 4,Tamil Nadu,Tamil Nadu,Pudukkottai,State recommendation mapped to IMD districts
38,Groundnut,Girnar 4,Tamil Nadu,Tamil Nadu,Ramanathapuram,State recommendation mapped to IMD districts
38,Groundnut,Girnar 4,Tamil Nadu,Tamil Nadu,Ranipet,State recommendation mapped to IMD districts
38,Groundnut,Girnar 4,Tamil Nadu,Tamil Nadu,Salem,State recommendation mapped to IMD districts
38,Groundnut,Girnar 4,Tamil Nadu,Tamil Nadu,Sivaganga,State recommendation mapped to IMD districts
38,Groundnut,Girnar 4,Tamil Nadu,Tamil Nadu,Teni,State recommendation mapped to IMD districts
38,Groundnut,Girnar 4,Tamil Nadu,Tamil Nadu,Tenkasi,State recommendation mapped to IMD districts
38,Groundnut,Girnar 4,Tamil Nadu,Tamil Nadu,Thanjavur,State recommendation mapped to IMD districts
38,Groundnut,Girnar 4,Tamil Nadu,Tamil Nadu,Thiruvarur,State recommendation mapped to IMD districts
38,Groundnut,Girnar 4,Tamil Nadu,Tamil Nadu,Tiruchirappalli,State recommendation mapped to IMD districts
38,Groundnut,Girnar 4,Tamil Nadu,Tamil Nadu,Tirunelveli,State recommendation mapped to IMD districts
38,Groundnut,Girnar 4,Tamil Nadu,Tamil Nadu,Tirupattur,State recommendation mapped to IMD districts
38,Groundnut,Girnar 4,Tamil Nadu,Tamil Nadu,Tiruppur,State recommendation mapped to IMD districts
38,Groundnut,Girnar 4,Tamil Nadu,Tamil Nadu,Tiruvallur,State recommendation mapped to IMD districts
38,Groundnut,Girnar 4,Tamil Nadu,Tamil Nadu,Tiruvannamalai,State recommendation mapped to IMD districts
38,Groundnut,Girnar 4,Tamil Nadu,Tamil Nadu,Tuticorin,State recommendation mapped to IMD districts
38,Groundnut,Girnar 4,Tamil Nadu,Tamil Nadu,Vellore,State recommendation mapped to IMD districts
38,Groundnut,Girnar 4,Tamil Nadu,Tamil Nadu,Villupuram,State recommendation mapped to IMD districts
38,Groundnut,Girnar 4,Tamil Nadu,Tamil Nadu,Virudhunagar,State recommendation mapped to IMD districts
38,Groundnut,Girnar 4,Andhra Pradesh,Andhra Pradesh,Anakapalli,State recommendation mapped to IMD districts
38,Groundnut,Girnar 4,Andhra Pradesh,Andhra Pradesh,Anantapuramu,State recommendation mapped to IMD districts
38,Groundnut,Girnar 4,Andhra Pradesh,Andhra Pradesh,Annamayya District,State recommendation mapped to IMD districts
38,Groundnut,Girnar 4,Andhra Pradesh,Andhra Pradesh,Bapatla,State recommendation mapped to IMD districts
38,Groundnut,Girnar 4,Andhra Pradesh,Andhra Pradesh,Chittoor,State recommendation mapped to IMD districts
38,Groundnut,Girnar 4,Andhra Pradesh,Andhra Pradesh,Dr B R Ambedkar Konaseema,State recommendation mapped to IMD districts
38,Groundnut,Girnar 4,Andhra Pradesh,Andhra Pradesh,East Godavari,State recommendation mapped to IMD districts
38,Groundnut,Girnar 4,Andhra Pradesh,Andhra Pradesh,Eluru,State recommendation mapped to IMD districts
38,Groundnut,Girnar 4,Andhra Pradesh,Andhra Pradesh,Guntur,State recommendation mapped to IMD districts
38,Groundnut,Girnar 4,Andhra Pradesh,Andhra Pradesh,Kakinada,State recommendation mapped to IMD districts
38,Groundnut,Girnar 4,Andhra Pradesh,Andhra Pradesh,Krishna,State recommendation mapped to IMD districts
38,Groundnut,Girnar 4,Andhra Pradesh,Andhra Pradesh,Kurnool,State recommendation mapped to IMD districts
38,Groundnut,Girnar 4,Andhra Pradesh,Andhra Pradesh,Nandyal,State recommendation mapped to IMD districts
38,Groundnut,Girnar 4,Andhra Pradesh,Andhra Pradesh,Ntr District,State recommendation mapped to IMD districts
38,Groundnut,Girnar 4,Andhra Pradesh,Andhra Pradesh,Palnadu,State recommendation mapped to IMD districts
38,Groundnut,Girnar 4,Andhra Pradesh,Andhra Pradesh,Parvathipuram Manyam,State recommendation mapped to IMD districts
38,Groundnut,Girnar 4,Andhra Pradesh,Andhra Pradesh,Prakasam,State recommendation mapped to IMD districts
38,Groundnut,Girnar 4,Andhra Pradesh,Andhra Pradesh,Spsr Nellore,State recommendation mapped to IMD districts
38,Groundnut,Girnar 4,Andhra Pradesh,Andhra Pradesh,Sri Alluri Sitharamaraju District,State recommendation mapped to IMD districts
38,Groundnut,Girnar 4,Andhra Pradesh,Andhra Pradesh,Srikakulam,State recommendation mapped to IMD districts
38,Groundnut,Girnar 4,Andhra Pradesh,Andhra Pradesh,Sri Sathyasai District,State recommendation mapped to IMD districts
38,Groundnut,Girnar 4,Andhra Pradesh,Andhra Pradesh,Tirupati,State recommendation mapped to IMD districts
38,Groundnut,Girnar 4,Andhra Pradesh,Andhra Pradesh,Vishakhapatnam,State recommendation mapped to IMD districts
38,Groundnut,Girnar 4,Andhra Pradesh,Andhra Pradesh,Vizianagaram,State recommendation mapped to IMD districts
38,Groundnut,Girnar 4,Andhra Pradesh,Andhra Pradesh,West Godavari,State recommendation mapped to IMD districts
38,Groundnut,Girnar 4,Andhra Pradesh,Andhra Pradesh,Ysr District,State recommendation mapped to IMD districts
39,Groundnut,Girnar 5,Rajasthan,Rajasthan,Ajmer,State recommendation mapped to IMD districts
39,Groundnut,Girnar 5,Rajasthan,Rajasthan,Alwar,State recommendation mapped to IMD districts
39,Groundnut,Girnar 5,Rajasthan,Rajasthan,Banswara,State recommendation mapped to IMD districts
39,Groundnut,Girnar 5,Rajasthan,Rajasthan,Baran,State recommendation mapped to IMD districts
39,Groundnut,Girnar 5,Rajasthan,Rajasthan,Barmer,State recommendation mapped to IMD districts
39,Groundnut,Girnar 5,Rajasthan,Rajasthan,Bharatpur,State recommendation mapped to IMD districts
39,Groundnut,Girnar 5,Rajasthan,Rajasthan,Bhilwara,State recommendation mapped to IMD districts
39,Groundnut,Girnar 5,Rajasthan,Rajasthan,Bikaner,State recommendation mapped to IMD districts
39,Groundnut,Girnar 5,Rajasthan,Rajasthan,Bundi,State recommendation mapped to IMD districts
39,Groundnut,Girnar 5,Rajasthan,Rajasthan,Chittaurgarh,State recommendation mapped to IMD districts
39,Groundnut,Girnar 5,Rajasthan,Rajasthan,Churu,State recommendation mapped to IMD districts
39,Groundnut,Girnar 5,Rajasthan,Rajasthan,Dausa,State recommendation mapped to IMD districts
39,Groundnut,Girnar 5,Rajasthan,Rajasthan,Dholpur,State recommendation mapped to IMD districts
39,Groundnut,Girnar 5,Rajasthan,Rajasthan,Dungarpur,State recommendation mapped to IMD districts
39,Groundnut,Girnar 5,Rajasthan,Rajasthan,Ganganagar,State recommendation mapped to IMD districts
39,Groundnut,Girnar 5,Rajasthan,Rajasthan,Hanumangarh,State recommendation mapped to IMD districts
39,Groundnut,Girnar 5,Rajasthan,Rajasthan,Jaipur,State recommendation mapped to IMD districts
39,Groundnut,Girnar 5,Rajasthan,Rajasthan,Jaiselmer,State recommendation mapped to IMD districts
39,Groundnut,Girnar 5,Rajasthan,Rajasthan,Jalor,State recommendation mapped to IMD districts
39,Groundnut,Girnar 5,Rajasthan,Rajasthan,Jhalawar,State recommendation mapped to IMD districts
39,Groundnut,Girnar 5,Rajasthan,Rajasthan,Jhunjhunun,State recommendation mapped to IMD districts
39,Groundnut,Girnar 5,Rajasthan,Rajasthan,Jodhpur,State recommendation mapped to IMD districts
39,Groundnut,Girnar 5,Rajasthan,Rajasthan,Karauli,State recommendation mapped to IMD districts
39,Groundnut,Girnar 5,Rajasthan,Rajasthan,Kota,State recommendation mapped to IMD districts
39,Groundnut,Girnar 5,Rajasthan,Rajasthan,Nagaur,State recommendation mapped to IMD districts
39,Groundnut,Girnar 5,Rajasthan,Rajasthan,Pali,State recommendation mapped to IMD districts
39,Groundnut,Girnar 5,Rajasthan,Rajasthan,Prataapgarh,State recommendation mapped to IMD districts
39,Groundnut,Girnar 5,Rajasthan,Rajasthan,Rajsmand,State recommendation mapped to IMD districts
39,Groundnut,Girnar 5,Rajasthan,Rajasthan,Sikar,State recommendation mapped to IMD districts
39,Groundnut,Girnar 5,Rajasthan,Rajasthan,Sirohi,State recommendation mapped to IMD districts
39,Groundnut,Girnar 5,Rajasthan,Rajasthan,Swaimadhopur,State recommendation mapped to IMD districts
39,Groundnut,Girnar 5,Rajasthan,Rajasthan,Tonk,State recommendation mapped to IMD districts
39,Groundnut,Girnar 5,Rajasthan,Rajasthan,Udaipur,State recommendation mapped to IMD districts
39,Groundnut,Girnar 5,Karnataka,Karnataka,Bagalkot,State recommendation mapped to IMD districts
39,Groundnut,Girnar 5,Karnataka,Karnataka,Bangalore Rural,State recommendation mapped to IMD districts
39,Groundnut,Girnar 5,Karnataka,Karnataka,Banglore Urban,State recommendation mapped to IMD districts
39,Groundnut,Girnar 5,Karnataka,Karnataka,Belgaum,State recommendation mapped to IMD districts
39,Groundnut,Girnar 5,Karnataka,Karnataka,Bellary,State recommendation mapped to IMD districts
39,Groundnut,Girnar 5,Karnataka,Karnataka,Bidar,State recommendation mapped to IMD districts
39,Groundnut,Girnar 5,Karnataka,Karnataka,Bijaapur,State recommendation mapped to IMD districts
39,Groundnut,Girnar 5,Karnataka,Karnataka,Chamarajanagar,State recommendation mapped to IMD districts
39,Groundnut,Girnar 5,Karnataka,Karnataka,Chikballapur,State recommendation mapped to IMD districts
39,Groundnut,Girnar 5,Karnataka,Karnataka,Chikmagalur,State recommendation mapped to IMD districts
39,Groundnut,Girnar 5,Karnataka,Karnataka,Chitradurga,State recommendation mapped to IMD districts
39,Groundnut,Girnar 5,Karnataka,Karnataka,Dakshin Kannada,State recommendation mapped to IMD districts
39,Groundnut,Girnar 5,Karnataka,Karnataka,Davangere,State recommendation mapped to IMD districts
39,Groundnut,Girnar 5,Karnataka,Karnataka,Dharwad,State recommendation mapped to IMD districts
39,Groundnut,Girnar 5,Karnataka,Karnataka,Gadag,State recommendation mapped to IMD districts
39,Groundnut,Girnar 5,Karnataka,Karnataka,Gulbarga,State recommendation mapped to IMD districts
39,Groundnut,Girnar 5,Karnataka,Karnataka,Hassan,State recommendation mapped to IMD districts
39,Groundnut,Girnar 5,Karnataka,Karnataka,Haveri,State recommendation mapped to IMD districts
39,Groundnut,Girnar 5,Karnataka,Karnataka,Kodagu,State recommendation mapped to IMD districts
39,Groundnut,Girnar 5,Karnataka,Karnataka,Kolar,State recommendation mapped to IMD districts
39,Groundnut,Girnar 5,Karnataka,Karnataka,Koppal,State recommendation mapped to IMD districts
39,Groundnut,Girnar 5,Karnataka,Karnataka,Mandhya,State recommendation mapped to IMD districts
39,Groundnut,Girnar 5,Karnataka,Karnataka,Mysore,State recommendation mapped to IMD districts
39,Groundnut,Girnar 5,Karnataka,Karnataka,Raichur,State recommendation mapped to IMD districts
39,Groundnut,Girnar 5,Karnataka,Karnataka,Ramnagar,State recommendation mapped to IMD districts
39,Groundnut,Girnar 5,Karnataka,Karnataka,Shimoga,State recommendation mapped to IMD districts
39,Groundnut,Girnar 5,Karnataka,Karnataka,Tumkur,State recommendation mapped to IMD districts
39,Groundnut,Girnar 5,Karnataka,Karnataka,Udupi,State recommendation mapped to IMD districts
39,Groundnut,Girnar 5,Karnataka,Karnataka,Uttar Kannada,State recommendation mapped to IMD districts
39,Groundnut,Girnar 5,Karnataka,Karnataka,Vijayanagara,State recommendation mapped to IMD districts
39,Groundnut,Girnar 5,Karnataka,Karnataka,Yadgir,State recommendation mapped to IMD districts
39,Groundnut,Girnar 5,Gujarat,Gujarat,Ahmadabad,State recommendation mapped to IMD districts
39,Groundnut,Girnar 5,Gujarat,Gujarat,Amreli,State recommendation mapped to IMD districts
39,Groundnut,Girnar 5,Gujarat,Gujarat,Anand,State recommendation mapped to IMD districts
39,Groundnut,Girnar 5,Gujarat,Gujarat,Aravalli,State recommendation mapped to IMD districts
39,Groundnut,Girnar 5,Gujarat,Gujarat,Banaskantha,State recommendation mapped to IMD districts
39,Groundnut,Girnar 5,Gujarat,Gujarat,Bharuch,State recommendation mapped to IMD districts
39,Groundnut,Girnar 5,Gujarat,Gujarat,Bhavnagar,State recommendation mapped to IMD districts
39,Groundnut,Girnar 5,Gujarat,Gujarat,Botad,State recommendation mapped to IMD districts
39,Groundnut,Girnar 5,Gujarat,Gujarat,Chhota Udepur,State recommendation mapped to IMD districts
39,Groundnut,Girnar 5,Gujarat,Gujarat,Dahod,State recommendation mapped to IMD districts
39,Groundnut,Girnar 5,Gujarat,Gujarat,Dangs,State recommendation mapped to IMD districts
39,Groundnut,Girnar 5,Gujarat,Gujarat,Devbhoomi Dwarka,State recommendation mapped to IMD districts
39,Groundnut,Girnar 5,Gujarat,Gujarat,Gandhinagar,State recommendation mapped to IMD districts
39,Groundnut,Girnar 5,Gujarat,Gujarat,Gir Somnath,State recommendation mapped to IMD districts
39,Groundnut,Girnar 5,Gujarat,Gujarat,Jamnagar,State recommendation mapped to IMD districts
39,Groundnut,Girnar 5,Gujarat,Gujarat,Junagarh,State recommendation mapped to IMD districts
39,Groundnut,Girnar 5,Gujarat,Gujarat,Kachchh,State recommendation mapped to IMD districts
39,Groundnut,Girnar 5,Gujarat,Gujarat,Khera,State recommendation mapped to IMD districts
39,Groundnut,Girnar 5,Gujarat,Gujarat,Mahesana,State recommendation mapped to IMD districts
39,Groundnut,Girnar 5,Gujarat,Gujarat,Mahisagar,State recommendation mapped to IMD districts
39,Groundnut,Girnar 5,Gujarat,Gujarat,Morbi,State recommendation mapped to IMD districts
39,Groundnut,Girnar 5,Gujarat,Gujarat,Narmada,State recommendation mapped to IMD districts
39,Groundnut,Girnar 5,Gujarat,Gujarat,Navsari,State recommendation mapped to IMD districts
39,Groundnut,Girnar 5,Gujarat,Gujarat,Panchmahal,State recommendation mapped to IMD districts
39,Groundnut,Girnar 5,Gujarat,Gujarat,Patan,State recommendation mapped to IMD districts
39,Groundnut,Girnar 5,Gujarat,Gujarat,Porbandar,State recommendation mapped to IMD districts
39,Groundnut,Girnar 5,Gujarat,Gujarat,Rajkot,State recommendation mapped to IMD districts
39,Groundnut,Girnar 5,Gujarat,Gujarat,Sabar Kantha,State recommendation mapped to IMD districts
39,Groundnut,Girnar 5,Gujarat,Gujarat,Surat,State recommendation mapped to IMD districts
39,Groundnut,Girnar 5,Gujarat,Gujarat,Surendranagar,State recommendation mapped to IMD districts
39,Groundnut,Girnar 5,Gujarat,Gujarat,Tapi,State recommendation mapped to IMD districts
39,Groundnut,Girnar 5,Gujarat,Gujarat,Vadodara,State recommendation mapped to IMD districts
39,Groundnut,Girnar 5,Gujarat,Gujarat,Valsad,State recommendation mapped to IMD districts
39,Groundnut,Girnar 5,Tamil Nadu,Tamil Nadu,Ariyalur,State recommendation mapped to IMD districts
39,Groundnut,Girnar 5,Tamil Nadu,Tamil Nadu,Chengalpattu,State recommendation mapped to IMD districts
39,Groundnut,Girnar 5,Tamil Nadu,Tamil Nadu,Chennai,State recommendation mapped to IMD districts
39,Groundnut,Girnar 5,Tamil Nadu,Tamil Nadu,Coimbatore,State recommendation mapped to IMD districts
39,Groundnut,Girnar 5,Tamil Nadu,Tamil Nadu,Cuddalore,State recommendation mapped to IMD districts
39,Groundnut,Girnar 5,Tamil Nadu,Tamil Nadu,Dharampuri,State recommendation mapped to IMD districts
39,Groundnut,Girnar 5,Tamil Nadu,Tamil Nadu,Dindigul,State recommendation mapped to IMD districts
39,Groundnut,Girnar 5,Tamil Nadu,Tamil Nadu,Erode,State recommendation mapped to IMD districts
39,Groundnut,Girnar 5,Tamil Nadu,Tamil Nadu,Kallakurichi,State recommendation mapped to IMD districts
39,Groundnut,Girnar 5,Tamil Nadu,Tamil Nadu,Kanchipuram,State recommendation mapped to IMD districts
39,Groundnut,Girnar 5,Tamil Nadu,Tamil Nadu,Kanyakumari,State recommendation mapped to IMD districts
39,Groundnut,Girnar 5,Tamil Nadu,Tamil Nadu,Karur,State recommendation mapped to IMD districts
39,Groundnut,Girnar 5,Tamil Nadu,Tamil Nadu,Krishnagiri,State recommendation mapped to IMD districts
39,Groundnut,Girnar 5,Tamil Nadu,Tamil Nadu,Madurai,State recommendation mapped to IMD districts
39,Groundnut,Girnar 5,Tamil Nadu,Tamil Nadu,Nagapattinam,State recommendation mapped to IMD districts
39,Groundnut,Girnar 5,Tamil Nadu,Tamil Nadu,Namakkal,State recommendation mapped to IMD districts
39,Groundnut,Girnar 5,Tamil Nadu,Tamil Nadu,Nilgiri,State recommendation mapped to IMD districts
39,Groundnut,Girnar 5,Tamil Nadu,Tamil Nadu,Perambalur,State recommendation mapped to IMD districts
39,Groundnut,Girnar 5,Tamil Nadu,Tamil Nadu,Pudukkottai,State recommendation mapped to IMD districts
39,Groundnut,Girnar 5,Tamil Nadu,Tamil Nadu,Ramanathapuram,State recommendation mapped to IMD districts
39,Groundnut,Girnar 5,Tamil Nadu,Tamil Nadu,Ranipet,State recommendation mapped to IMD districts
39,Groundnut,Girnar 5,Tamil Nadu,Tamil Nadu,Salem,State recommendation mapped to IMD districts
39,Groundnut,Girnar 5,Tamil Nadu,Tamil Nadu,Sivaganga,State recommendation mapped to IMD districts
39,Groundnut,Girnar 5,Tamil Nadu,Tamil Nadu,Teni,State recommendation mapped to IMD districts
39,Groundnut,Girnar 5,Tamil Nadu,Tamil Nadu,Tenkasi,State recommendation mapped to IMD districts
39,Groundnut,Girnar 5,Tamil Nadu,Tamil Nadu,Thanjavur,State recommendation mapped to IMD districts
39,Groundnut,Girnar 5,Tamil Nadu,Tamil Nadu,Thiruvarur,State recommendation mapped to IMD districts
39,Groundnut,Girnar 5,Tamil Nadu,Tamil Nadu,Tiruchirappalli,State recommendation mapped to IMD districts
39,Groundnut,Girnar 5,Tamil Nadu,Tamil Nadu,Tirunelveli,State recommendation mapped to IMD districts
39,Groundnut,Girnar 5,Tamil Nadu,Tamil Nadu,Tirupattur,State recommendation mapped to IMD districts
39,Groundnut,Girnar 5,Tamil Nadu,Tamil Nadu,Tiruppur,State recommendation mapped to IMD districts
39,Groundnut,Girnar 5,Tamil Nadu,Tamil Nadu,Tiruvallur,State recommendation mapped to IMD districts
39,Groundnut,Girnar 5,Tamil Nadu,Tamil Nadu,Tiruvannamalai,State recommendation mapped to IMD districts
39,Groundnut,Girnar 5,Tamil Nadu,Tamil Nadu,Tuticorin,State recommendation mapped to IMD districts
39,Groundnut,Girnar 5,Tamil Nadu,Tamil Nadu,Vellore,State recommendation mapped to IMD districts
39,Groundnut,Girnar 5,Tamil Nadu,Tamil Nadu,Villupuram,State recommendation mapped to IMD districts
39,Groundnut,Girnar 5,Tamil Nadu,Tamil Nadu,Virudhunagar,State recommendation mapped to IMD districts
39,Groundnut,Girnar 5,Andhra Pradesh,Andhra Pradesh,Anakapalli,State recommendation mapped to IMD districts
39,Groundnut,Girnar 5,Andhra Pradesh,Andhra Pradesh,Anantapuramu,State recommendation mapped to IMD districts
39,Groundnut,Girnar 5,Andhra Pradesh,Andhra Pradesh,Annamayya District,State recommendation mapped to IMD districts
39,Groundnut,Girnar 5,Andhra Pradesh,Andhra Pradesh,Bapatla,State recommendation mapped to IMD districts
39,Groundnut,Girnar 5,Andhra Pradesh,Andhra Pradesh,Chittoor,State recommendation mapped to IMD districts
39,Groundnut,Girnar 5,Andhra Pradesh,Andhra Pradesh,Dr B R Ambedkar Konaseema,State recommendation mapped to IMD districts
39,Groundnut,Girnar 5,Andhra Pradesh,Andhra Pradesh,East Godavari,State recommendation mapped to IMD districts
39,Groundnut,Girnar 5,Andhra Pradesh,Andhra Pradesh,Eluru,State recommendation mapped to IMD districts
39,Groundnut,Girnar 5,Andhra Pradesh,Andhra Pradesh,Guntur,State recommendation mapped to IMD districts
39,Groundnut,Girnar 5,Andhra Pradesh,Andhra Pradesh,Kakinada,State recommendation mapped to IMD districts
39,Groundnut,Girnar 5,Andhra Pradesh,Andhra Pradesh,Krishna,State recommendation mapped to IMD districts
39,Groundnut,Girnar 5,Andhra Pradesh,Andhra Pradesh,Kurnool,State recommendation mapped to IMD districts
39,Groundnut,Girnar 5,Andhra Pradesh,Andhra Pradesh,Nandyal,State recommendation mapped to IMD districts
39,Groundnut,Girnar 5,Andhra Pradesh,Andhra Pradesh,Ntr District,State recommendation mapped to IMD districts
39,Groundnut,Girnar 5,Andhra Pradesh,Andhra Pradesh,Palnadu,State recommendation mapped to IMD districts
39,Groundnut,Girnar 5,Andhra Pradesh,Andhra Pradesh,Parvathipuram Manyam,State recommendation mapped to IMD districts
39,Groundnut,Girnar 5,Andhra Pradesh,Andhra Pradesh,Prakasam,State recommendation mapped to IMD districts
39,Groundnut,Girnar 5,Andhra Pradesh,Andhra Pradesh,Spsr Nellore,State recommendation mapped to IMD districts
39,Groundnut,Girnar 5,Andhra Pradesh,Andhra Pradesh,Sri Alluri Sitharamaraju District,State recommendation mapped to IMD districts
39,Groundnut,Girnar 5,Andhra Pradesh,Andhra Pradesh,Srikakulam,State recommendation mapped to IMD districts
39,Groundnut,Girnar 5,Andhra Pradesh,Andhra Pradesh,Sri Sathyasai District,State recommendation mapped to IMD districts
39,Groundnut,Girnar 5,Andhra Pradesh,Andhra Pradesh,Tirupati,State recommendation mapped to IMD districts
39,Groundnut,Girnar 5,Andhra Pradesh,Andhra Pradesh,Vishakhapatnam,State recommendation mapped to IMD districts
39,Groundnut,Girnar 5,Andhra Pradesh,Andhra Pradesh,Vizianagaram,State recommendation mapped to IMD districts
39,Groundnut,Girnar 5,Andhra Pradesh,Andhra Pradesh,West Godavari,State recommendation mapped to IMD districts
39,Groundnut,Girnar 5,Andhra Pradesh,Andhra Pradesh,Ysr District,State recommendation mapped to IMD districts
